row_id,timestamp,meter_id,region,customer_type,planned_maintenance,consumption_kwh,prediction,is_validated,fold,error,residual,abs_error,squared_error,hour,dayofweek,is_weekend,consumption_band
R0001080,2026-01-16 00:00:00,M000,north,residential,0,90.42260241050984,89.54144449081797,True,1,-0.8811579196918728,0.8811579196918728,0.8811579196918728,0.776439279435709,0,4,0,Q4
R0001081,2026-01-16 00:00:00,M001,south,commercial,0,56.57153063887243,64.30288298277374,True,1,7.731352343901307,-7.731352343901307,7.731352343901307,59.77380906554823,0,4,0,Q2
R0001082,2026-01-16 00:00:00,M002,east,industrial,0,84.46791883341224,87.1172701415481,True,1,2.649351308135863,-2.649351308135863,2.649351308135863,7.019062353921208,0,4,0,Q3
R0001083,2026-01-16 00:00:00,M003,north,residential,0,88.89148047283179,87.2944414618948,True,1,-1.5970390109369816,1.5970390109369816,1.5970390109369816,2.5505336024545726,0,4,0,Q4
R0001084,2026-01-16 00:00:00,M004,south,commercial,0,31.677947384502005,35.54008386608346,True,1,3.8621364815814516,-3.8621364815814516,3.8621364815814516,14.916098202362354,0,4,0,Q1
R0001085,2026-01-16 00:00:00,M005,east,industrial,0,103.06320320076692,101.0064720208908,True,1,-2.056731179876124,2.056731179876124,2.056731179876124,4.230143146274632,0,4,0,Q5
R0001086,2026-01-16 00:00:00,M006,north,residential,0,84.8980435556737,88.39932417556729,True,1,3.501280619893592,-3.501280619893592,3.501280619893592,12.258965979242456,0,4,0,Q3
R0001087,2026-01-16 00:00:00,M007,south,commercial,0,71.97548089458188,72.12514234449357,True,1,0.14966144991169017,-0.14966144991169017,0.14966144991169017,0.022398549589669345,0,4,0,Q3
R0001088,2026-01-16 00:00:00,M008,east,industrial,0,45.39791839925394,47.65158496986874,True,1,2.2536665706148042,-2.2536665706148042,2.2536665706148042,5.079013011506692,0,4,0,Q1
R0001089,2026-01-16 00:00:00,M009,north,residential,0,76.00939424509303,73.70829709684737,True,1,-2.3010971482456597,2.3010971482456597,2.3010971482456597,5.295048085664307,0,4,0,Q3
R0001090,2026-01-16 00:00:00,M010,south,commercial,0,54.50728044650539,53.57276861345954,True,1,-0.9345118330458533,0.9345118330458533,0.9345118330458533,0.8733123661027208,0,4,0,Q1
R0001091,2026-01-16 00:00:00,M011,east,industrial,0,94.2974271439609,94.45300504166082,True,1,0.1555778976999136,-0.1555778976999136,0.1555778976999136,0.024204482252724778,0,4,0,Q4
R0001092,2026-01-16 00:00:00,M012,north,residential,0,87.99303370469494,86.88645915563582,True,1,-1.1065745490591183,1.1065745490591183,1.1065745490591183,1.2245072326253912,0,4,0,Q4
R0001093,2026-01-16 00:00:00,M013,south,commercial,0,76.99576259074894,80.17843256685019,True,1,3.182669976101252,-3.182669976101252,3.182669976101252,10.129388176776343,0,4,0,Q3
R0001094,2026-01-16 00:00:00,M014,east,industrial,0,66.41260033228312,66.28309196226293,True,1,-0.12950837002019,0.12950837002019,0.12950837002019,0.016772417905286448,0,4,0,Q2
R0001095,2026-01-16 00:00:00,M015,north,residential,0,64.94931539085626,62.355326816524105,True,1,-2.593988574332151,2.593988574332151,2.593988574332151,6.728776723765746,0,4,0,Q2
R0001096,2026-01-16 00:00:00,M016,south,commercial,0,55.15561338447311,67.69299479894224,True,1,12.537381414469131,-12.537381414469131,12.537381414469131,157.185932731876,0,4,0,Q1
R0001097,2026-01-16 00:00:00,M017,east,industrial,0,38.35880857345521,41.73067822061178,True,1,3.371869647156572,-3.371869647156572,3.371869647156572,11.369504917415787,0,4,0,Q1
R0001098,2026-01-16 06:00:00,M000,north,residential,0,92.9560520065162,89.18096425684493,True,1,-3.775087749671272,3.775087749671272,3.775087749671272,14.251287517718106,6,4,0,Q4
R0001099,2026-01-16 06:00:00,M001,south,commercial,0,52.930365020634646,73.01840947649607,True,1,20.08804445586143,-20.08804445586143,20.08804445586143,403.5295300606651,6,4,0,Q1
R0001100,2026-01-16 06:00:00,M002,east,industrial,0,90.276802499466,88.49289539706382,True,1,-1.783907102402182,1.783907102402182,1.783907102402182,3.182324550000949,6,4,0,Q4
R0001101,2026-01-16 06:00:00,M003,north,residential,0,91.53150773501348,86.31041059905911,True,1,-5.221097135954366,5.221097135954366,5.221097135954366,27.259855303070886,6,4,0,Q4
R0001102,2026-01-16 06:00:00,M004,south,commercial,0,35.164005660975604,36.47301988856303,True,1,1.3090142275874257,-1.3090142275874257,1.3090142275874257,1.7135182480263047,6,4,0,Q1
R0001103,2026-01-16 06:00:00,M005,east,industrial,0,102.59131218535406,101.6804089829729,True,1,-0.9109032023811494,0.9109032023811494,0.9109032023811494,0.8297446441082332,6,4,0,Q5
R0001104,2026-01-16 06:00:00,M006,north,residential,0,90.88695826374524,86.63536651721832,True,1,-4.251591746526927,4.251591746526927,4.251591746526927,18.076032379135885,6,4,0,Q4
R0001105,2026-01-16 06:00:00,M007,south,commercial,0,75.82146895827807,77.70144914460982,True,1,1.8799801863317498,-1.8799801863317498,1.8799801863317498,3.5343255009999606,6,4,0,Q3
R0001106,2026-01-16 06:00:00,M008,east,industrial,0,52.20847743140292,49.19759991958191,True,1,-3.0108775118210076,3.0108775118210076,3.0108775118210076,9.065383391189462,6,4,0,Q1
R0001107,2026-01-16 06:00:00,M009,north,residential,0,73.19646792139008,75.41324109272878,True,1,2.2167731713387013,-2.2167731713387013,2.2167731713387013,4.914083293167043,6,4,0,Q3
R0001108,2026-01-16 06:00:00,M010,south,commercial,0,51.090421368112,53.33809985245179,True,1,2.2476784843397937,-2.2476784843397937,2.2476784843397937,5.052058568964032,6,4,0,Q1
R0001109,2026-01-16 06:00:00,M011,east,industrial,1,85.81843780072415,90.5076653669564,True,1,4.689227566232248,-4.689227566232248,4.689227566232248,21.98885516791241,6,4,0,Q3
R0001110,2026-01-16 06:00:00,M012,north,residential,0,88.04928017527291,85.477490217017,True,1,-2.5717899582559056,2.5717899582559056,2.5717899582559056,6.614103589385913,6,4,0,Q4
R0001111,2026-01-16 06:00:00,M013,south,commercial,1,66.67871411490383,76.3363853295093,True,1,9.657671214605472,-9.657671214605472,9.657671214605472,93.27061328941913,6,4,0,Q2
R0001112,2026-01-16 06:00:00,M014,east,industrial,0,70.87095752453028,65.57133233201422,True,1,-5.299625192516061,5.299625192516061,5.299625192516061,28.086027181150893,6,4,0,Q2
R0001113,2026-01-16 06:00:00,M015,north,residential,0,57.42267034088496,59.739785766261065,True,1,2.3171154253761017,-2.3171154253761017,2.3171154253761017,5.369023894515872,6,4,0,Q2
R0001114,2026-01-16 06:00:00,M016,south,commercial,0,49.05040063593605,76.43533161701478,True,1,27.384930981078732,-27.384930981078732,27.384930981078732,749.9344448384458,6,4,0,Q1
R0001115,2026-01-16 06:00:00,M017,east,industrial,0,45.985052848650206,41.80042300869102,True,1,-4.184629839959186,4.184629839959186,4.184629839959186,17.511126897476842,6,4,0,Q1
R0001116,2026-01-16 12:00:00,M000,north,residential,0,88.33776833331589,88.4392372692433,True,1,0.10146893592741435,-0.10146893592741435,0.10146893592741435,0.010295944958241718,12,4,0,Q4
R0001117,2026-01-16 12:00:00,M001,south,commercial,0,70.73435864994481,75.02731887122617,True,1,4.292960221281362,-4.292960221281362,4.292960221281362,18.42950746150412,12,4,0,Q2
R0001118,2026-01-16 12:00:00,M002,east,industrial,0,93.81893802097896,89.16057607724558,True,1,-4.658361943733382,4.658361943733382,4.658361943733382,21.700335998823455,12,4,0,Q4
R0001119,2026-01-16 12:00:00,M003,north,residential,0,88.33812574247507,87.97336465207766,True,1,-0.36476109039740834,0.36476109039740834,0.36476109039740834,0.1330506530679063,12,4,0,Q4
R0001120,2026-01-16 12:00:00,M004,south,commercial,0,62.3193258082455,66.15994593040976,True,1,3.8406201221642604,-3.8406201221642604,3.8406201221642604,14.750362922773018,12,4,0,Q2
R0001121,2026-01-16 12:00:00,M005,east,industrial,0,104.60042807479223,100.96309041218409,True,1,-3.6373376626081466,3.6373376626081466,3.6373376626081466,13.230225271827695,12,4,0,Q5
R0001122,2026-01-16 12:00:00,M006,north,residential,0,82.42145074727445,86.84832229284933,True,1,4.426871545574883,-4.426871545574883,4.426871545574883,19.597191681020554,12,4,0,Q3
R0001123,2026-01-16 12:00:00,M007,south,commercial,0,92.2716554684285,86.34944485447774,True,1,-5.922210613950767,5.922210613950767,5.922210613950767,35.07257855599112,12,4,0,Q4
R0001124,2026-01-16 12:00:00,M008,east,industrial,0,43.044826481933065,49.99013010473923,True,1,6.945303622806165,-6.945303622806165,6.945303622806165,48.23724241296444,12,4,0,Q1
R0001125,2026-01-16 12:00:00,M009,north,residential,0,67.7496491612013,75.33257555395598,True,1,7.582926392754672,-7.582926392754672,7.582926392754672,57.50077267793538,12,4,0,Q2
R0001126,2026-01-16 12:00:00,M010,south,commercial,0,73.60364630370515,80.774724337215,True,1,7.171078033509858,-7.171078033509858,7.171078033509858,51.424360162687606,12,4,0,Q3
R0001127,2026-01-16 12:00:00,M011,east,industrial,0,103.01917873710258,96.5156071338498,True,1,-6.50357160325278,6.50357160325278,6.50357160325278,42.29644359863594,12,4,0,Q5
R0001128,2026-01-16 12:00:00,M012,north,residential,0,83.59878571452259,84.62539451768721,True,1,1.0266088031646206,-1.0266088031646206,1.0266088031646206,1.0539256347350947,12,4,0,Q3
R0001129,2026-01-16 12:00:00,M013,south,commercial,0,100.52496327634653,89.24355598825045,True,1,-11.281407288096077,11.281407288096077,11.281407288096077,127.27015039990727,12,4,0,Q5
R0001130,2026-01-16 12:00:00,M014,east,industrial,0,66.54060348194713,69.76923438319353,True,1,3.2286309012464045,-3.2286309012464045,3.2286309012464045,10.42405749648317,12,4,0,Q2
R0001131,2026-01-16 12:00:00,M015,north,residential,0,52.17703257859571,58.782306306722894,True,1,6.605273728127187,-6.605273728127187,6.605273728127187,43.62964102348723,12,4,0,Q1
R0001132,2026-01-16 12:00:00,M016,south,commercial,0,76.12051596711596,75.29823830984584,True,1,-0.8222776572701207,0.8222776572701207,0.8222776572701207,0.6761405456456381,12,4,0,Q3
R0001133,2026-01-16 12:00:00,M017,east,industrial,0,40.24103214775858,41.90635245604508,True,1,1.6653203082864962,-1.6653203082864962,1.6653203082864962,2.7732917291914307,12,4,0,Q1
R0001134,2026-01-16 18:00:00,M000,north,residential,0,100.5260079370177,92.47371410415528,True,1,-8.052293832862418,8.052293832862418,8.052293832862418,64.83943597075412,18,4,0,Q5
R0001135,2026-01-16 18:00:00,M001,south,commercial,0,67.56818910119453,81.11133255074118,True,1,13.543143449546648,-13.543143449546648,13.543143449546648,183.41673449499828,18,4,0,Q2
R0001136,2026-01-16 18:00:00,M002,east,industrial,0,89.67148835050963,89.78988223787704,True,1,0.11839388736740375,-0.11839388736740375,0.11839388736740375,0.014017112565965485,18,4,0,Q4
R0001137,2026-01-16 18:00:00,M003,north,residential,0,85.97628127641376,80.00584288978516,True,1,-5.970438386628601,5.970438386628601,5.970438386628601,35.64613452852833,18,4,0,Q3
R0001138,2026-01-16 18:00:00,M004,south,commercial,0,57.25918249533045,56.95416126214538,True,1,-0.305021233185073,0.305021233185073,0.305021233185073,0.09303795269374268,18,4,0,Q2
R0001139,2026-01-16 18:00:00,M005,east,industrial,0,101.14056495598798,102.05724155986796,True,1,0.9166766038799778,-0.9166766038799778,0.9166766038799778,0.8402959961009299,18,4,0,Q5
R0001140,2026-01-16 18:00:00,M006,north,residential,0,93.40558600467428,90.46256647750644,True,1,-2.9430195271678343,2.9430195271678343,2.9430195271678343,8.661363937291183,18,4,0,Q4
R0001141,2026-01-16 18:00:00,M007,south,commercial,0,92.02942210627116,90.16102585631327,True,1,-1.8683962499578826,1.8683962499578826,1.8683962499578826,3.490904546856678,18,4,0,Q4
R0001142,2026-01-16 18:00:00,M008,east,industrial,0,45.47272152734754,49.39219650698564,True,1,3.919474979638103,-3.919474979638103,3.919474979638103,15.362284116009109,18,4,0,Q1
R0001143,2026-01-16 18:00:00,M009,north,residential,0,71.54102687167787,76.3777195064079,True,1,4.836692634730028,-4.836692634730028,4.836692634730028,23.3935956428517,18,4,0,Q3
R0001144,2026-01-16 18:00:00,M010,south,commercial,0,70.80168230392567,78.36488586881153,True,1,7.563203564885853,-7.563203564885853,7.563203564885853,57.20204816390208,18,4,0,Q2
R0001145,2026-01-16 18:00:00,M011,east,industrial,0,99.94208823438896,95.7562761518469,True,1,-4.185812082542057,4.185812082542057,4.185812082542057,17.521022790355072,18,4,0,Q5
R0001146,2026-01-16 18:00:00,M012,north,residential,0,88.2333106921162,87.94895414762327,True,1,-0.2843565444929368,0.2843565444929368,0.2843565444929368,0.08085864439596355,18,4,0,Q4
R0001147,2026-01-16 18:00:00,M013,south,commercial,0,99.30169921483784,88.80429574381553,True,1,-10.49740347102231,10.49740347102231,10.49740347102231,110.19547963343123,18,4,0,Q5
R0001148,2026-01-16 18:00:00,M014,east,industrial,0,64.26092347985738,70.85324731472409,True,1,6.592323834866704,-6.592323834866704,6.592323834866704,43.45873354375165,18,4,0,Q2
R0001149,2026-01-16 18:00:00,M015,north,residential,0,60.262759782233886,61.82603522262898,True,1,1.5632754403950955,-1.5632754403950955,1.5632754403950955,2.4438301025424796,18,4,0,Q2
R0001150,2026-01-16 18:00:00,M016,south,commercial,0,75.22576878626089,74.00873991759512,True,1,-1.2170288686657642,1.2170288686657642,1.2170288686657642,1.48115926716587,18,4,0,Q3
R0001151,2026-01-16 18:00:00,M017,east,industrial,0,46.83148006592552,41.00594365245412,True,1,-5.825536413471397,5.825536413471397,5.825536413471397,33.93687450468119,18,4,0,Q1
R0001152,2026-01-17 00:00:00,M000,north,residential,0,93.88969783379872,89.28524414019117,True,1,-4.604453693607553,4.604453693607553,4.604453693607553,21.20099381657624,0,5,1,Q4
R0001153,2026-01-17 00:00:00,M001,south,commercial,0,46.28079761184662,63.02704741137941,True,1,16.746249799532784,-16.746249799532784,16.746249799532784,280.4368823483518,0,5,1,Q1
R0001154,2026-01-17 00:00:00,M002,east,industrial,0,88.20378637972055,89.14891992768518,True,1,0.9451335479646303,-0.9451335479646303,0.9451335479646303,0.8932774234882102,0,5,1,Q4
R0001155,2026-01-17 00:00:00,M003,north,residential,0,83.28495171714381,87.7182283098336,True,1,4.4332765926897935,-4.4332765926897935,4.4332765926897935,19.653941347291227,0,5,1,Q3
R0001156,2026-01-17 00:00:00,M004,south,commercial,0,25.673677355353583,35.78959078863345,True,1,10.115913433279864,-10.115913433279864,10.115913433279864,102.33170458961202,0,5,1,Q1
R0001157,2026-01-17 00:00:00,M005,east,industrial,0,108.26175892576164,101.37837685295702,True,1,-6.883382072804622,6.883382072804622,6.883382072804622,47.38094876020806,0,5,1,Q5
R0001158,2026-01-17 00:00:00,M006,north,residential,1,81.2866187808769,83.21085982902032,True,1,1.924241048143415,-1.924241048143415,1.924241048143415,3.702703611360068,0,5,1,Q3
R0001159,2026-01-17 00:00:00,M007,south,commercial,0,73.08450998610077,74.19612443402292,True,1,1.1116144479221504,-1.1116144479221504,1.1116144479221504,1.2356866808292672,0,5,1,Q3
R0001160,2026-01-17 00:00:00,M008,east,industrial,0,49.614226584948405,48.12688635805867,True,1,-1.487340226889735,1.487340226889735,1.487340226889735,2.2121809505244086,0,5,1,Q1
R0001161,2026-01-17 00:00:00,M009,north,residential,0,68.70737163214721,66.74066106322601,True,1,-1.9667105689212008,1.9667105689212008,1.9667105689212008,3.867950461906353,0,5,1,Q2
R0001162,2026-01-17 00:00:00,M010,south,commercial,0,42.82725131934396,71.60677485545422,True,1,28.77952353611026,-28.77952353611026,28.77952353611026,828.2609749655245,0,5,1,Q1
R0001163,2026-01-17 00:00:00,M011,east,industrial,0,100.29815986940704,94.96244233298717,True,1,-5.335717536419878,5.335717536419878,5.335717536419878,28.469881628458612,0,5,1,Q5
R0001164,2026-01-17 00:00:00,M012,north,residential,0,90.31779029089864,89.14856553666301,True,1,-1.1692247542356284,1.1692247542356284,1.1692247542356284,1.3670865259173657,0,5,1,Q4
R0001165,2026-01-17 00:00:00,M013,south,commercial,0,70.10763215440086,73.87705820214045,True,1,3.769426047739586,-3.769426047739586,3.769426047739586,14.208572729377675,0,5,1,Q2
R0001166,2026-01-17 00:00:00,M014,east,industrial,0,66.39517569349518,61.03110102308319,True,1,-5.364074670411988,5.364074670411988,5.364074670411988,28.773297069755476,0,5,1,Q2
R0001167,2026-01-17 00:00:00,M015,north,residential,0,65.3786936355131,59.69464097737192,True,1,-5.684052658141184,5.684052658141184,5.684052658141184,32.30845462052186,0,5,1,Q2
R0001168,2026-01-17 00:00:00,M016,south,commercial,0,47.67510062918704,53.5292996024651,True,1,5.854198973278059,-5.854198973278059,5.854198973278059,34.271645618729885,0,5,1,Q1
R0001169,2026-01-17 00:00:00,M017,east,industrial,0,43.61559022014199,41.52925410330332,True,1,-2.086336116838666,2.086336116838666,2.086336116838666,4.352798392425444,0,5,1,Q1
R0001170,2026-01-17 06:00:00,M000,north,residential,0,94.22152240284706,91.13910153851758,True,1,-3.082420864329478,3.082420864329478,3.082420864329478,9.501318384853688,6,5,1,Q4
R0001171,2026-01-17 06:00:00,M001,south,commercial,0,43.454053733249225,46.31467465363361,True,1,2.8606209203843846,-2.8606209203843846,2.8606209203843846,8.183152050140803,6,5,1,Q1
R0001172,2026-01-17 06:00:00,M002,east,industrial,0,89.57468662753084,89.93589135187584,True,1,0.3612047243450007,-0.3612047243450007,0.3612047243450007,0.13046885288914797,6,5,1,Q4
R0001173,2026-01-17 06:00:00,M003,north,residential,0,89.67284605474286,76.96492905145769,True,1,-12.707917003285175,12.707917003285175,12.707917003285175,161.49115456238445,6,5,1,Q4
R0001174,2026-01-17 06:00:00,M004,south,commercial,0,34.13168236218954,31.590351647620118,True,1,-2.541330714569419,2.541330714569419,2.541330714569419,6.458361800813914,6,5,1,Q1
R0001175,2026-01-17 06:00:00,M005,east,industrial,0,106.22667929693648,102.16484942929324,True,1,-4.06182986764324,4.06182986764324,4.06182986764324,16.498461873678703,6,5,1,Q5
R0001176,2026-01-17 06:00:00,M006,north,residential,0,93.69358296580565,89.47316037696741,True,1,-4.2204225888382325,4.2204225888382325,4.2204225888382325,17.811966828376008,6,5,1,Q4
R0001177,2026-01-17 06:00:00,M007,south,commercial,0,65.96120974188668,75.46522229072941,True,1,9.504012548842738,-9.504012548842738,9.504012548842738,90.32625452856023,6,5,1,Q2
R0001178,2026-01-17 06:00:00,M008,east,industrial,0,46.589733391693656,50.50275929975332,True,1,3.913025908059666,-3.913025908059666,3.913025908059666,15.311771757146174,6,5,1,Q1
R0001179,2026-01-17 06:00:00,M009,north,residential,0,77.77704036199721,75.3215326934157,True,1,-2.455507668581504,2.455507668581504,2.455507668581504,6.029517910462572,6,5,1,Q3
R0001180,2026-01-17 06:00:00,M010,south,commercial,0,47.57692579993339,69.00288545854409,True,1,21.425959658610694,-21.425959658610694,21.425959658610694,459.07174729241285,6,5,1,Q1
R0001181,2026-01-17 06:00:00,M011,east,industrial,0,99.0437189172938,96.6611241712967,True,1,-2.382594745997096,2.382594745997096,2.382594745997096,5.676757723652967,6,5,1,Q5
R0001182,2026-01-17 06:00:00,M012,north,residential,0,86.87299559563573,88.53302008193546,True,1,1.6600244862997329,-1.6600244862997329,1.6600244862997329,2.755681295114692,6,5,1,Q4
R0001183,2026-01-17 06:00:00,M013,south,commercial,0,66.48587658665328,56.7710388921457,True,1,-9.71483769450758,9.71483769450758,9.71483769450758,94.37807143062534,6,5,1,Q2
R0001184,2026-01-17 06:00:00,M014,east,industrial,0,72.37650963788629,67.72323271212396,True,1,-4.653276925762327,4.653276925762327,4.653276925762327,21.652986147832095,6,5,1,Q3
R0001185,2026-01-17 06:00:00,M015,north,residential,0,66.99975376680216,67.34374626078109,True,1,0.3439924939789307,-0.3439924939789307,0.3439924939789307,0.11833083591384469,6,5,1,Q2
R0001186,2026-01-17 06:00:00,M016,south,commercial,0,48.125795523636754,57.26517319841137,True,1,9.139377674774614,-9.139377674774614,9.139377674774614,83.52822428216864,6,5,1,Q1
R0001187,2026-01-17 06:00:00,M017,east,industrial,0,42.97346241870808,45.97013657543026,True,1,2.996674156722179,-2.996674156722179,2.996674156722179,8.980056001566581,6,5,1,Q1
R0001188,2026-01-17 12:00:00,M000,north,residential,0,95.80689050314268,87.38725207051144,True,1,-8.419638432631245,8.419638432631245,8.419638432631245,70.89031133624114,12,5,1,Q4
R0001189,2026-01-17 12:00:00,M001,south,commercial,0,62.87986629041662,73.2903995772139,True,1,10.410533286797282,-10.410533286797282,10.410533286797282,108.37920331551422,12,5,1,Q2
R0001190,2026-01-17 12:00:00,M002,east,industrial,0,100.12033891781488,90.913002891105,True,1,-9.207336026709882,9.207336026709882,9.207336026709882,84.77503670874972,12,5,1,Q5
R0001191,2026-01-17 12:00:00,M003,north,residential,0,85.56499239470375,87.4099664264925,True,1,1.8449740317887517,-1.8449740317887517,1.8449740317887517,3.4039291779748417,12,5,1,Q3
R0001192,2026-01-17 12:00:00,M004,south,commercial,0,49.26541456898072,52.0676676556205,True,1,2.80225308663978,-2.80225308663978,2.80225308663978,7.852622361582175,12,5,1,Q1
R0001193,2026-01-17 12:00:00,M005,east,industrial,0,103.7294922393154,102.31119577402616,True,1,-1.4182964652892451,1.4182964652892451,1.4182964652892451,2.0115648634519667,12,5,1,Q5
R0001194,2026-01-17 12:00:00,M006,north,residential,0,86.47447890111619,85.24174490695827,True,1,-1.2327339941579112,1.2327339941579112,1.2327339941579112,1.519633100352517,12,5,1,Q3
R0001195,2026-01-17 12:00:00,M007,south,commercial,0,89.4977827525618,79.51793749772072,True,1,-9.97984525484108,9.97984525484108,9.97984525484108,99.59731131057404,12,5,1,Q4
R0001196,2026-01-17 12:00:00,M008,east,industrial,0,54.83967124967706,49.63713425318538,True,1,-5.2025369964916806,5.2025369964916806,5.2025369964916806,27.066391199864675,12,5,1,Q1
R0001197,2026-01-17 12:00:00,M009,north,residential,0,71.78372399691867,69.68423519007415,True,1,-2.099488806844519,2.099488806844519,2.099488806844519,4.407853250065423,12,5,1,Q3
R0001198,2026-01-17 12:00:00,M010,south,commercial,0,64.08145327787449,78.02851412744582,True,1,13.94706084957133,-13.94706084957133,13.94706084957133,194.52050634164533,12,5,1,Q2
R0001199,2026-01-17 12:00:00,M011,east,industrial,0,99.91359852887886,99.86843150786098,True,1,-0.04516702101788894,0.04516702101788894,0.04516702101788894,0.0020400597876304213,12,5,1,Q5
R0001200,2026-01-17 12:00:00,M012,north,residential,0,83.78555309680107,87.12405135377166,True,1,3.3384982569705954,-3.3384982569705954,3.3384982569705954,11.145570611795703,12,5,1,Q3
R0001201,2026-01-17 12:00:00,M013,south,commercial,1,78.55145854273675,79.79091363656319,True,1,1.239455093826436,-1.239455093826436,1.239455093826436,1.5362489296122992,12,5,1,Q3
R0001202,2026-01-17 12:00:00,M014,east,industrial,0,74.96169410243256,72.79566427697344,True,1,-2.1660298254591197,2.1660298254591197,2.1660298254591197,4.691685204778465,12,5,1,Q3
R0001203,2026-01-17 12:00:00,M015,north,residential,0,60.41666669701235,59.50401344185622,True,1,-0.9126532551561297,0.9126532551561297,0.9126532551561297,0.8329359641470796,12,5,1,Q2
R0001204,2026-01-17 12:00:00,M016,south,commercial,0,70.5879513185611,68.16631291381269,True,1,-2.421638404748407,2.421638404748407,2.421638404748407,5.864332563352409,12,5,1,Q2
R0001205,2026-01-17 12:00:00,M017,east,industrial,0,42.27458591166226,44.29713076134223,True,1,2.0225448496799743,-2.0225448496799743,2.0225448496799743,4.090687668966989,12,5,1,Q1
R0001206,2026-01-17 18:00:00,M000,north,residential,0,102.32222510955738,93.1639377421858,True,1,-9.158287367371585,9.158287367371585,9.158287367371585,83.87422750335796,18,5,1,Q5
R0001207,2026-01-17 18:00:00,M001,south,commercial,0,64.38368869498319,75.16718021500826,True,1,10.783491520025066,-10.783491520025066,10.783491520025066,116.28368936245252,18,5,1,Q2
R0001208,2026-01-17 18:00:00,M002,east,industrial,0,91.06242104495225,89.9496902252147,True,1,-1.1127308197375498,1.1127308197375498,1.1127308197375498,1.2381698771937997,18,5,1,Q4
R0001209,2026-01-17 18:00:00,M003,north,residential,0,96.98318502415324,88.28131682256964,True,1,-8.701868201583608,8.701868201583608,8.701868201583608,75.72251019773194,18,5,1,Q5
R0001210,2026-01-17 18:00:00,M004,south,commercial,0,47.64826884117677,53.96203894011005,True,1,6.313770098933276,-6.313770098933276,6.313770098933276,39.8636928621839,18,5,1,Q1
R0001211,2026-01-17 18:00:00,M005,east,industrial,0,101.12750557080096,101.78932763853118,True,1,0.6618220677302133,-0.6618220677302133,0.6618220677302133,0.4380084493346951,18,5,1,Q5
R0001212,2026-01-17 18:00:00,M006,north,residential,0,92.711128228469,88.79497480029646,True,1,-3.916153428172535,3.916153428172535,3.916153428172535,15.3362576729875,18,5,1,Q4
R0001213,2026-01-17 18:00:00,M007,south,commercial,0,83.10173648978876,88.44429798191163,True,1,5.342561492122869,-5.342561492122869,5.342561492122869,28.54296329711413,18,5,1,Q3
R0001214,2026-01-17 18:00:00,M008,east,industrial,0,49.95654488830034,50.17193634146293,True,1,0.21539145316258868,-0.21539145316258868,0.21539145316258868,0.04639347809549163,18,5,1,Q1
R0001215,2026-01-17 18:00:00,M009,north,residential,0,73.82958782962689,69.72724776033873,True,1,-4.102340069288161,4.102340069288161,4.102340069288161,16.829194044087192,18,5,1,Q3
R0001216,2026-01-17 18:00:00,M010,south,commercial,0,62.42643572479683,73.38805097045187,True,1,10.96161524565504,-10.96161524565504,10.96161524565504,120.157008793777,18,5,1,Q2
R0001217,2026-01-17 18:00:00,M011,east,industrial,0,97.0218446049816,98.61584664766671,True,1,1.5940020426851191,-1.5940020426851191,1.5940020426851191,2.5408425120843323,18,5,1,Q5
R0001218,2026-01-17 18:00:00,M012,north,residential,0,89.11222073820794,89.76447401824166,True,1,0.6522532800337189,-0.6522532800337189,0.6522532800337189,0.4254343413147449,18,5,1,Q4
R0001219,2026-01-17 18:00:00,M013,south,commercial,0,88.94826209643588,89.01336169541332,True,1,0.06509959897744011,-0.06509959897744011,0.06509959897744011,0.0042379577870235215,18,5,1,Q4
R0001220,2026-01-17 18:00:00,M014,east,industrial,0,67.81778002717925,72.95813422175762,True,1,5.140354194578364,-5.140354194578364,5.140354194578364,26.423241245719385,18,5,1,Q2
R0001221,2026-01-17 18:00:00,M015,north,residential,0,64.3091572138398,64.66737527863559,True,1,0.35821806479579266,-0.35821806479579266,0.35821806479579266,0.1283201819460427,18,5,1,Q2
R0001222,2026-01-17 18:00:00,M016,south,commercial,0,68.11157436072168,67.84792526376174,True,1,-0.2636490969599379,0.2636490969599379,0.2636490969599379,0.06951084632779073,18,5,1,Q2
R0001223,2026-01-17 18:00:00,M017,east,industrial,0,49.83974050433551,43.05262033423272,True,1,-6.787120170102789,6.787120170102789,6.787120170102789,46.065000203416105,18,5,1,Q1
R0001224,2026-01-18 00:00:00,M000,north,residential,0,93.70581367341796,93.49198464220532,True,1,-0.21382903121264007,0.21382903121264007,0.21382903121264007,0.045722854589336205,0,6,1,Q4
R0001225,2026-01-18 00:00:00,M001,south,commercial,0,46.90721316165244,48.77825809899246,True,1,1.8710449373400166,-1.8710449373400166,1.8710449373400166,3.500809157545707,0,6,1,Q1
R0001226,2026-01-18 00:00:00,M002,east,industrial,0,91.1412145437889,88.66773751668076,True,1,-2.473477027108146,2.473477027108146,2.473477027108146,6.118088603631751,0,6,1,Q4
R0001227,2026-01-18 00:00:00,M003,north,residential,0,92.87195499186647,86.286935506339,True,1,-6.585019485527468,6.585019485527468,6.585019485527468,43.362481624776436,0,6,1,Q4
R0001228,2026-01-18 00:00:00,M004,south,commercial,0,32.90221330269077,31.667538370584868,True,1,-1.2346749321059,1.2346749321059,1.2346749321059,1.524422187970709,0,6,1,Q1
R0001229,2026-01-18 00:00:00,M005,east,industrial,0,100.8121627333882,95.90462521302408,True,1,-4.90753752036413,4.90753752036413,4.90753752036413,24.083924513781714,0,6,1,Q5
R0001230,2026-01-18 00:00:00,M006,north,residential,0,92.5678296097461,86.62166882525199,True,1,-5.946160784494111,5.946160784494111,5.946160784494111,35.356828075055624,0,6,1,Q4
R0001231,2026-01-18 00:00:00,M007,south,commercial,0,66.6935688184493,59.66395223352944,True,1,-7.02961658491985,7.02961658491985,7.02961658491985,49.415509330980214,0,6,1,Q2
R0001232,2026-01-18 00:00:00,M008,east,industrial,0,48.65314673275865,48.45084574529336,True,1,-0.2023009874652928,0.2023009874652928,0.2023009874652928,0.040925689529432555,0,6,1,Q1
R0001233,2026-01-18 00:00:00,M009,north,residential,0,75.12961453181494,75.95424905498734,True,1,0.8246345231724064,-0.8246345231724064,0.8246345231724064,0.680022096807782,0,6,1,Q3
R0001234,2026-01-18 00:00:00,M010,south,commercial,0,39.581790497757794,63.36336349709181,True,1,23.781572999334017,-23.781572999334017,23.781572999334017,565.5632143226527,0,6,1,Q1
R0001235,2026-01-18 00:00:00,M011,east,industrial,0,100.90938850922302,95.8893005329624,True,1,-5.020087976260626,5.020087976260626,5.020087976260626,25.20128328939651,0,6,1,Q5
R0001236,2026-01-18 00:00:00,M012,north,residential,0,94.8884144900386,89.05475236148176,True,1,-5.833662128556838,5.833662128556838,5.833662128556838,34.0316138301583,0,6,1,Q4
R0001237,2026-01-18 00:00:00,M013,south,commercial,0,72.26282994309702,75.32731313802655,True,1,3.0644831949295366,-3.0644831949295366,3.0644831949295366,9.39105725200554,0,6,1,Q3
R0001238,2026-01-18 00:00:00,M014,east,industrial,0,70.36393799245275,69.6845370768376,True,1,-0.6794009156151475,0.6794009156151475,0.6794009156151475,0.46158560413870076,0,6,1,Q2
R0001239,2026-01-18 00:00:00,M015,north,residential,0,67.83813508659168,64.9959196102195,True,1,-2.842215476372175,2.842215476372175,2.842215476372175,8.07818881412951,0,6,1,Q2
R0001240,2026-01-18 00:00:00,M016,south,commercial,0,45.96842133365652,53.032590811400496,True,1,7.064169477743974,-7.064169477743974,7.064169477743974,49.902490410289566,0,6,1,Q1
R0001241,2026-01-18 00:00:00,M017,east,industrial,0,45.64545105710572,42.640265781712415,True,1,-3.005185275393302,3.005185275393302,3.005185275393302,9.031138539440716,0,6,1,Q1
R0001242,2026-01-18 06:00:00,M000,north,residential,0,93.9544207173931,92.6699027821676,True,1,-1.2845179352255087,1.2845179352255087,1.2845179352255087,1.6499863259160041,6,6,1,Q4
R0001243,2026-01-18 06:00:00,M001,south,commercial,0,51.04832177920154,70.58562038624456,True,1,19.53729860704302,-19.53729860704302,19.53729860704302,381.70603686076515,6,6,1,Q1
R0001244,2026-01-18 06:00:00,M002,east,industrial,0,91.98900214802248,89.95504605731836,True,1,-2.033956090704123,2.033956090704123,2.033956090704123,4.136977378912399,6,6,1,Q4
R0001245,2026-01-18 06:00:00,M003,north,residential,0,94.0984855546996,80.36740025072774,True,1,-13.731085303971852,13.731085303971852,13.731085303971852,188.54270362495177,6,6,1,Q4
R0001246,2026-01-18 06:00:00,M004,south,commercial,0,27.600421578631785,29.981038571412096,True,1,2.380616992780311,-2.380616992780311,2.380616992780311,5.667337266314372,6,6,1,Q1
R0001247,2026-01-18 06:00:00,M005,east,industrial,0,111.10944920268254,100.89729964022884,True,1,-10.212149562453703,10.212149562453703,10.212149562453703,104.28799868592337,6,6,1,Q5
R0001248,2026-01-18 06:00:00,M006,north,residential,0,89.56985226850568,87.64448467077196,True,1,-1.9253675977337252,1.9253675977337252,1.9253675977337252,3.707040386402936,6,6,1,Q4
R0001249,2026-01-18 06:00:00,M007,south,commercial,0,71.3158457921303,50.47092582885215,True,1,-20.84491996327815,20.84491996327815,20.84491996327815,434.51068827547203,6,6,1,Q2
R0001250,2026-01-18 06:00:00,M008,east,industrial,0,52.13960970497443,51.41344063582032,True,1,-0.7261690691541105,0.7261690691541105,0.7261690691541105,0.5273215169961473,6,6,1,Q1
R0001251,2026-01-18 06:00:00,M009,north,residential,0,76.70588049493874,72.8675516292869,True,1,-3.838328865651846,3.838328865651846,3.838328865651846,14.732768480896187,6,6,1,Q3
R0001252,2026-01-18 06:00:00,M010,south,commercial,1,34.02835060362835,69.20343004178939,True,1,35.17507943816104,-35.17507943816104,35.17507943816104,1237.2862134809398,6,6,1,Q1
R0001253,2026-01-18 06:00:00,M011,east,industrial,0,97.3241083543402,96.92594386882716,True,1,-0.3981644855130355,0.3981644855130355,0.3981644855130355,0.15853495752386026,6,6,1,Q5
R0001254,2026-01-18 06:00:00,M012,north,residential,0,83.59928126014066,88.9835161922819,True,1,5.38423493214124,-5.38423493214124,5.38423493214124,28.989985804489983,6,6,1,Q3
R0001255,2026-01-18 06:00:00,M013,south,commercial,0,73.31166093816664,72.3650489436527,True,1,-0.946611994513944,0.946611994513944,0.946611994513944,0.8960742681576671,6,6,1,Q3
R0001256,2026-01-18 06:00:00,M014,east,industrial,0,68.96493639024193,72.23106909013364,True,1,3.2661326998917133,-3.2661326998917133,3.2661326998917133,10.667622813301932,6,6,1,Q2
R0001257,2026-01-18 06:00:00,M015,north,residential,0,66.11865765282217,69.06831455181324,True,1,2.94965689899108,-2.94965689899108,2.94965689899108,8.700475821765673,6,6,1,Q2
R0001258,2026-01-18 06:00:00,M016,south,commercial,0,50.56817980700263,48.20659168496374,True,1,-2.3615881220388886,2.3615881220388886,2.3615881220388886,5.577098458155165,6,6,1,Q1
R0001259,2026-01-18 06:00:00,M017,east,industrial,0,48.24881812501873,43.24271538844299,True,1,-5.006102736575741,5.006102736575741,5.006102736575741,25.061064609151124,6,6,1,Q1
R0001260,2026-01-18 12:00:00,M000,north,residential,0,92.68305000846412,90.06396686438752,True,1,-2.6190831440765976,2.6190831440765976,2.6190831440765976,6.859596515586156,12,6,1,Q4
R0001261,2026-01-18 12:00:00,M001,south,commercial,0,59.51347597371994,72.27797766512707,True,1,12.764501691407126,-12.764501691407126,12.764501691407126,162.9325034299354,12,6,1,Q2
R0001262,2026-01-18 12:00:00,M002,east,industrial,0,94.9481629061736,89.25144719160171,True,1,-5.69671571457188,5.69671571457188,5.69671571457188,32.452569932650206,12,6,1,Q4
R0001263,2026-01-18 12:00:00,M003,north,residential,0,84.77954043905177,86.48455880355934,True,1,1.7050183645075663,-1.7050183645075663,1.7050183645075663,2.907087623308056,12,6,1,Q3
R0001264,2026-01-18 12:00:00,M004,south,commercial,0,51.52539604673875,52.519711542138126,True,1,0.9943154953993769,-0.9943154953993769,0.9943154953993769,0.9886633043913083,12,6,1,Q1
R0001265,2026-01-18 12:00:00,M005,east,industrial,0,108.23530274219996,106.04464966143296,True,1,-2.1906530807670066,2.1906530807670066,2.1906530807670066,4.798960920273977,12,6,1,Q5
R0001266,2026-01-18 12:00:00,M006,north,residential,0,88.01566700682761,81.27246134112676,True,1,-6.743205665700856,6.743205665700856,6.743205665700856,45.470822649940125,12,6,1,Q4
R0001267,2026-01-18 12:00:00,M007,south,commercial,0,85.84310742313205,71.2783710931873,True,1,-14.56473632994475,14.56473632994475,14.56473632994475,212.13154436081248,12,6,1,Q3
R0001268,2026-01-18 12:00:00,M008,east,industrial,0,48.63684607116822,50.50152415283648,True,1,1.8646780816682593,-1.8646780816682593,1.8646780816682593,3.4770243482540195,12,6,1,Q1
R0001269,2026-01-18 12:00:00,M009,north,residential,0,66.3166588419473,71.55906613941087,True,1,5.242407297463572,-5.242407297463572,5.242407297463572,27.482834272499314,12,6,1,Q2
R0001270,2026-01-18 12:00:00,M010,south,commercial,0,58.7814655089644,63.75671276600681,True,1,4.975247257042405,-4.975247257042405,4.975247257042405,24.75308526870797,12,6,1,Q2
R0001271,2026-01-18 12:00:00,M011,east,industrial,0,99.6732436422214,100.79256739126603,True,1,1.1193237490446393,-1.1193237490446393,1.1193237490446393,1.2528856551753467,12,6,1,Q5
R0001272,2026-01-18 12:00:00,M012,north,residential,0,80.22502127269449,77.86651132392699,True,1,-2.358509948767505,2.358509948767505,2.358509948767505,5.5625691784353,12,6,1,Q3
R0001273,2026-01-18 12:00:00,M013,south,commercial,0,85.78346872255695,90.44370295595262,True,1,4.66023423339567,-4.66023423339567,4.66023423339567,21.717783110112926,12,6,1,Q3
R0001274,2026-01-18 12:00:00,M014,east,industrial,0,70.29814567592177,75.39633715600023,True,1,5.098191480078455,-5.098191480078455,5.098191480078455,25.99155636754455,12,6,1,Q2
R0001275,2026-01-18 12:00:00,M015,north,residential,0,59.29292346614029,61.330920583299545,True,1,2.0379971171592572,-2.0379971171592572,2.0379971171592572,4.153432249549443,12,6,1,Q2
R0001276,2026-01-18 12:00:00,M016,south,commercial,0,67.53623823973525,64.71052805502445,True,1,-2.8257101847108004,2.8257101847108004,2.8257101847108004,7.984638047978345,12,6,1,Q2
R0001277,2026-01-18 12:00:00,M017,east,industrial,0,42.946065545505256,42.93805011843743,True,1,-0.008015427067824987,0.008015427067824987,0.008015427067824987,6.424707107962147e-05,12,6,1,Q1
R0001278,2026-01-18 18:00:00,M000,north,residential,0,94.57764249835844,94.26962108793708,True,1,-0.308021410421361,0.308021410421361,0.308021410421361,0.09487718927796451,18,6,1,Q4
R0001279,2026-01-18 18:00:00,M001,south,commercial,0,62.75979395544189,78.69103972825494,True,1,15.931245772813043,-15.931245772813043,15.931245772813043,253.80459187377343,18,6,1,Q2
R0001280,2026-01-18 18:00:00,M002,east,industrial,0,88.11865455544341,73.6293586587361,True,1,-14.489295896707318,14.489295896707318,14.489295896707318,209.93969558233954,18,6,1,Q4
R0001281,2026-01-18 18:00:00,M003,north,residential,0,93.64921144558753,90.31969841311869,True,1,-3.3295130324688387,3.3295130324688387,3.3295130324688387,11.085657033379842,18,6,1,Q4
R0001282,2026-01-18 18:00:00,M004,south,commercial,0,44.759011433511866,56.40011870890366,True,1,11.641107275391796,-11.641107275391796,11.641107275391796,135.51537859717982,18,6,1,Q1
R0001283,2026-01-18 18:00:00,M005,east,industrial,0,104.24335789488364,101.16824803848048,True,1,-3.0751098564031594,3.0751098564031594,3.0751098564031594,9.45630062894786,18,6,1,Q5
R0001284,2026-01-18 18:00:00,M006,north,residential,0,95.04298405448876,90.9224337072795,True,1,-4.12055034720926,4.12055034720926,4.12055034720926,16.978935163886355,18,6,1,Q4
R0001285,2026-01-18 18:00:00,M007,south,commercial,0,87.15848573003666,81.30371144997348,True,1,-5.854774280063182,5.854774280063182,5.854774280063182,34.278381870489355,18,6,1,Q4
R0001286,2026-01-18 18:00:00,M008,east,industrial,0,50.01852620134462,48.61591606884567,True,1,-1.4026101324989497,1.4026101324989497,1.4026101324989497,1.9673151837887213,18,6,1,Q1
R0001287,2026-01-18 18:00:00,M009,north,residential,0,76.6715990406637,75.88518623394789,True,1,-0.786412806715802,0.786412806715802,0.786412806715802,0.6184451025666254,18,6,1,Q3
R0001288,2026-01-18 18:00:00,M010,south,commercial,0,65.53820903112442,65.14227096183352,True,1,-0.39593806929090647,0.39593806929090647,0.39593806929090647,0.15676695471381066,18,6,1,Q2
R0001289,2026-01-18 18:00:00,M011,east,industrial,0,90.6903147614844,96.21444213233448,True,1,5.524127370850081,-5.524127370850081,5.524127370850081,30.515983209375033,18,6,1,Q4
R0001290,2026-01-18 18:00:00,M012,north,residential,0,88.09347398213319,76.28789225268602,True,1,-11.80558172944717,11.80558172944717,11.80558172944717,139.37175997065683,18,6,1,Q4
R0001291,2026-01-18 18:00:00,M013,south,commercial,0,96.15493709767156,90.1568836284888,True,1,-5.998053469182764,5.998053469182764,5.998053469182764,35.97664541917539,18,6,1,Q5
R0001292,2026-01-18 18:00:00,M014,east,industrial,0,68.82499448822888,72.66609491636567,True,1,3.8411004281367838,-3.8411004281367838,3.8411004281367838,14.754052499032584,18,6,1,Q2
R0001293,2026-01-18 18:00:00,M015,north,residential,0,69.05332120028409,72.50372443283081,True,1,3.4504032325467193,-3.4504032325467193,3.4504032325467193,11.90528246716885,18,6,1,Q2
R0001294,2026-01-18 18:00:00,M016,south,commercial,0,73.51395151222316,68.23644776162001,True,1,-5.277503750603145,5.277503750603145,5.277503750603145,27.852045837630264,18,6,1,Q3
R0001295,2026-01-18 18:00:00,M017,east,industrial,0,42.99171838493384,42.93694840197156,True,1,-0.0547699829622772,0.0547699829622772,0.0547699829622772,0.0029997510336881345,18,6,1,Q1
R0001296,2026-01-19 00:00:00,M000,north,residential,0,92.40963975555704,90.9488660501281,True,1,-1.4607737054289345,1.4607737054289345,1.4607737054289345,2.133859818472579,0,0,0,Q4
R0001297,2026-01-19 00:00:00,M001,south,commercial,0,49.43659427234888,65.24198810997056,True,1,15.805393837621686,-15.805393837621686,15.805393837621686,249.8104743623296,0,0,0,Q1
R0001298,2026-01-19 00:00:00,M002,east,industrial,0,88.68810640383589,74.18547432972908,True,1,-14.502632074106813,14.502632074106813,14.502632074106813,210.3263370769117,0,0,0,Q4
R0001299,2026-01-19 00:00:00,M003,north,residential,0,88.20291254725781,81.00326868549827,True,1,-7.19964386175954,7.19964386175954,7.19964386175954,51.83487173617183,0,0,0,Q4
R0001300,2026-01-19 00:00:00,M004,south,commercial,0,33.26742420383186,39.29924538870418,True,1,6.031821184872321,-6.031821184872321,6.031821184872321,36.38286680627453,0,0,0,Q1
R0001301,2026-01-19 00:00:00,M005,east,industrial,0,96.89203540419564,100.0846818833037,True,1,3.1926464791080633,-3.1926464791080633,3.1926464791080633,10.192991540561113,0,0,0,Q5
R0001302,2026-01-19 00:00:00,M006,north,residential,0,91.83978591816862,73.6615151329055,True,1,-18.17827078526311,18.17827078526311,18.17827078526311,330.44952874235025,0,0,0,Q4
R0001303,2026-01-19 00:00:00,M007,south,commercial,0,80.82986798789595,78.07676083128987,True,1,-2.7531071566060774,2.7531071566060774,2.7531071566060774,7.5795990157556,0,0,0,Q3
R0001304,2026-01-19 00:00:00,M008,east,industrial,0,49.977960556689325,48.34449224194489,True,1,-1.6334683147444338,1.6334683147444338,1.6334683147444338,2.6682187352740208,0,0,0,Q1
R0001305,2026-01-19 00:00:00,M009,north,residential,0,72.02886623797914,68.84547859318282,True,1,-3.1833876447963263,3.1833876447963263,3.1833876447963263,10.133956897041902,0,0,0,Q3
R0001306,2026-01-19 00:00:00,M010,south,commercial,0,55.759790580698144,59.01675328193053,True,1,3.256962701232382,-3.256962701232382,3.256962701232382,10.607806037218936,0,0,0,Q1
R0001307,2026-01-19 00:00:00,M011,east,industrial,0,95.77557376505472,94.86521818325652,True,1,-0.9103555817981999,0.9103555817981999,0.9103555817981999,0.828747285311139,0,0,0,Q4
R0001308,2026-01-19 00:00:00,M012,north,residential,0,88.95609703097864,80.74575036584426,True,1,-8.21034666513438,8.21034666513438,8.21034666513438,67.40979236168324,0,0,0,Q4
R0001309,2026-01-19 00:00:00,M013,south,commercial,0,77.6800939881967,80.00707166499564,True,1,2.3269776767989327,-2.3269776767989327,2.3269776767989327,5.414825108320558,0,0,0,Q3
R0001310,2026-01-19 00:00:00,M014,east,industrial,0,65.88059735237589,66.13872564530685,True,1,0.2581282929309623,-0.2581282929309623,0.2581282929309623,0.06663021561145267,0,0,0,Q2
R0001311,2026-01-19 00:00:00,M015,north,residential,0,62.91292199307213,70.32778815623068,True,1,7.41486616315855,-7.41486616315855,7.41486616315855,54.98024021755359,0,0,0,Q2
R0001312,2026-01-19 00:00:00,M016,south,commercial,0,58.68774099344019,56.04335918621887,True,1,-2.6443818072213148,2.6443818072213148,2.6443818072213148,6.992755142363067,0,0,0,Q2
R0001313,2026-01-19 00:00:00,M017,east,industrial,0,38.63088289200207,40.95625756271417,True,1,2.325374670712101,-2.325374670712101,2.325374670712101,5.407367359189412,0,0,0,Q1
R0001314,2026-01-19 06:00:00,M000,north,residential,0,88.8141676659834,87.96518058645296,True,1,-0.8489870795304455,0.8489870795304455,0.8489870795304455,0.720779061209635,6,0,0,Q4
R0001315,2026-01-19 06:00:00,M001,south,commercial,0,51.72434348437926,71.72407792727627,True,1,19.999734442897008,-19.999734442897008,19.999734442897008,399.9893777864009,6,0,0,Q1
R0001316,2026-01-19 06:00:00,M002,east,industrial,0,92.34309222124934,78.91527882400698,True,1,-13.42781339724236,13.42781339724236,13.42781339724236,180.30617263116142,6,0,0,Q4
R0001317,2026-01-19 06:00:00,M003,north,residential,0,87.47084830311016,86.59678631386508,True,1,-0.874061989245078,0.874061989245078,0.874061989245078,0.7639843610430629,6,0,0,Q4
R0001318,2026-01-19 06:00:00,M004,south,commercial,0,32.35940395748925,35.17556018236181,True,1,2.8161562248725573,-2.8161562248725573,2.8161562248725573,7.930735882888454,6,0,0,Q1
R0001319,2026-01-19 06:00:00,M005,east,industrial,0,106.21279987078516,101.09158575575046,True,1,-5.121214115034704,5.121214115034704,5.121214115034704,26.226834012030682,6,0,0,Q5
R0001320,2026-01-19 06:00:00,M006,north,residential,0,92.09998249698492,77.98701105118603,True,1,-14.112971445798891,14.112971445798891,14.112971445798891,199.17596302993485,6,0,0,Q4
R0001321,2026-01-19 06:00:00,M007,south,commercial,0,69.56873161550685,76.33167401522373,True,1,6.762942399716877,-6.762942399716877,6.762942399716877,45.73738990188827,6,0,0,Q2
R0001322,2026-01-19 06:00:00,M008,east,industrial,0,51.56201594025634,49.32499087392674,True,1,-2.2370250663296005,2.2370250663296005,2.2370250663296005,5.004281147386954,6,0,0,Q1
R0001323,2026-01-19 06:00:00,M009,north,residential,0,71.8485760430245,73.5136521343662,True,1,1.665076091341703,-1.665076091341703,1.665076091341703,2.7724783899577634,6,0,0,Q3
R0001324,2026-01-19 06:00:00,M010,south,commercial,0,52.678470665893954,52.33075491335668,True,1,-0.34771575253727605,0.34771575253727605,0.34771575253727605,0.1209062445625642,6,0,0,Q1
R0001325,2026-01-19 06:00:00,M011,east,industrial,0,99.53449214408974,95.76011002084398,True,1,-3.7743821232457577,3.7743821232457577,3.7743821232457577,14.245960412277155,6,0,0,Q5
R0001326,2026-01-19 06:00:00,M012,north,residential,0,90.14000180770158,78.01342127607312,True,1,-12.126580531628463,12.126580531628463,12.126580531628463,147.05395539007046,6,0,0,Q4
R0001327,2026-01-19 06:00:00,M013,south,commercial,0,84.23393748370731,77.21078159697262,True,1,-7.023155886734685,7.023155886734685,7.023155886734685,49.324718609376056,6,0,0,Q3
R0001328,2026-01-19 06:00:00,M014,east,industrial,0,68.42365999482126,69.04262775597434,True,1,0.6189677611530726,-0.6189677611530726,0.6189677611530726,0.38312108934684713,6,0,0,Q2
R0001329,2026-01-19 06:00:00,M015,north,residential,0,56.905029333591415,72.96148791156817,True,1,16.056458577976755,-16.056458577976755,16.056458577976755,257.80986206628336,6,0,0,Q2
R0001330,2026-01-19 06:00:00,M016,south,commercial,1,40.30343202015848,55.07567554379831,True,1,14.77224352363983,-14.77224352363983,14.77224352363983,218.2191787217189,6,0,0,Q1
R0001331,2026-01-19 06:00:00,M017,east,industrial,0,45.23241694763023,41.58171336519483,True,1,-3.6507035824353977,3.6507035824353977,3.6507035824353977,13.327636646806647,6,0,0,Q1
R0001332,2026-01-19 12:00:00,M000,north,residential,0,91.77892457662048,86.98438914216314,True,1,-4.7945354344573445,4.7945354344573445,4.7945354344573445,22.987570032267076,12,0,0,Q4
R0001333,2026-01-19 12:00:00,M001,south,commercial,0,67.80690518613619,72.30182751395238,True,1,4.494922327816184,-4.494922327816184,4.494922327816184,20.204326733100462,12,0,0,Q2
R0001334,2026-01-19 12:00:00,M002,east,industrial,0,89.89829470279207,82.44398328773408,True,1,-7.454311415057987,7.454311415057987,7.454311415057987,55.5667586726638,12,0,0,Q4
R0001335,2026-01-19 12:00:00,M003,north,residential,0,80.44615882088047,85.81302490566425,True,1,5.36686608478378,-5.36686608478378,5.36686608478378,28.803251572002377,12,0,0,Q3
R0001336,2026-01-19 12:00:00,M004,south,commercial,0,53.88308260368525,56.67665199506046,True,1,2.7935693913752075,-2.7935693913752075,2.7935693913752075,7.804029944428447,12,0,0,Q1
R0001337,2026-01-19 12:00:00,M005,east,industrial,0,106.69503124503036,101.11904897732528,True,1,-5.575982267705086,5.575982267705086,5.575982267705086,31.091578249761557,12,0,0,Q5
R0001338,2026-01-19 12:00:00,M006,north,residential,0,84.01197024729404,79.42483905013538,True,1,-4.587131197158669,4.587131197158669,4.587131197158669,21.041772619946325,12,0,0,Q3
R0001339,2026-01-19 12:00:00,M007,south,commercial,0,93.20043659022616,85.52854676515257,True,1,-7.671889825073592,7.671889825073592,7.671889825073592,58.85789348806771,12,0,0,Q4
R0001340,2026-01-19 12:00:00,M008,east,industrial,0,54.24234215223121,49.03941903725147,True,1,-5.20292311497974,5.20292311497974,5.20292311497974,27.07040894039048,12,0,0,Q1
R0001341,2026-01-19 12:00:00,M009,north,residential,0,62.02102510577348,70.50830236419499,True,1,8.487277258421507,-8.487277258421507,8.487277258421507,72.0338752613189,12,0,0,Q2
R0001342,2026-01-19 12:00:00,M010,south,commercial,0,72.28018416278628,73.02101654785992,True,1,0.7408323850736309,-0.7408323850736309,0.7408323850736309,0.5488326227738846,12,0,0,Q3
R0001343,2026-01-19 12:00:00,M011,east,industrial,0,94.14165174567997,98.84258768787356,True,1,4.7009359421935955,-4.7009359421935955,4.7009359421935955,22.098798732607587,12,0,0,Q4
R0001344,2026-01-19 12:00:00,M012,north,residential,0,81.04063909944202,79.73241424908609,True,1,-1.308224850355927,1.308224850355927,1.308224850355927,1.7114522590887877,12,0,0,Q3
R0001345,2026-01-19 12:00:00,M013,south,commercial,0,96.66351204595276,91.73684326565878,True,1,-4.92666878029398,4.92666878029398,4.92666878029398,24.27206527072337,12,0,0,Q5
R0001346,2026-01-19 12:00:00,M014,east,industrial,0,70.30159336323209,71.40245871469716,True,1,1.1008653514650746,-1.1008653514650746,1.1008653514650746,1.2119045220563223,12,0,0,Q2
R0001347,2026-01-19 12:00:00,M015,north,residential,0,53.4523516189959,69.09740349988549,True,1,15.64505188088959,-15.64505188088959,15.64505188088959,244.76764835572686,12,0,0,Q1
R0001348,2026-01-19 12:00:00,M016,south,commercial,0,74.44384193751449,78.86716564453079,True,1,4.423323707016294,-4.423323707016294,4.423323707016294,19.56579261705237,12,0,0,Q3
R0001349,2026-01-19 12:00:00,M017,east,industrial,0,41.07910390652604,41.41810845208493,True,1,0.33900454555888615,-0.33900454555888615,0.33900454555888615,0.11492408190958692,12,0,0,Q1
R0001350,2026-01-19 18:00:00,M000,north,residential,0,89.32224733341751,91.3882970308109,True,1,2.066049697393396,-2.066049697393396,2.066049697393396,4.268561352099343,18,0,0,Q4
R0001351,2026-01-19 18:00:00,M001,south,commercial,0,72.23721710008684,79.24260427252135,True,1,7.00538717243451,-7.00538717243451,7.00538717243451,49.07544943570998,18,0,0,Q3
R0001352,2026-01-19 18:00:00,M002,east,industrial,0,87.87200613109249,78.25726930313334,True,1,-9.614736827959149,9.614736827959149,9.614736827959149,92.44316427091395,18,0,0,Q4
R0001353,2026-01-19 18:00:00,M003,north,residential,0,91.35315738503888,89.24647315874194,True,1,-2.1066842262969487,2.1066842262969487,2.1066842262969487,4.438118429328373,18,0,0,Q4
R0001354,2026-01-19 18:00:00,M004,south,commercial,0,54.39332014730719,56.37630851155688,True,1,1.9829883642496853,-1.9829883642496853,1.9829883642496853,3.9322428527496425,18,0,0,Q1
R0001355,2026-01-19 18:00:00,M005,east,industrial,0,98.30235452410774,99.11230782521903,True,1,0.8099533011112925,-0.8099533011112925,0.8099533011112925,0.6560243499810801,18,0,0,Q5
R0001356,2026-01-19 18:00:00,M006,north,residential,0,93.31564880366356,82.21771162341133,True,1,-11.09793718025223,11.09793718025223,11.09793718025223,123.16420965682484,18,0,0,Q4
R0001357,2026-01-19 18:00:00,M007,south,commercial,0,96.90279317582304,91.27965868681606,True,1,-5.623134489006972,5.623134489006972,5.623134489006972,31.619641481459702,18,0,0,Q5
R0001358,2026-01-19 18:00:00,M008,east,industrial,0,47.92954825837682,54.60028420572637,True,1,6.670735947349549,-6.670735947349549,6.670735947349549,44.49871807926148,18,0,0,Q1
R0001359,2026-01-19 18:00:00,M009,north,residential,0,74.40643892673387,71.69957180460031,True,1,-2.706867122133559,2.706867122133559,2.706867122133559,7.327129616887617,18,0,0,Q3
R0001360,2026-01-19 18:00:00,M010,south,commercial,0,74.25938947937695,71.48780448786432,True,1,-2.7715849915126256,2.7715849915126256,2.7715849915126256,7.681683365178041,18,0,0,Q3
R0001361,2026-01-19 18:00:00,M011,east,industrial,0,91.8700284658542,84.5284843391435,True,1,-7.341544126710701,7.341544126710701,7.341544126710701,53.8982701644404,18,0,0,Q4
R0001362,2026-01-19 18:00:00,M012,north,residential,0,89.20739875004294,88.96639080308925,True,1,-0.24100794695368677,0.24100794695368677,0.24100794695368677,0.0580848304948311,18,0,0,Q4
R0001363,2026-01-19 18:00:00,M013,south,commercial,0,100.9079808493714,72.1459277593157,True,1,-28.7620530900557,28.7620530900557,28.7620530900557,827.2556979551828,18,0,0,Q5
R0001364,2026-01-19 18:00:00,M014,east,industrial,0,67.29651116992292,70.82982088708849,True,1,3.533309717165565,-3.533309717165565,3.533309717165565,12.484277557416606,18,0,0,Q2
R0001365,2026-01-19 18:00:00,M015,north,residential,0,60.677399089663815,64.90649037737914,True,1,4.2290912877153275,-4.2290912877153275,4.2290912877153275,17.885213119829686,18,0,0,Q2
R0001366,2026-01-19 18:00:00,M016,south,commercial,0,71.45894515097163,75.4245153832599,True,1,3.9655702322882718,-3.9655702322882718,3.9655702322882718,15.725747267210858,18,0,0,Q3
R0001367,2026-01-19 18:00:00,M017,east,industrial,0,38.75450541297721,40.61843607675608,True,1,1.8639306637788735,-1.8639306637788735,1.8639306637788735,3.474237519375152,18,0,0,Q1
R0001368,2026-01-20 00:00:00,M000,north,residential,0,91.30604015670274,80.2784587645174,True,1,-11.02758139218534,11.02758139218534,11.02758139218534,121.60755136127236,0,1,0,Q4
R0001369,2026-01-20 00:00:00,M001,south,commercial,0,56.86336793655568,72.8365898988949,True,1,15.973221962339217,-15.973221962339217,15.973221962339217,255.1438198581559,0,1,0,Q2
R0001370,2026-01-20 00:00:00,M002,east,industrial,0,91.36309409837784,87.81048189671674,True,1,-3.5526122016611055,3.5526122016611055,3.5526122016611055,12.621053455391367,0,1,0,Q4
R0001371,2026-01-20 00:00:00,M003,north,residential,0,88.54937411964534,88.9374154724478,True,1,0.38804135280246044,-0.38804135280246044,0.38804135280246044,0.15057609148476356,0,1,0,Q4
R0001372,2026-01-20 00:00:00,M004,south,commercial,0,34.35225774416879,36.05507239398356,True,1,1.7028146498147692,-1.7028146498147692,1.7028146498147692,2.8995777316237947,0,1,0,Q1
R0001373,2026-01-20 00:00:00,M005,east,industrial,0,97.62391527758594,99.117504765444,True,1,1.4935894878580598,-1.4935894878580598,1.4935894878580598,2.2308095582401015,0,1,0,Q5
R0001374,2026-01-20 00:00:00,M006,north,residential,0,88.8329424060849,78.10704561572399,True,1,-10.725896790360906,10.725896790360906,10.725896790360906,115.04486195747438,0,1,0,Q4
R0001375,2026-01-20 00:00:00,M007,south,commercial,0,75.38712124210782,76.55652655270016,True,1,1.1694053105923388,-1.1694053105923388,1.1694053105923388,1.3675087804415642,0,1,0,Q3
R0001376,2026-01-20 00:00:00,M008,east,industrial,0,50.96798534903083,48.82869813506584,True,1,-2.139287213964991,2.139287213964991,2.139287213964991,4.576549783834094,0,1,0,Q1
R0001377,2026-01-20 00:00:00,M009,north,residential,0,70.7509484665917,72.40432981011638,True,1,1.6533813435246856,-1.6533813435246856,1.6533813435246856,2.7336698671154944,0,1,0,Q2
R0001378,2026-01-20 00:00:00,M010,south,commercial,0,59.926168521685184,56.6355578746942,True,1,-3.2906106469909844,3.2906106469909844,3.2906106469909844,10.828118430090425,0,1,0,Q2
R0001379,2026-01-20 00:00:00,M011,east,industrial,0,95.44998235803126,69.47026732558301,True,1,-25.979715032448254,25.979715032448254,25.979715032448254,674.9455931672178,0,1,0,Q4
R0001380,2026-01-20 00:00:00,M012,north,residential,0,83.82337989638374,87.60776396195575,True,1,3.784384065572013,-3.784384065572013,3.784384065572013,14.321562755755357,0,1,0,Q3
R0001381,2026-01-20 00:00:00,M013,south,commercial,0,84.85589469883163,71.12885873638,True,1,-13.727035962451637,13.727035962451637,13.727035962451637,188.43151631444056,0,1,0,Q3
R0001382,2026-01-20 00:00:00,M014,east,industrial,0,70.6694954567005,66.18995368729438,True,1,-4.479541769406126,4.479541769406126,4.479541769406126,20.066294463854163,0,1,0,Q2
R0001383,2026-01-20 00:00:00,M015,north,residential,0,63.36124364004531,61.95859440641116,True,1,-1.4026492336341505,1.4026492336341505,1.4026492336341505,1.9674248726144696,0,1,0,Q2
R0001384,2026-01-20 00:00:00,M016,south,commercial,0,60.05072608145101,63.7672684358148,True,1,3.7165423543637885,-3.7165423543637885,3.7165423543637885,13.812687071779932,0,1,0,Q2
R0001385,2026-01-20 00:00:00,M017,east,industrial,0,42.30678555955844,40.72209348833987,True,1,-1.5846920712185693,1.5846920712185693,1.5846920712185693,2.511248960582999,0,1,0,Q1
R0001386,2026-01-20 06:00:00,M000,north,residential,0,93.63908533964864,82.83484157501998,True,1,-10.804243764628666,10.804243764628666,10.804243764628666,116.73168332551741,6,1,0,Q4
R0001387,2026-01-20 06:00:00,M001,south,commercial,0,48.42018703888324,71.22805162501041,True,1,22.807864586127167,-22.807864586127167,22.807864586127167,520.1986869791137,6,1,0,Q1
R0001388,2026-01-20 06:00:00,M002,east,industrial,0,84.87162269756506,88.31265538921174,True,1,3.441032691646683,-3.441032691646683,3.441032691646683,11.840705984981216,6,1,0,Q3
R0001389,2026-01-20 06:00:00,M003,north,residential,0,86.10037835289394,87.00254640601155,True,1,0.902168053117606,-0.902168053117606,0.902168053117606,0.8139071960660115,6,1,0,Q3
R0001390,2026-01-20 06:00:00,M004,south,commercial,0,42.28663490936425,43.58475042465879,True,1,1.2981155152945405,-1.2981155152945405,1.2981155152945405,1.6851038910484104,6,1,0,Q1
R0001391,2026-01-20 06:00:00,M005,east,industrial,0,106.5185575677856,99.80351108883748,True,1,-6.715046478948125,6.715046478948125,6.715046478948125,45.09184921443361,6,1,0,Q5
R0001392,2026-01-20 06:00:00,M006,north,residential,0,88.28103281305427,87.17480737803129,True,1,-1.1062254350229779,1.1062254350229779,1.1062254350229779,1.2237347130917766,6,1,0,Q4
R0001393,2026-01-20 06:00:00,M007,south,commercial,1,60.28318657177122,64.82297927073608,True,1,4.539792698964867,-4.539792698964867,4.539792698964867,20.60971774957471,6,1,0,Q2
R0001394,2026-01-20 06:00:00,M008,east,industrial,0,49.86133919658264,49.13498949369479,True,1,-0.7263497028878518,0.7263497028878518,0.7263497028878518,0.5275838908852706,6,1,0,Q1
R0001395,2026-01-20 06:00:00,M009,north,residential,0,74.22635322110489,72.93660011297152,True,1,-1.2897531081333682,1.2897531081333682,1.2897531081333682,1.6634630799396837,6,1,0,Q3
R0001396,2026-01-20 06:00:00,M010,south,commercial,0,54.48797495127461,50.95383225203808,True,1,-3.5341426992365257,3.5341426992365257,3.5341426992365257,12.490164618566835,6,1,0,Q1
R0001397,2026-01-20 06:00:00,M011,east,industrial,0,89.85574129094323,76.71932038159068,True,1,-13.136420909352552,13.136420909352552,13.136420909352552,172.56555430767492,6,1,0,Q4
R0001398,2026-01-20 06:00:00,M012,north,residential,1,83.88613706670442,86.00459227775119,True,1,2.118455211046765,-2.118455211046765,2.118455211046765,4.487852481211194,6,1,0,Q3
R0001399,2026-01-20 06:00:00,M013,south,commercial,0,82.37794009474842,70.33765192700359,True,1,-12.040288167744833,12.040288167744833,12.040288167744833,144.96853916233624,6,1,0,Q3
R0001400,2026-01-20 06:00:00,M014,east,industrial,0,66.56693689803221,67.32523572766199,True,1,0.7582988296297799,-0.7582988296297799,0.7582988296297799,0.575017115017894,6,1,0,Q2
R0001401,2026-01-20 06:00:00,M015,north,residential,0,59.24365106291227,64.24672126231961,True,1,5.00307019940734,-5.00307019940734,5.00307019940734,25.030711420197797,6,1,0,Q2
R0001402,2026-01-20 06:00:00,M016,south,commercial,0,59.26436720315085,70.67954436999456,True,1,11.415177166843712,-11.415177166843712,11.415177166843712,130.30626975043003,6,1,0,Q2
R0001403,2026-01-20 06:00:00,M017,east,industrial,0,44.56502093721397,40.784030849053806,True,1,-3.7809900881601664,3.7809900881601664,3.7809900881601664,14.295886046765423,6,1,0,Q1
R0001404,2026-01-20 12:00:00,M000,north,residential,0,88.12600578290426,87.90251834665439,True,1,-0.22348743624986867,0.22348743624986867,0.22348743624986867,0.04994663416153911,12,1,0,Q4
R0001405,2026-01-20 12:00:00,M001,south,commercial,0,72.11116765033294,76.9886428623001,True,1,4.877475211967152,-4.877475211967152,4.877475211967152,23.789764443354013,12,1,0,Q3
R0001406,2026-01-20 12:00:00,M002,east,industrial,0,90.29431868891234,85.58863558081514,True,1,-4.705683108097205,4.705683108097205,4.705683108097205,22.143453513831368,12,1,0,Q4
R0001407,2026-01-20 12:00:00,M003,north,residential,0,82.83781230261687,86.27158795675744,True,1,3.4337756541405753,-3.4337756541405753,3.4337756541405753,11.790815242968536,12,1,0,Q3
R0001408,2026-01-20 12:00:00,M004,south,commercial,0,56.44518584873678,54.80908842348524,True,1,-1.6360974252515348,1.6360974252515348,1.6360974252515348,2.6768147849147015,12,1,0,Q2
R0001409,2026-01-20 12:00:00,M005,east,industrial,0,102.59885340402828,99.78914780830073,True,1,-2.80970559572755,2.80970559572755,2.80970559572755,7.894445534662707,12,1,0,Q5
R0001410,2026-01-20 12:00:00,M006,north,residential,0,85.15899218695645,87.12965167244049,True,1,1.9706594854840347,-1.9706594854840347,1.9706594854840347,3.8834988077282,12,1,0,Q3
R0001411,2026-01-20 12:00:00,M007,south,commercial,0,97.22855847259234,74.74285226049128,True,1,-22.485706212101064,22.485706212101064,22.485706212101064,505.6069838569204,12,1,0,Q5
R0001412,2026-01-20 12:00:00,M008,east,industrial,0,42.28059611295558,48.807025770605215,True,1,6.526429657649636,-6.526429657649636,6.526429657649636,42.59428407624875,12,1,0,Q1
R0001413,2026-01-20 12:00:00,M009,north,residential,0,62.49990131432602,70.94731013196149,True,1,8.44740881763547,-8.44740881763547,8.44740881763547,71.35871573226548,12,1,0,Q2
R0001414,2026-01-20 12:00:00,M010,south,commercial,0,69.61837380642753,69.31663693932731,True,1,-0.3017368671002174,0.3017368671002174,0.3017368671002174,0.09104513696745427,12,1,0,Q2
R0001415,2026-01-20 12:00:00,M011,east,industrial,0,92.79405343960268,64.36809153626051,True,1,-28.42596190334217,28.42596190334217,28.42596190334217,808.0353101302604,12,1,0,Q4
R0001416,2026-01-20 12:00:00,M012,north,residential,0,79.17227306103935,85.5850624771772,True,1,6.412789416137855,-6.412789416137855,6.412789416137855,41.12386809572969,12,1,0,Q3
R0001417,2026-01-20 12:00:00,M013,south,commercial,0,102.2453227513366,78.83094616342417,True,1,-23.41437658791243,23.41437658791243,23.41437658791243,548.2330310005817,12,1,0,Q5
R0001418,2026-01-20 12:00:00,M014,east,industrial,0,66.36398064655539,71.67029061458342,True,1,5.306309968028032,-5.306309968028032,5.306309968028032,28.15692547679365,12,1,0,Q2
R0001419,2026-01-20 12:00:00,M015,north,residential,0,47.31713132294873,57.31446989453803,True,1,9.997338571589296,-9.997338571589296,9.997338571589296,99.9467785149871,12,1,0,Q1
R0001420,2026-01-20 12:00:00,M016,south,commercial,0,73.79158259156631,77.81587010416274,True,1,4.02428751259643,-4.02428751259643,4.02428751259643,16.194889984039566,12,1,0,Q3
R0001421,2026-01-20 12:00:00,M017,east,industrial,0,41.88603106213566,45.88646065825655,True,1,4.000429596120895,-4.000429596120895,4.000429596120895,16.00343695351999,12,1,0,Q1
R0001422,2026-01-20 18:00:00,M000,north,residential,0,94.73789883778215,92.73974277896428,True,1,-1.9981560588178695,1.9981560588178695,1.9981560588178695,3.992627635390561,18,1,0,Q4
R0001423,2026-01-20 18:00:00,M001,south,commercial,0,69.55479434175714,73.7796168205445,True,1,4.22482247878736,-4.22482247878736,4.22482247878736,17.84912497726697,18,1,0,Q2
R0001424,2026-01-20 18:00:00,M002,east,industrial,0,86.98857073832787,88.86871385217725,True,1,1.8801431138493854,-1.8801431138493854,1.8801431138493854,3.534938128555263,18,1,0,Q4
R0001425,2026-01-20 18:00:00,M003,north,residential,0,90.01443795834386,90.14429140538968,True,1,0.12985344704581792,-0.12985344704581792,0.12985344704581792,0.016861917709681037,18,1,0,Q4
R0001426,2026-01-20 18:00:00,M004,south,commercial,0,50.950730519550206,54.42513036592998,True,1,3.474399846379775,-3.474399846379775,3.474399846379775,12.071454292523805,18,1,0,Q1
R0001427,2026-01-20 18:00:00,M005,east,industrial,0,96.83712135745616,100.9504828279136,True,1,4.113361470457448,-4.113361470457448,4.113361470457448,16.919742586643864,18,1,0,Q5
R0001428,2026-01-20 18:00:00,M006,north,residential,0,88.11856014533257,88.00081422645898,True,1,-0.11774591887358099,0.11774591887358099,0.11774591887358099,0.013864101411383917,18,1,0,Q4
R0001429,2026-01-20 18:00:00,M007,south,commercial,0,91.9867395290127,84.30462316928792,True,1,-7.682116359724773,7.682116359724773,7.682116359724773,59.014911764351,18,1,0,Q4
R0001430,2026-01-20 18:00:00,M008,east,industrial,0,47.21099281898629,49.07439553386016,True,1,1.863402714873871,-1.863402714873871,1.863402714873871,3.472269677799313,18,1,0,Q1
R0001431,2026-01-20 18:00:00,M009,north,residential,0,73.58390910239531,77.31536160624105,True,1,3.7314525038457447,-3.7314525038457447,3.7314525038457447,13.923737788456677,18,1,0,Q3
R0001432,2026-01-20 18:00:00,M010,south,commercial,0,72.27554881964588,72.79251059632908,True,1,0.5169617766832033,-0.5169617766832033,0.5169617766832033,0.26724947855145414,18,1,0,Q3
R0001433,2026-01-20 18:00:00,M011,east,industrial,0,90.80856470596106,70.50727828517321,True,1,-20.301286420787847,20.301286420787847,20.301286420787847,412.14223033886503,18,1,0,Q4
R0001434,2026-01-20 18:00:00,M012,north,residential,0,91.25878654729496,85.6044589282383,True,1,-5.654327619056659,5.654327619056659,5.654327619056659,31.971420823626943,18,1,0,Q4
R0001435,2026-01-20 18:00:00,M013,south,commercial,0,97.50831606241276,76.24766746273036,True,1,-21.260648599682398,21.260648599682398,21.260648599682398,452.0151788791771,18,1,0,Q5
R0001436,2026-01-20 18:00:00,M014,east,industrial,0,63.83785444635914,68.3854815133853,True,1,4.547627067026163,-4.547627067026163,4.547627067026163,20.680911940748977,18,1,0,Q2
R0001437,2026-01-20 18:00:00,M015,north,residential,0,62.70482262500376,63.94816954712528,True,1,1.2433469221215248,-1.2433469221215248,1.2433469221215248,1.545911568749069,18,1,0,Q2
R0001438,2026-01-20 18:00:00,M016,south,commercial,0,71.66585124228459,70.33237031931498,True,1,-1.3334809229696134,1.3334809229696134,1.3334809229696134,1.778171371923892,18,1,0,Q3
R0001439,2026-01-20 18:00:00,M017,east,industrial,0,32.68995701785539,43.490182338478434,True,1,10.800225320623042,-10.800225320623042,10.800225320623042,116.64486697622709,18,1,0,Q1
R0001440,2026-01-21 00:00:00,M000,north,residential,0,93.28202344762504,89.21090181479723,True,1,-4.071121632827811,4.071121632827811,4.071121632827811,16.574031349278584,0,2,0,Q4
R0001441,2026-01-21 00:00:00,M001,south,commercial,0,57.250322343138095,57.013822267701656,True,1,-0.2365000754364388,0.2365000754364388,0.2365000754364388,0.05593228568144125,0,2,0,Q2
R0001442,2026-01-21 00:00:00,M002,east,industrial,0,90.1606635525219,87.80495694025053,True,1,-2.355706612271362,2.355706612271362,2.355706612271362,5.549353643099018,0,2,0,Q4
R0001443,2026-01-21 00:00:00,M003,north,residential,0,91.01559997870352,87.86362664139392,True,1,-3.151973337309599,3.151973337309599,3.151973337309599,9.93493591911061,0,2,0,Q4
R0001444,2026-01-21 00:00:00,M004,south,commercial,0,36.06350856783559,37.20886817523985,True,1,1.1453596074042594,-1.1453596074042594,1.1453596074042594,1.311848630273239,0,2,0,Q1
R0001445,2026-01-21 00:00:00,M005,east,industrial,0,97.82845606965432,100.45466349634012,True,1,2.626207426685795,-2.626207426685795,2.626207426685795,6.896965447979626,0,2,0,Q5
R0001446,2026-01-21 00:00:00,M006,north,residential,0,96.59120152048462,87.43728788234834,True,1,-9.153913638136274,9.153913638136274,9.153913638136274,83.79413489445727,0,2,0,Q5
R0001447,2026-01-21 00:00:00,M007,south,commercial,0,76.38045771780017,78.09275396425079,True,1,1.7122962464506202,-1.7122962464506202,1.7122962464506202,2.931958435608883,0,2,0,Q3
R0001448,2026-01-21 00:00:00,M008,east,industrial,0,46.0378775719426,47.58495814118699,True,1,1.547080569244386,-1.547080569244386,1.547080569244386,2.3934582877335338,0,2,0,Q1
R0001449,2026-01-21 00:00:00,M009,north,residential,0,71.4537960442496,71.52388212830984,True,1,0.07008608406023598,-0.07008608406023598,0.07008608406023598,0.004912059178898464,0,2,0,Q3
R0001450,2026-01-21 00:00:00,M010,south,commercial,0,57.12292201795464,58.95498968801868,True,1,1.8320676700640348,-1.8320676700640348,1.8320676700640348,3.356471947693861,0,2,0,Q2
R0001451,2026-01-21 00:00:00,M011,east,industrial,0,99.22786476983552,89.68112126254111,True,1,-9.546743507294408,9.546743507294408,9.546743507294408,91.14031159406794,0,2,0,Q5
R0001452,2026-01-21 00:00:00,M012,north,residential,0,88.38724925303345,80.22885610289589,True,1,-8.158393150137556,8.158393150137556,8.158393150137556,66.55937879221139,0,2,0,Q4
R0001453,2026-01-21 00:00:00,M013,south,commercial,0,84.3492188750301,79.4329152376843,True,1,-4.9163036373458056,4.9163036373458056,4.9163036373458056,24.170041454579597,0,2,0,Q3
R0001454,2026-01-21 00:00:00,M014,east,industrial,0,65.5475731824085,69.87986798068843,True,1,4.332294798279932,-4.332294798279932,4.332294798279932,18.768778219203355,0,2,0,Q2
R0001455,2026-01-21 00:00:00,M015,north,residential,0,60.628039380533984,64.47934698197679,True,1,3.851307601442805,-3.851307601442805,3.851307601442805,14.832570240931133,0,2,0,Q2
R0001456,2026-01-21 00:00:00,M016,south,commercial,0,57.7705070852705,57.03785635261557,True,1,-0.7326507326549319,0.7326507326549319,0.7326507326549319,0.5367770960598084,0,2,0,Q2
R0001457,2026-01-21 00:00:00,M017,east,industrial,0,39.679379156450445,42.49049240656416,True,1,2.8111132501137135,-2.8111132501137135,2.8111132501137135,7.902357704964886,0,2,0,Q1
R0001458,2026-01-21 06:00:00,M000,north,residential,0,88.69100540854431,87.71463486771809,True,1,-0.976370540826224,0.976370540826224,0.976370540826224,0.9532994329932931,6,2,0,Q4
R0001459,2026-01-21 06:00:00,M001,south,commercial,0,57.21774033921778,52.82306231166012,True,1,-4.39467802755766,4.39467802755766,4.39467802755766,19.313194965898084,6,2,0,Q2
R0001460,2026-01-21 06:00:00,M002,east,industrial,0,92.3809982746088,87.38341009234688,True,1,-4.9975881822619215,4.9975881822619215,4.9975881822619215,24.975887639484018,6,2,0,Q4
R0001461,2026-01-21 06:00:00,M003,north,residential,0,91.5607706731386,87.52384221240048,True,1,-4.036928460738125,4.036928460738125,4.036928460738125,16.296791397117484,6,2,0,Q4
R0001462,2026-01-21 06:00:00,M004,south,commercial,1,27.77053339140193,35.85317827636891,True,1,8.082644884966978,-8.082644884966978,8.082644884966978,65.32914833648286,6,2,0,Q1
R0001463,2026-01-21 06:00:00,M005,east,industrial,0,102.59047489192596,100.56197834527084,True,1,-2.02849654665512,2.02849654665512,2.02849654665512,4.114798239791747,6,2,0,Q5
R0001464,2026-01-21 06:00:00,M006,north,residential,0,85.4877997704669,88.24990496912733,True,1,2.7621051986604215,-2.7621051986604215,2.7621051986604215,7.629225128466927,6,2,0,Q3
R0001465,2026-01-21 06:00:00,M007,south,commercial,0,74.69015015298731,70.84709243875572,True,1,-3.843057714231591,3.843057714231591,3.843057714231591,14.769092594914943,6,2,0,Q3
R0001466,2026-01-21 06:00:00,M008,east,industrial,0,52.06354321177536,49.051933297846105,True,1,-3.011609913929256,3.011609913929256,3.011609913929256,9.06979427367698,6,2,0,Q1
R0001467,2026-01-21 06:00:00,M009,north,residential,0,70.48605043543787,69.52994245349143,True,1,-0.9561079819464453,0.9561079819464453,0.9561079819464453,0.9141424731417042,6,2,0,Q2
R0001468,2026-01-21 06:00:00,M010,south,commercial,0,54.20884931036247,61.150341796876496,True,1,6.941492486514029,-6.941492486514029,6.941492486514029,48.18431794033072,6,2,0,Q1
R0001469,2026-01-21 06:00:00,M011,east,industrial,0,94.54051707452136,95.43611746391257,True,1,0.8956003893912055,-0.8956003893912055,0.8956003893912055,0.8021000574776789,6,2,0,Q4
R0001470,2026-01-21 06:00:00,M012,north,residential,0,88.28332775181389,85.21870530495742,True,1,-3.064622446856461,3.064622446856461,3.064622446856461,9.391910741776483,6,2,0,Q4
R0001471,2026-01-21 06:00:00,M013,south,commercial,0,82.84401467913489,79.76344472728194,True,1,-3.080569951852951,3.080569951852951,3.080569951852951,9.489911228259292,6,2,0,Q3
R0001472,2026-01-21 06:00:00,M014,east,industrial,0,69.99186505301141,69.46707299996208,True,1,-0.5247920530493246,0.5247920530493246,0.5247920530493246,0.27540669894372516,6,2,0,Q2
R0001473,2026-01-21 06:00:00,M015,north,residential,0,56.67789220326914,60.02222589903504,True,1,3.3443336957659042,-3.3443336957659042,3.3443336957659042,11.18456786863523,6,2,0,Q2
R0001474,2026-01-21 06:00:00,M016,south,commercial,0,61.897105907996206,55.29210614304739,True,1,-6.604999764948815,6.604999764948815,6.604999764948815,43.626021894973896,6,2,0,Q2
R0001475,2026-01-21 06:00:00,M017,east,industrial,0,48.44765976430144,44.644074667675376,True,1,-3.8035850966260654,3.8035850966260654,3.8035850966260654,14.467259587275915,6,2,0,Q1
R0001476,2026-01-21 12:00:00,M000,north,residential,0,93.47232964215506,87.6462931143156,True,1,-5.826036527839463,5.826036527839463,5.826036527839463,33.94270162371971,12,2,0,Q4
R0001477,2026-01-21 12:00:00,M001,south,commercial,0,71.44563685058938,71.1459901752584,True,1,-0.2996466753309761,0.2996466753309761,0.2996466753309761,0.0897881300369074,12,2,0,Q3
R0001478,2026-01-21 12:00:00,M002,east,industrial,0,86.04367040120133,87.84872048519892,True,1,1.8050500839975996,-1.8050500839975996,1.8050500839975996,3.2582058057397414,12,2,0,Q3
R0001479,2026-01-21 12:00:00,M003,north,residential,0,82.18747298403167,75.78648920580478,True,1,-6.4009837782268875,6.4009837782268875,6.4009837782268875,40.97259332912376,12,2,0,Q3
R0001480,2026-01-21 12:00:00,M004,south,commercial,0,61.64162056850664,55.39522440887181,True,1,-6.246396159634827,6.246396159634827,6.246396159634827,39.017464983100716,12,2,0,Q2
R0001481,2026-01-21 12:00:00,M005,east,industrial,0,98.52407705611324,96.37063575009702,True,1,-2.1534413060162194,2.1534413060162194,2.1534413060162194,4.637309458456841,12,2,0,Q5
R0001482,2026-01-21 12:00:00,M006,north,residential,0,86.22170557133937,86.16805250911027,True,1,-0.05365306222910249,0.05365306222910249,0.05365306222910249,0.002878651086559944,12,2,0,Q3
R0001483,2026-01-21 12:00:00,M007,south,commercial,0,89.79014674423685,88.38459715992687,True,1,-1.4055495843099806,1.4055495843099806,1.4055495843099806,1.9755696339539592,12,2,0,Q4
R0001484,2026-01-21 12:00:00,M008,east,industrial,0,47.53297556600935,49.406907851159616,True,1,1.8739322851502678,-1.8739322851502678,1.8739322851502678,3.5116222093285043,12,2,0,Q1
R0001485,2026-01-21 12:00:00,M009,north,residential,0,58.54607191814873,70.32843578340042,True,1,11.782363865251689,-11.782363865251689,11.782363865251689,138.82409825318874,12,2,0,Q2
R0001486,2026-01-21 12:00:00,M010,south,commercial,0,67.12169675548495,76.75631352215049,True,1,9.634616766665545,-9.634616766665545,9.634616766665545,92.82584024051283,12,2,0,Q2
R0001487,2026-01-21 12:00:00,M011,east,industrial,0,96.71228080209936,96.5896375317558,True,1,-0.12264327034355915,0.12264327034355915,0.12264327034355915,0.015041371760563336,12,2,0,Q5
R0001488,2026-01-21 12:00:00,M012,north,residential,0,78.64347129196754,83.86700959236919,True,1,5.223538300401643,-5.223538300401643,5.223538300401643,27.285352375762884,12,2,0,Q3
R0001489,2026-01-21 12:00:00,M013,south,commercial,0,92.48595561232652,92.23524932984884,True,1,-0.25070628247767957,0.25070628247767957,0.25070628247767957,0.06285364007377806,12,2,0,Q4
R0001490,2026-01-21 12:00:00,M014,east,industrial,0,65.82438422875855,63.1454785803916,True,1,-2.6789056483669498,2.6789056483669498,2.6789056483669498,7.176535472852348,12,2,0,Q2
R0001491,2026-01-21 12:00:00,M015,north,residential,0,54.27040012148378,58.629454856881495,True,1,4.359054735397713,-4.359054735397713,4.359054735397713,19.001358186193226,12,2,0,Q1
R0001492,2026-01-21 12:00:00,M016,south,commercial,0,72.95629756247642,69.3384824818479,True,1,-3.6178150806285174,3.6178150806285174,3.6178150806285174,13.088585957623126,12,2,0,Q3
R0001493,2026-01-21 12:00:00,M017,east,industrial,0,41.25581575647736,46.03526923457257,True,1,4.779453478095206,-4.779453478095206,4.779453478095206,22.843175549276364,12,2,0,Q1
R0001494,2026-01-21 18:00:00,M000,north,residential,0,94.07814616111148,89.31447096302817,True,1,-4.763675198083305,4.763675198083305,4.763675198083305,22.692601392834018,18,2,0,Q4
R0001495,2026-01-21 18:00:00,M001,south,commercial,0,67.9117983250647,68.75650222102897,True,1,0.8447038959642725,-0.8447038959642725,0.8447038959642725,0.7135246718572206,18,2,0,Q2
R0001496,2026-01-21 18:00:00,M002,east,industrial,0,89.55101711993323,88.32508489552288,True,1,-1.2259322244103572,1.2259322244103572,1.2259322244103572,1.5029098188477263,18,2,0,Q4
R0001497,2026-01-21 18:00:00,M003,north,residential,0,85.762054645212,83.17117946074131,True,1,-2.59087518447069,2.59087518447069,2.59087518447069,6.712634221506031,18,2,0,Q3
R0001498,2026-01-21 18:00:00,M004,south,commercial,0,57.425019241947226,53.58330566863247,True,1,-3.841713573314756,3.841713573314756,3.841713573314756,14.758763179390831,18,2,0,Q2
R0001499,2026-01-21 18:00:00,M005,east,industrial,0,99.1817848187563,96.66146422816452,True,1,-2.52032059059178,2.52032059059178,2.52032059059178,6.352015879360898,18,2,0,Q5
R0001500,2026-01-21 18:00:00,M006,north,residential,0,88.18932147715923,90.03843290658139,True,1,1.849111429422166,-1.849111429422166,1.849111429422166,3.419213078419686,18,2,0,Q4
R0001501,2026-01-21 18:00:00,M007,south,commercial,0,91.21667245542189,71.79806195141818,True,1,-19.41861050400371,19.41861050400371,19.41861050400371,377.08243390620316,18,2,0,Q4
R0001502,2026-01-21 18:00:00,M008,east,industrial,0,44.37396202113066,48.37089799461422,True,1,3.9969359734835592,-3.9969359734835592,3.9969359734835592,15.975497176126968,18,2,0,Q1
R0001503,2026-01-21 18:00:00,M009,north,residential,0,74.46186543114248,72.94246589238,True,1,-1.5193995387624852,1.5193995387624852,1.5193995387624852,2.308574958391653,18,2,0,Q3
R0001504,2026-01-21 18:00:00,M010,south,commercial,0,72.70253203324073,71.5813100604398,True,1,-1.1212219728009245,1.1212219728009245,1.1212219728009245,1.2571387122915971,18,2,0,Q3
R0001505,2026-01-21 18:00:00,M011,east,industrial,0,88.59492621848678,95.65228745857456,True,1,7.057361240087786,-7.057361240087786,7.057361240087786,49.80634767309342,18,2,0,Q4
R0001506,2026-01-21 18:00:00,M012,north,residential,0,86.73166177174005,88.5199194040834,True,1,1.7882576323433454,-1.7882576323433454,1.7882576323433454,3.1978653596342275,18,2,0,Q3
R0001507,2026-01-21 18:00:00,M013,south,commercial,0,88.70715477400458,91.88423340899622,True,1,3.177078634991645,-3.177078634991645,3.177078634991645,10.093828652920374,18,2,0,Q4
R0001508,2026-01-21 18:00:00,M014,east,industrial,0,62.76795711385765,67.17561312228209,True,1,4.407656008424439,-4.407656008424439,4.407656008424439,19.42743148860006,18,2,0,Q2
R0001509,2026-01-21 18:00:00,M015,north,residential,0,64.62606945999215,62.82208387626272,True,1,-1.8039855837294354,1.8039855837294354,1.8039855837294354,3.2543639863036318,18,2,0,Q2
R0001510,2026-01-21 18:00:00,M016,south,commercial,0,69.35781081519616,74.15031026323337,True,1,4.792499448037205,-4.792499448037205,4.792499448037205,22.968050959436916,18,2,0,Q2
R0001511,2026-01-21 18:00:00,M017,east,industrial,0,34.06148993601322,41.24234485593058,True,1,7.1808549199173655,-7.1808549199173655,7.1808549199173655,51.564677380901436,18,2,0,Q1
R0001512,2026-01-22 00:00:00,M000,north,residential,0,97.475721360149,87.05713550399612,True,1,-10.418585856152873,10.418585856152873,10.418585856152873,108.5469312420287,0,3,0,Q5
R0001513,2026-01-22 00:00:00,M001,south,commercial,0,58.64044156633484,54.98379845819797,True,1,-3.656643108136876,3.656643108136876,3.656643108136876,13.371038820284914,0,3,0,Q2
R0001514,2026-01-22 00:00:00,M002,east,industrial,0,91.30504347675392,88.81320868421136,True,1,-2.491834792542562,2.491834792542562,2.491834792542562,6.209240633325634,0,3,0,Q4
R0001515,2026-01-22 00:00:00,M003,north,residential,0,86.92752338825495,84.19908526209439,True,1,-2.728438126160569,2.728438126160569,2.728438126160569,7.444374608286596,0,3,0,Q4
R0001516,2026-01-22 00:00:00,M004,south,commercial,0,35.67506615911928,35.34381236452786,True,1,-0.3312537945914258,0.3312537945914258,0.3312537945914258,0.10972907643121851,0,3,0,Q1
R0001517,2026-01-22 00:00:00,M005,east,industrial,0,103.41639690083714,95.82270737711896,True,1,-7.593689523718183,7.593689523718183,7.593689523718183,57.664120582627284,0,3,0,Q5
R0001518,2026-01-22 00:00:00,M006,north,residential,0,89.21745943838948,89.30706530306075,True,1,0.0896058646712703,-0.0896058646712703,0.0896058646712703,0.008029210983486006,0,3,0,Q4
R0001519,2026-01-22 00:00:00,M007,south,commercial,0,77.48535137082361,71.92461183228983,True,1,-5.560739538533781,5.560739538533781,5.560739538533781,30.921824215412887,0,3,0,Q3
R0001520,2026-01-22 00:00:00,M008,east,industrial,0,50.60793876959073,48.35686652920217,True,1,-2.2510722403885595,2.2510722403885595,2.2510722403885595,5.067326231447969,0,3,0,Q1
R0001521,2026-01-22 00:00:00,M009,north,residential,0,72.8366917917676,72.56097988446422,True,1,-0.2757119073033891,0.2757119073033891,0.2757119073033891,0.07601705582887264,0,3,0,Q3
R0001522,2026-01-22 00:00:00,M010,south,commercial,0,58.99407604560476,58.54319490367124,True,1,-0.4508811419335146,0.4508811419335146,0.4508811419335146,0.20329380415127013,0,3,0,Q2
R0001523,2026-01-22 00:00:00,M011,east,industrial,0,98.7197986170821,94.74798806052117,True,1,-3.971810556560939,3.971810556560939,3.971810556560939,15.775279097208918,0,3,0,Q5
R0001524,2026-01-22 00:00:00,M012,north,residential,0,95.48532153015418,88.98524381862104,True,1,-6.500077711533137,6.500077711533137,6.500077711533137,42.25101025596987,0,3,0,Q4
R0001525,2026-01-22 00:00:00,M013,south,commercial,0,84.2274285550318,78.73005337334371,True,1,-5.497375181688099,5.497375181688099,5.497375181688099,30.22113388824026,0,3,0,Q3
R0001526,2026-01-22 00:00:00,M014,east,industrial,0,66.59410902782682,66.03077603314583,True,1,-0.5633329946809909,0.5633329946809909,0.5633329946809909,0.3173440628962533,0,3,0,Q2
R0001527,2026-01-22 00:00:00,M015,north,residential,0,62.57184663663333,64.64751255497079,True,1,2.0756659183374566,-2.0756659183374566,2.0756659183374566,4.308389004547677,0,3,0,Q2
R0001528,2026-01-22 00:00:00,M016,south,commercial,0,58.04797751688685,69.07903963116242,True,1,11.031062114275564,-11.031062114275564,11.031062114275564,121.68433136900566,0,3,0,Q2
R0001529,2026-01-22 00:00:00,M017,east,industrial,0,44.83774197897174,42.40783382828475,True,1,-2.429908150686991,2.429908150686991,2.429908150686991,5.904453620775073,0,3,0,Q1
R0001530,2026-01-22 06:00:00,M000,north,residential,0,92.68825904819695,90.43036469071878,True,1,-2.257894357478179,2.257894357478179,2.257894357478179,5.0980869295317985,6,3,0,Q4
R0001531,2026-01-22 06:00:00,M001,south,commercial,0,60.3197536013813,55.559165126208114,True,1,-4.760588475173186,4.760588475173186,4.760588475173186,22.663202629951765,6,3,0,Q2
R0001532,2026-01-22 06:00:00,M002,east,industrial,0,92.52354005363878,88.7916976085393,True,1,-3.7318424450994883,3.7318424450994883,3.7318424450994883,13.926648035046128,6,3,0,Q4
R0001533,2026-01-22 06:00:00,M003,north,residential,0,90.52594337477468,80.59509928527437,True,1,-9.930844089500312,9.930844089500312,9.930844089500312,98.62166432996327,6,3,0,Q4
R0001534,2026-01-22 06:00:00,M004,south,commercial,0,39.74713150635159,36.242462002814,True,1,-3.504669503537592,3.504669503537592,3.504669503537592,12.28270832902643,6,3,0,Q1
R0001535,2026-01-22 06:00:00,M005,east,industrial,0,102.94407111339632,91.78634318257907,True,1,-11.157727930817245,11.157727930817245,11.157727930817245,124.49489257813929,6,3,0,Q5
R0001536,2026-01-22 06:00:00,M006,north,residential,0,99.38988884609616,89.16227173386693,True,1,-10.227617112229225,10.227617112229225,10.227617112229225,104.60415179436409,6,3,0,Q5
R0001537,2026-01-22 06:00:00,M007,south,commercial,0,76.07488260429687,76.76947894232207,True,1,0.6945963380251925,-0.6945963380251925,0.6945963380251925,0.48246407279800746,6,3,0,Q3
R0001538,2026-01-22 06:00:00,M008,east,industrial,0,49.434774478050855,48.48318084637112,True,1,-0.9515936316797351,0.9515936316797351,0.9515936316797351,0.9055304398534273,6,3,0,Q1
R0001539,2026-01-22 06:00:00,M009,north,residential,0,71.82689189085198,73.90344003953267,True,1,2.0765481486806863,-2.0765481486806863,2.0765481486806863,4.312052213789186,6,3,0,Q3
R0001540,2026-01-22 06:00:00,M010,south,commercial,0,53.41539002000959,52.12028414295294,True,1,-1.295105877056649,1.295105877056649,1.295105877056649,1.677299232786672,6,3,0,Q1
R0001541,2026-01-22 06:00:00,M011,east,industrial,0,98.35407162646858,95.99383703958894,True,1,-2.360234586879642,2.360234586879642,2.360234586879642,5.570707305102914,6,3,0,Q5
R0001542,2026-01-22 06:00:00,M012,north,residential,0,85.20536006061819,87.2223760892641,True,1,2.0170160286459122,-2.0170160286459122,2.0170160286459122,4.068353659814528,6,3,0,Q3
R0001543,2026-01-22 06:00:00,M013,south,commercial,0,79.3002971436775,78.09169495145778,True,1,-1.2086021922197148,1.2086021922197148,1.2086021922197148,1.4607192590383005,6,3,0,Q3
R0001544,2026-01-22 06:00:00,M014,east,industrial,0,69.84462208786954,66.86640877192768,True,1,-2.978213315941858,2.978213315941858,2.978213315941858,8.869754555253396,6,3,0,Q2
R0001545,2026-01-22 06:00:00,M015,north,residential,0,65.93399778228088,70.82671591411777,True,1,4.892718131836887,-4.892718131836887,4.892718131836887,23.938690717605436,6,3,0,Q2
R0001546,2026-01-22 06:00:00,M016,south,commercial,0,58.63894251983424,73.77571724186642,True,1,15.136774722032179,-15.136774722032179,15.136774722032179,229.12194898555234,6,3,0,Q2
R0001547,2026-01-22 06:00:00,M017,east,industrial,0,43.70085155519462,42.122512598042654,True,1,-1.5783389571519635,1.5783389571519635,1.5783389571519635,2.4911538636635475,6,3,0,Q1
R0001548,2026-01-22 12:00:00,M000,north,residential,0,84.58551262766152,88.32477749697124,True,1,3.7392648693097215,-3.7392648693097215,3.7392648693097215,13.982101762853848,12,3,0,Q3
R0001549,2026-01-22 12:00:00,M001,south,commercial,0,66.79863836180357,73.51209880940526,True,1,6.71346044760169,-6.71346044760169,6.71346044760169,45.070551181512286,12,3,0,Q2
R0001550,2026-01-22 12:00:00,M002,east,industrial,0,85.1012826157678,86.25576114724232,True,1,1.154478531474524,-1.154478531474524,1.154478531474524,1.3328206796355737,12,3,0,Q3
R0001551,2026-01-22 12:00:00,M003,north,residential,0,77.80930678413854,84.78760359750721,True,1,6.978296813368672,-6.978296813368672,6.978296813368672,48.696626415471364,12,3,0,Q3
R0001552,2026-01-22 12:00:00,M004,south,commercial,0,52.29785268771173,54.24836619128363,True,1,1.950513503571898,-1.950513503571898,1.950513503571898,3.80450292761632,12,3,0,Q1
R0001553,2026-01-22 12:00:00,M005,east,industrial,0,102.06859038576948,85.62984502641883,True,1,-16.438745359350648,16.438745359350648,16.438745359350648,270.2323489895725,12,3,0,Q5
R0001554,2026-01-22 12:00:00,M006,north,residential,0,80.23905291439577,84.69601174596394,True,1,4.456958831568173,-4.456958831568173,4.456958831568173,19.864482026293533,12,3,0,Q3
R0001555,2026-01-22 12:00:00,M007,south,commercial,0,91.48019018713394,86.39430937612305,True,1,-5.085880811010895,5.085880811010895,5.085880811010895,25.86618362380884,12,3,0,Q4
R0001556,2026-01-22 12:00:00,M008,east,industrial,0,45.84986650803661,50.2228197239849,True,1,4.372953215948286,-4.372953215948286,4.372953215948286,19.122719828872455,12,3,0,Q1
R0001557,2026-01-22 12:00:00,M009,north,residential,0,68.17304659431656,68.35475872899819,True,1,0.18171213468163216,-0.18171213468163216,0.18171213468163216,0.033019299890555624,12,3,0,Q2
R0001558,2026-01-22 12:00:00,M010,south,commercial,0,66.97392964905674,66.00454910530037,True,1,-0.9693805437563725,0.9693805437563725,0.9693805437563725,0.9396986386134004,12,3,0,Q2
R0001559,2026-01-22 12:00:00,M011,east,industrial,0,96.0079264138385,96.36652162472014,True,1,0.3585952108816315,-0.3585952108816315,0.3585952108816315,0.12859052526724177,12,3,0,Q5
R0001560,2026-01-22 12:00:00,M012,north,residential,0,77.71101866917603,84.23571336450661,True,1,6.524694695330581,-6.524694695330581,6.524694695330581,42.57164086727502,12,3,0,Q3
R0001561,2026-01-22 12:00:00,M013,south,commercial,0,96.1683282293276,90.64792024604188,True,1,-5.520407983285722,5.520407983285722,5.520407983285722,30.47490430192473,12,3,0,Q5
R0001562,2026-01-22 12:00:00,M014,east,industrial,0,68.43961160325058,67.92792709658414,True,1,-0.511684506666441,0.511684506666441,0.511684506666441,0.26182103436247917,12,3,0,Q2
R0001563,2026-01-22 12:00:00,M015,north,residential,0,52.762823904838,69.3766792210585,True,1,16.613855316220494,-16.613855316220494,16.613855316220494,276.020188468308,12,3,0,Q1
R0001564,2026-01-22 12:00:00,M016,south,commercial,0,76.4926110565668,73.578170320148,True,1,-2.914440736418797,2.914440736418797,2.914440736418797,8.49396480609734,12,3,0,Q3
R0001565,2026-01-22 12:00:00,M017,east,industrial,0,40.68684887142249,43.49081946077697,True,1,2.8039705893544777,-2.8039705893544777,2.8039705893544777,7.862251065964897,12,3,0,Q1
R0001566,2026-01-22 18:00:00,M000,north,residential,0,96.080857965785,92.16770998299005,True,1,-3.9131479827949534,3.9131479827949534,3.9131479827949534,15.312727135252212,18,3,0,Q5
R0001567,2026-01-22 18:00:00,M001,south,commercial,0,68.30019648929752,76.49154850050735,True,1,8.19135201120983,-8.19135201120983,8.19135201120983,67.09824777155133,18,3,0,Q2
R0001568,2026-01-22 18:00:00,M002,east,industrial,0,80.54667315102706,86.29996475158607,True,1,5.75329160055901,-5.75329160055901,5.75329160055901,33.10036424106285,18,3,0,Q3
R0001569,2026-01-22 18:00:00,M003,north,residential,0,90.90718680491112,89.01871224412979,True,1,-1.888474560781333,1.888474560781333,1.888474560781333,3.5663361667182483,18,3,0,Q4
R0001570,2026-01-22 18:00:00,M004,south,commercial,0,53.21472800335435,52.47429265139588,True,1,-0.7404353519584745,0.7404353519584745,0.7404353519584745,0.5482445104298701,18,3,0,Q1
R0001571,2026-01-22 18:00:00,M005,east,industrial,0,97.0543201826074,92.62762241596256,True,1,-4.4266977666448355,4.4266977666448355,4.4266977666448355,19.595653117218376,18,3,0,Q5
R0001572,2026-01-22 18:00:00,M006,north,residential,0,90.45044066919866,89.74578872588091,True,1,-0.7046519433177423,0.7046519433177423,0.7046519433177423,0.49653436122147065,18,3,0,Q4
R0001573,2026-01-22 18:00:00,M007,south,commercial,0,86.81708579581272,88.50174339318411,True,1,1.6846575973713982,-1.6846575973713982,1.6846575973713982,2.838071220381172,18,3,0,Q4
R0001574,2026-01-22 18:00:00,M008,east,industrial,0,38.39951748270143,48.95572758428016,True,1,10.556210101578735,-10.556210101578735,10.556210101578735,111.43357170867293,18,3,0,Q1
R0001575,2026-01-22 18:00:00,M009,north,residential,0,77.28297187262771,72.97832649435192,True,1,-4.304645378275794,4.304645378275794,4.304645378275794,18.52997183271115,18,3,0,Q3
R0001576,2026-01-22 18:00:00,M010,south,commercial,0,68.07921329050112,67.61771981544814,True,1,-0.46149347505297555,0.46149347505297555,0.46149347505297555,0.21297622751647138,18,3,0,Q2
R0001577,2026-01-22 18:00:00,M011,east,industrial,0,95.72755812473872,95.840708853004,True,1,0.11315072826528194,-0.11315072826528194,0.11315072826528194,0.012803087306963674,18,3,0,Q4
R0001578,2026-01-22 18:00:00,M012,north,residential,0,80.95868253783495,87.61769432966447,True,1,6.659011791829528,-6.659011791829528,6.659011791829528,44.3424380437247,18,3,0,Q3
R0001579,2026-01-22 18:00:00,M013,south,commercial,0,91.1431273986758,89.54097374042912,True,1,-1.602153658246678,1.602153658246678,1.602153658246678,2.566896344633213,18,3,0,Q4
R0001580,2026-01-22 18:00:00,M014,east,industrial,0,65.1062693949098,67.13942475472369,True,1,2.0331553598138896,-2.0331553598138896,2.0331553598138896,4.133720717139947,18,3,0,Q2
R0001581,2026-01-22 18:00:00,M015,north,residential,0,60.521033568034206,70.88417392143415,True,1,10.363140353399949,-10.363140353399949,10.363140353399949,107.39467798426642,18,3,0,Q2
R0001582,2026-01-22 18:00:00,M016,south,commercial,0,76.15451082592968,66.73501385091784,True,1,-9.419496975011839,9.419496975011839,9.419496975011839,88.72692326225719,18,3,0,Q3
R0001583,2026-01-22 18:00:00,M017,east,industrial,0,38.89816209155795,41.737390086419296,True,1,2.8392279948613464,-2.8392279948613464,2.8392279948613464,8.061215606804382,18,3,0,Q1
R0001584,2026-01-23 00:00:00,M000,north,residential,0,95.91241362390348,91.34294565567517,True,1,-4.5694679682283095,4.5694679682283095,4.5694679682283095,20.880037512664554,0,4,0,Q4
R0001585,2026-01-23 00:00:00,M001,south,commercial,0,54.01299503103218,69.89452322466153,True,1,15.881528193629343,-15.881528193629343,15.881528193629343,252.2229377650437,0,4,0,Q1
R0001586,2026-01-23 00:00:00,M002,east,industrial,0,90.3327070364532,78.1449662542398,True,1,-12.187740782213396,12.187740782213396,12.187740782213396,148.5410253744276,0,4,0,Q4
R0001587,2026-01-23 00:00:00,M003,north,residential,0,95.39334173647156,88.251219855146,True,1,-7.142121881325551,7.142121881325551,7.142121881325551,51.009904967709225,0,4,0,Q4
R0001588,2026-01-23 00:00:00,M004,south,commercial,0,49.01788779343634,36.43021733495663,True,1,-12.587670458479707,12.587670458479707,12.587670458479707,158.44944757128272,0,4,0,Q1
R0001589,2026-01-23 00:00:00,M005,east,industrial,0,100.21374372622226,100.65558598289068,True,1,0.4418422566684228,-0.4418422566684228,0.4418422566684228,0.1952245797778444,0,4,0,Q5
R0001590,2026-01-23 00:00:00,M006,north,residential,0,92.3704226607701,90.0443482126195,True,1,-2.3260744481506066,2.3260744481506066,2.3260744481506066,5.410622338339149,0,4,0,Q4
R0001591,2026-01-23 00:00:00,M007,south,commercial,0,76.55253334330303,75.46830221385375,True,1,-1.0842311294492788,1.0842311294492788,1.0842311294492788,1.1755571420668587,0,4,0,Q3
R0001592,2026-01-23 00:00:00,M008,east,industrial,0,50.6572057936877,49.64731693131663,True,1,-1.0098888623710707,1.0098888623710707,1.0098888623710707,1.0198755143411353,0,4,0,Q1
R0001593,2026-01-23 00:00:00,M009,north,residential,0,73.19346483018337,71.98055061302348,True,1,-1.2129142171598915,1.2129142171598915,1.2129142171598915,1.4711608981885924,0,4,0,Q3
R0001594,2026-01-23 00:00:00,M010,south,commercial,0,55.83019150428992,59.6366785246523,True,1,3.8064870203623755,-3.8064870203623755,3.8064870203623755,14.489343436187236,0,4,0,Q1
R0001595,2026-01-23 00:00:00,M011,east,industrial,0,99.50409829862552,94.4968915868566,True,1,-5.007206711768916,5.007206711768916,5.007206711768916,25.07211905438368,0,4,0,Q5
R0001596,2026-01-23 00:00:00,M012,north,residential,0,90.87142879298844,85.373846687145,True,1,-5.497582105843435,5.497582105843435,5.497582105843435,30.223409010489934,0,4,0,Q4
R0001597,2026-01-23 00:00:00,M013,south,commercial,0,88.30538735577167,75.26202211580079,True,1,-13.043365239970882,13.043365239970882,13.043365239970882,170.12937678328066,0,4,0,Q4
R0001598,2026-01-23 00:00:00,M014,east,industrial,0,66.5214784135139,69.59890729522327,True,1,3.0774288817093662,-3.0774288817093662,3.0774288817093662,9.47056852197896,0,4,0,Q2
R0001599,2026-01-23 00:00:00,M015,north,residential,0,68.46712355878444,74.30332961134117,True,1,5.836206052556733,-5.836206052556733,5.836206052556733,34.06130108789984,0,4,0,Q2
R0001600,2026-01-23 00:00:00,M016,south,commercial,0,64.22804552648431,58.93325152148017,True,1,-5.294794005004135,5.294794005004135,5.294794005004135,28.03484355542773,0,4,0,Q2
R0001601,2026-01-23 00:00:00,M017,east,industrial,0,45.22086963418816,47.2263634352981,True,1,2.0054938011099352,-2.0054938011099352,2.0054938011099352,4.022005386290377,0,4,0,Q1
R0001602,2026-01-23 06:00:00,M000,north,residential,1,77.51611460193655,89.14068812570152,True,1,11.624573523764965,-11.624573523764965,11.624573523764965,135.13070960941744,6,4,0,Q3
R0001603,2026-01-23 06:00:00,M001,south,commercial,0,56.527071027593486,61.583722588319645,True,1,5.056651560726159,-5.056651560726159,5.056651560726159,25.569725006594304,6,4,0,Q2
R0001604,2026-01-23 06:00:00,M002,east,industrial,0,90.77155138633672,85.38995534909573,True,1,-5.381596037240996,5.381596037240996,5.381596037240996,28.961575908047994,6,4,0,Q4
R0001605,2026-01-23 06:00:00,M003,north,residential,0,91.11080909391066,86.92452268538244,True,1,-4.186286408528218,4.186286408528218,4.186286408528218,17.52499389422809,6,4,0,Q4
R0001606,2026-01-23 06:00:00,M004,south,commercial,0,34.161236337280414,36.80849912967124,True,1,2.6472627923908263,-2.6472627923908263,2.6472627923908263,7.008000291976875,6,4,0,Q1
R0001607,2026-01-23 06:00:00,M005,east,industrial,0,108.13955446641432,99.86791827326024,True,1,-8.27163619315408,8.27163619315408,8.27163619315408,68.41996531189652,6,4,0,Q5
R0001608,2026-01-23 06:00:00,M006,north,residential,0,95.60129123698032,88.4849005209313,True,1,-7.116390716049011,7.116390716049011,7.116390716049011,50.64301682346856,6,4,0,Q4
R0001609,2026-01-23 06:00:00,M007,south,commercial,0,79.43938057011655,77.36028221972181,True,1,-2.0790983503947444,2.0790983503947444,2.0790983503947444,4.322649950614148,6,4,0,Q3
R0001610,2026-01-23 06:00:00,M008,east,industrial,0,48.841515184102775,49.34507320480497,True,1,0.5035580207021937,-0.5035580207021937,0.5035580207021937,0.2535706802135109,6,4,0,Q1
R0001611,2026-01-23 06:00:00,M009,north,residential,0,71.04254798306006,72.0640616906191,True,1,1.0215137075590377,-1.0215137075590377,1.0215137075590377,1.0434902547310112,6,4,0,Q2
R0001612,2026-01-23 06:00:00,M010,south,commercial,0,54.78080628784776,54.416189293761,True,1,-0.3646169940867594,0.3646169940867594,0.3646169940867594,0.13294555237686395,6,4,0,Q1
R0001613,2026-01-23 06:00:00,M011,east,industrial,0,104.86549874799714,95.44778411937456,True,1,-9.417714628622576,9.417714628622576,9.417714628622576,88.69334882617167,6,4,0,Q5
R0001614,2026-01-23 06:00:00,M012,north,residential,0,89.487425938064,85.93624531596129,True,1,-3.55118062210272,3.55118062210272,3.55118062210272,12.610883810797862,6,4,0,Q4
R0001615,2026-01-23 06:00:00,M013,south,commercial,0,84.05765660818754,77.82260758978015,True,1,-6.235049018407395,6.235049018407395,6.235049018407395,38.875836261943014,6,4,0,Q3
R0001616,2026-01-23 06:00:00,M014,east,industrial,0,69.10068087113018,68.4017648480585,True,1,-0.6989160230716749,0.6989160230716749,0.6989160230716749,0.488483607306326,6,4,0,Q2
R0001617,2026-01-23 06:00:00,M015,north,residential,0,62.61194434466216,75.86810307867678,True,1,13.256158734014619,-13.256158734014619,13.256158734014619,175.72574438139208,6,4,0,Q2
R0001618,2026-01-23 06:00:00,M016,south,commercial,0,60.95232226465328,59.524879102328505,True,1,-1.4274431623247779,1.4274431623247779,1.4274431623247779,2.037593981667762,6,4,0,Q2
R0001619,2026-01-23 06:00:00,M017,east,industrial,0,44.029642266624734,49.49660847053547,True,1,5.4669662039107365,-5.4669662039107365,5.4669662039107365,29.88771947470217,6,4,0,Q1
R0001620,2026-01-23 12:00:00,M000,north,residential,0,84.14518970885695,88.87749320088508,True,1,4.732303492028137,-4.732303492028137,4.732303492028137,22.394696340661703,12,4,0,Q3
R0001621,2026-01-23 12:00:00,M001,south,commercial,0,70.63063657368313,71.85524721109587,True,1,1.224610637412738,-1.224610637412738,1.224610637412738,1.4996712132644323,12,4,0,Q2
R0001622,2026-01-23 12:00:00,M002,east,industrial,0,89.229000706369,73.14680992339687,True,1,-16.082190782972134,16.082190782972134,16.082190782972134,258.63686037991386,12,4,0,Q4
R0001623,2026-01-23 12:00:00,M003,north,residential,0,82.59041184360065,85.03470254709795,True,1,2.444290703497302,-2.444290703497302,2.444290703497302,5.974557043203335,12,4,0,Q3
R0001624,2026-01-23 12:00:00,M004,south,commercial,0,50.16717556731369,52.5283227758862,True,1,2.361147208572511,-2.361147208572511,2.361147208572511,5.575016140549762,12,4,0,Q1
R0001625,2026-01-23 12:00:00,M005,east,industrial,0,95.47356869732624,101.78902327688168,True,1,6.3154545795554355,-6.3154545795554355,6.3154545795554355,39.88496654642773,12,4,0,Q4
R0001626,2026-01-23 12:00:00,M006,north,residential,0,81.50858445728736,80.39901581157041,True,1,-1.1095686457169478,1.1095686457169478,1.1095686457169478,1.2311425795581417,12,4,0,Q3
R0001627,2026-01-23 12:00:00,M007,south,commercial,0,92.36426209808954,85.73319935351225,True,1,-6.631062744577292,6.631062744577292,6.631062744577292,43.97099312252093,12,4,0,Q4
R0001628,2026-01-23 12:00:00,M008,east,industrial,0,44.42910240577685,49.72913636152201,True,1,5.300033955745157,-5.300033955745157,5.300033955745157,28.090359932051655,12,4,0,Q1
R0001629,2026-01-23 12:00:00,M009,north,residential,0,65.64824017673422,70.66505183819683,True,1,5.0168116614626115,-5.0168116614626115,5.0168116614626115,25.16839924658725,12,4,0,Q2
R0001630,2026-01-23 12:00:00,M010,south,commercial,0,71.75827913194193,64.93946605894195,True,1,-6.818813072999987,6.818813072999987,6.818813072999987,46.496211724515526,12,4,0,Q3
R0001631,2026-01-23 12:00:00,M011,east,industrial,0,98.3628054457614,95.55179957412297,True,1,-2.8110058716384287,2.8110058716384287,2.8110058716384287,7.901754010385723,12,4,0,Q5
R0001632,2026-01-23 12:00:00,M012,north,residential,0,81.52108795952826,83.59800422327072,True,1,2.0769162637424614,-2.0769162637424614,2.0769162637424614,4.313581166597945,12,4,0,Q3
R0001633,2026-01-23 12:00:00,M013,south,commercial,0,90.9412579370806,89.52861325589443,True,1,-1.4126446811861655,1.4126446811861655,1.4126446811861655,1.9955649952835632,12,4,0,Q4
R0001634,2026-01-23 12:00:00,M014,east,industrial,0,62.108462891259926,66.18410912029296,True,1,4.075646229033033,-4.075646229033033,4.075646229033033,16.610892184231183,12,4,0,Q2
R0001635,2026-01-23 12:00:00,M015,north,residential,0,52.30866550975559,63.59111057580539,True,1,11.282445066049796,-11.282445066049796,11.282445066049796,127.29356666843138,12,4,0,Q1
R0001636,2026-01-23 12:00:00,M016,south,commercial,0,73.48125295226865,67.70837654025249,True,1,-5.77287641201616,5.77287641201616,5.77287641201616,33.326102068412574,12,4,0,Q3
R0001637,2026-01-23 12:00:00,M017,east,industrial,0,40.524848554408905,51.73499470608034,True,1,11.210146151671438,-11.210146151671438,11.210146151671438,125.66737674183395,12,4,0,Q1
R0001638,2026-01-23 18:00:00,M000,north,residential,0,92.06700399168408,92.61339403809876,True,1,0.546390046414686,-0.546390046414686,0.546390046414686,0.2985420828210428,18,4,0,Q4
R0001639,2026-01-23 18:00:00,M001,south,commercial,0,68.69252180672389,68.30490149450478,True,1,-0.38762031221911286,0.38762031221911286,0.38762031221911286,0.15024950644484253,18,4,0,Q2
R0001640,2026-01-23 18:00:00,M002,east,industrial,0,88.6003803708187,84.33885209806458,True,1,-4.26152827275412,4.26152827275412,4.26152827275412,18.160623219482712,18,4,0,Q4
R0001641,2026-01-23 18:00:00,M003,north,residential,0,85.23680344345831,83.44626150641164,True,1,-1.7905419370466689,1.7905419370466689,1.7905419370466689,3.206040428322837,18,4,0,Q3
R0001642,2026-01-23 18:00:00,M004,south,commercial,0,60.63168139312239,52.6877089819977,True,1,-7.94397241112469,7.94397241112469,7.94397241112469,63.106697668710225,18,4,0,Q2
R0001643,2026-01-23 18:00:00,M005,east,industrial,0,97.5967598153138,100.0462353444302,True,1,2.4494755291163983,-2.4494755291163983,2.4494755291163983,5.99993036774006,18,4,0,Q5
R0001644,2026-01-23 18:00:00,M006,north,residential,0,94.40078359654925,88.46249217124348,True,1,-5.9382914253057635,5.9382914253057635,5.9382914253057635,35.26330505185996,18,4,0,Q4
R0001645,2026-01-23 18:00:00,M007,south,commercial,0,90.90299516846191,86.20852849462202,True,1,-4.694466673839898,4.694466673839898,4.694466673839898,22.038017351793435,18,4,0,Q4
R0001646,2026-01-23 18:00:00,M008,east,industrial,0,47.07636083348344,48.32925572565778,True,1,1.2528948921743392,-1.2528948921743392,1.2528948921743392,1.569745610836549,18,4,0,Q1
R0001647,2026-01-23 18:00:00,M009,north,residential,0,73.2381958234016,75.75737885190102,True,1,2.5191830284994268,-2.5191830284994268,2.5191830284994268,6.346283131079543,18,4,0,Q3
R0001648,2026-01-23 18:00:00,M010,south,commercial,0,71.92205822912379,66.38852864323589,True,1,-5.533529585887905,5.533529585887905,5.533529585887905,30.61994967789677,18,4,0,Q3
R0001649,2026-01-23 18:00:00,M011,east,industrial,0,94.82294756737284,95.16128828679555,True,1,0.3383407194227175,-0.3383407194227175,0.3383407194227175,0.11447444241948204,18,4,0,Q4
R0001650,2026-01-23 18:00:00,M012,north,residential,0,90.61209464192596,88.61461516545577,True,1,-1.9974794764701898,1.9974794764701898,1.9974794764701898,3.9899242589196233,18,4,0,Q4
R0001651,2026-01-23 18:00:00,M013,south,commercial,0,90.7563402619374,90.77350565016752,True,1,0.0171653882301257,-0.0171653882301257,0.0171653882301257,0.0002946505530909379,18,4,0,Q4
R0001652,2026-01-23 18:00:00,M014,east,industrial,0,66.82411883232136,77.00843258214113,True,1,10.184313749819765,-10.184313749819765,10.184313749819765,103.72024655476793,18,4,0,Q2
R0001653,2026-01-23 18:00:00,M015,north,residential,1,49.13862920417984,60.3106550778159,True,1,11.17202587363606,-11.17202587363606,11.17202587363606,124.81416212119355,18,4,0,Q1
R0001654,2026-01-23 18:00:00,M016,south,commercial,0,70.31289616681238,73.83535455390883,True,1,3.5224583870964494,-3.5224583870964494,3.5224583870964494,12.40771308882612,18,4,0,Q2
R0001655,2026-01-23 18:00:00,M017,east,industrial,0,44.67939686777181,41.73680741993762,True,1,-2.9425894478341874,2.9425894478341874,2.9425894478341874,8.658832658505109,18,4,0,Q1
R0001656,2026-01-24 00:00:00,M000,north,residential,0,105.830615998509,91.89867223741616,True,1,-13.931943761092839,13.931943761092839,13.931943761092839,194.09905696225368,0,5,1,Q5
R0001657,2026-01-24 00:00:00,M001,south,commercial,0,45.8903151096431,53.20398036885691,True,1,7.313665259213813,-7.313665259213813,7.313665259213813,53.48969952383106,0,5,1,Q1
R0001658,2026-01-24 00:00:00,M002,east,industrial,0,95.33253194537814,85.60754173499534,True,1,-9.7249902103828,9.7249902103828,9.7249902103828,94.57543459204128,0,5,1,Q4
R0001659,2026-01-24 00:00:00,M003,north,residential,0,96.94277304383108,83.34240658870031,True,1,-13.600366455130768,13.600366455130768,13.600366455130768,184.96996771384624,0,5,1,Q5
R0001660,2026-01-24 00:00:00,M004,south,commercial,0,38.16312792772624,31.94197542483168,True,1,-6.221152502894558,6.221152502894558,6.221152502894558,38.70273846427122,0,5,1,Q1
R0001661,2026-01-24 00:00:00,M005,east,industrial,0,111.53801216801932,101.25284045110048,True,1,-10.285171716918839,10.285171716918839,10.285171716918839,105.78475724650721,0,5,1,Q5
R0001662,2026-01-24 00:00:00,M006,north,residential,0,101.57472799992118,82.3387869327372,True,1,-19.235941067183987,19.235941067183987,19.235941067183987,370.0214287401754,0,5,1,Q5
R0001663,2026-01-24 00:00:00,M007,south,commercial,0,72.01962790053204,75.31928149659012,True,1,3.2996535960580786,-3.2996535960580786,3.2996535960580786,10.88771385397901,0,5,1,Q3
R0001664,2026-01-24 00:00:00,M008,east,industrial,0,58.70345441843391,48.66323364367007,True,1,-10.040220774763839,10.040220774763839,10.040220774763839,100.80603320599937,0,5,1,Q2
R0001665,2026-01-24 00:00:00,M009,north,residential,0,80.02566498902353,73.54225351866685,True,1,-6.483411470356671,6.483411470356671,6.483411470356671,42.034624293952454,0,5,1,Q3
R0001666,2026-01-24 00:00:00,M010,south,commercial,0,46.31406983243346,50.4725843481706,True,1,4.158514515737139,-4.158514515737139,4.158514515737139,17.29324297759649,0,5,1,Q1
R0001667,2026-01-24 00:00:00,M011,east,industrial,0,102.16280295509604,94.94017123082033,True,1,-7.222631724275715,7.222631724275715,7.222631724275715,52.16640902451398,0,5,1,Q5
R0001668,2026-01-24 00:00:00,M012,north,residential,0,98.25653959414603,89.67778375133224,True,1,-8.578755842813791,8.578755842813791,8.578755842813791,73.59505181061176,0,5,1,Q5
R0001669,2026-01-24 00:00:00,M013,south,commercial,0,72.5942339447871,64.62212775743839,True,1,-7.9721061873487145,7.9721061873487145,7.9721061873487145,63.55447706236366,0,5,1,Q3
R0001670,2026-01-24 00:00:00,M014,east,industrial,0,69.54064570029331,64.17114320749482,True,1,-5.369502492798489,5.369502492798489,5.369502492798489,28.831557020169186,0,5,1,Q2
R0001671,2026-01-24 00:00:00,M015,north,residential,0,65.98356869523238,73.18199605476397,True,1,7.198427359531593,-7.198427359531593,7.198427359531593,51.817356450452976,0,5,1,Q2
R0001672,2026-01-24 00:00:00,M016,south,commercial,0,55.410029241178215,61.86519916011623,True,1,6.455169918938012,-6.455169918938012,6.455169918938012,41.66921868236218,0,5,1,Q1
R0001673,2026-01-24 00:00:00,M017,east,industrial,0,45.71219488902875,42.9865681021034,True,1,-2.7256267869253534,2.7256267869253534,2.7256267869253534,7.429041381605026,0,5,1,Q1
R0001674,2026-01-24 06:00:00,M000,north,residential,0,95.0680094310182,90.52290218469965,True,1,-4.545107246318551,4.545107246318551,4.545107246318551,20.657999880537403,6,5,1,Q4
R0001675,2026-01-24 06:00:00,M001,south,commercial,0,51.81973573428553,64.81779312010596,True,1,12.998057385820431,-12.998057385820431,12.998057385820431,168.94949580508106,6,5,1,Q1
R0001676,2026-01-24 06:00:00,M002,east,industrial,0,95.41267860804749,87.92167999198469,True,1,-7.490998616062797,7.490998616062797,7.490998616062797,56.11506026585474,6,5,1,Q4
R0001677,2026-01-24 06:00:00,M003,north,residential,0,99.9089837597045,87.50895361491824,True,1,-12.400030144786257,12.400030144786257,12.400030144786257,153.76074759160787,6,5,1,Q5
R0001678,2026-01-24 06:00:00,M004,south,commercial,0,35.44900487796704,32.12081330569663,True,1,-3.3281915722704127,3.3281915722704127,3.3281915722704127,11.076859141731802,6,5,1,Q1
R0001679,2026-01-24 06:00:00,M005,east,industrial,0,113.52410859610625,102.28199627973916,True,1,-11.242112316367084,11.242112316367084,11.242112316367084,126.38508933381249,6,5,1,Q5
R0001680,2026-01-24 06:00:00,M006,north,residential,0,98.50721866285896,87.08063262194099,True,1,-11.426586040917968,11.426586040917968,11.426586040917968,130.56686855050137,6,5,1,Q5
R0001681,2026-01-24 06:00:00,M007,south,commercial,0,73.74647472576385,75.85564621240924,True,1,2.109171486645394,-2.109171486645394,2.109171486645394,4.448604360077942,6,5,1,Q3
R0001682,2026-01-24 06:00:00,M008,east,industrial,0,56.681241401543126,51.7734733847599,True,1,-4.907768016783223,4.907768016783223,4.907768016783223,24.08618690656033,6,5,1,Q2
R0001683,2026-01-24 06:00:00,M009,north,residential,0,77.32811508293209,78.3914820713589,True,1,1.0633669884268073,-1.0633669884268073,1.0633669884268073,1.1307493520758978,6,5,1,Q3
R0001684,2026-01-24 06:00:00,M010,south,commercial,0,50.761523060120446,49.29107575690843,True,1,-1.470447303212019,1.470447303212019,1.470447303212019,2.1622152715234995,6,5,1,Q1
R0001685,2026-01-24 06:00:00,M011,east,industrial,0,110.16587512279207,95.20723872440912,True,1,-14.95863639838295,14.95863639838295,14.95863639838295,223.76080289902723,6,5,1,Q5
R0001686,2026-01-24 06:00:00,M012,north,residential,0,92.66514908487184,88.84718862230756,True,1,-3.8179604625642867,3.8179604625642867,3.8179604625642867,14.576822093704102,6,5,1,Q4
R0001687,2026-01-24 06:00:00,M013,south,commercial,0,76.31835925781895,58.39729183170454,True,1,-17.921067426114412,17.921067426114412,17.921067426114412,321.164657691339,6,5,1,Q3
R0001688,2026-01-24 06:00:00,M014,east,industrial,0,72.43626843151614,67.51326557755901,True,1,-4.923002853957129,4.923002853957129,4.923002853957129,24.235957100070042,6,5,1,Q3
R0001689,2026-01-24 06:00:00,M015,north,residential,0,68.35091769601306,69.79255140743773,True,1,1.4416337114246716,-1.4416337114246716,1.4416337114246716,2.078307757916073,6,5,1,Q2
R0001690,2026-01-24 06:00:00,M016,south,commercial,0,52.49813732079644,68.43380778714231,True,1,15.935670466345876,-15.935670466345876,15.935670466345876,253.94559321196817,6,5,1,Q1
R0001691,2026-01-24 06:00:00,M017,east,industrial,0,41.84521575020829,43.83209084547522,True,1,1.9868750952669316,-1.9868750952669316,1.9868750952669316,3.9476726441919787,6,5,1,Q1
R0001692,2026-01-24 12:00:00,M000,north,residential,0,85.97407071277603,86.79519364671025,True,1,0.8211229339342196,-0.8211229339342196,0.8211229339342196,0.6742428726327409,12,5,1,Q3
R0001693,2026-01-24 12:00:00,M001,south,commercial,0,64.0085657329514,71.41203010249566,True,1,7.403464369544267,-7.403464369544267,7.403464369544267,54.81128467111149,12,5,1,Q2
R0001694,2026-01-24 12:00:00,M002,east,industrial,0,88.17635017073458,81.91516162101463,True,1,-6.261188549719947,6.261188549719947,6.261188549719947,39.202482055144166,12,5,1,Q4
R0001695,2026-01-24 12:00:00,M003,north,residential,0,85.9744905708129,81.47733329288899,True,1,-4.497157277923918,4.497157277923918,4.497157277923918,20.224423582384066,12,5,1,Q3
R0001696,2026-01-24 12:00:00,M004,south,commercial,0,47.23462971223343,50.88423470336732,True,1,3.6496049911338915,-3.6496049911338915,3.6496049911338915,13.319616591309412,12,5,1,Q1
R0001697,2026-01-24 12:00:00,M005,east,industrial,0,101.18744361171623,101.19621967301138,True,1,0.008776061295151294,-0.008776061295151294,0.008776061295151294,7.701925185625261e-05,12,5,1,Q5
R0001698,2026-01-24 12:00:00,M006,north,residential,0,86.68370338966794,84.8279174060226,True,1,-1.8557859836453332,1.8557859836453332,1.8557859836453332,3.443941617094477,12,5,1,Q3
R0001699,2026-01-24 12:00:00,M007,south,commercial,0,87.55364094791688,85.44539636548265,True,1,-2.1082445824342244,2.1082445824342244,2.1082445824342244,4.444695219363258,12,5,1,Q4
R0001700,2026-01-24 12:00:00,M008,east,industrial,0,50.03004600303197,49.86637082298843,True,1,-0.16367518004354054,0.16367518004354054,0.16367518004354054,0.02678956456228541,12,5,1,Q1
R0001701,2026-01-24 12:00:00,M009,north,residential,0,69.8864554838475,72.37088209221952,True,1,2.4844266083720186,-2.4844266083720186,2.4844266083720186,6.172375572386891,12,5,1,Q2
R0001702,2026-01-24 12:00:00,M010,south,commercial,0,63.31100272487699,64.9370814804734,True,1,1.626078755596403,-1.626078755596403,1.626078755596403,2.644132119401946,12,5,1,Q2
R0001703,2026-01-24 12:00:00,M011,east,industrial,0,93.8006114234608,94.16077824238172,True,1,0.3601668189209306,-0.3601668189209306,0.3601668189209306,0.12972013745162242,12,5,1,Q4
R0001704,2026-01-24 12:00:00,M012,north,residential,0,80.44506798919379,83.48653622623628,True,1,3.041468237042494,-3.041468237042494,3.041468237042494,9.250529036938378,12,5,1,Q3
R0001705,2026-01-24 12:00:00,M013,south,commercial,0,82.2650211972572,65.62697321373636,True,1,-16.638047983520835,16.638047983520835,16.638047983520835,276.8246407019417,12,5,1,Q3
R0001706,2026-01-24 12:00:00,M014,east,industrial,0,70.61789564697136,70.08612506130893,True,1,-0.5317705856624286,0.5317705856624286,0.5317705856624286,0.28277995577576237,12,5,1,Q2
R0001707,2026-01-24 12:00:00,M015,north,residential,0,58.14531888190256,57.25264476555264,True,1,-0.892674116349923,0.892674116349923,0.892674116349923,0.7968670780011159,12,5,1,Q2
R0001708,2026-01-24 12:00:00,M016,south,commercial,0,69.65481078189639,81.2159334622201,True,1,11.561122680323706,-11.561122680323706,11.561122680323706,133.6595576294952,12,5,1,Q2
R0001709,2026-01-24 12:00:00,M017,east,industrial,0,45.263121006824655,42.59358399006883,True,1,-2.669537016755825,2.669537016755825,2.669537016755825,7.126427883829591,12,5,1,Q1
R0001710,2026-01-24 18:00:00,M000,north,residential,0,99.42799811860732,91.67296370663644,True,1,-7.7550344119708825,7.7550344119708825,7.7550344119708825,60.14055873085257,18,5,1,Q5
R0001711,2026-01-24 18:00:00,M001,south,commercial,0,58.583683924417045,66.9948322395786,True,1,8.411148315161554,-8.411148315161554,8.411148315161554,70.74741597964506,18,5,1,Q2
R0001712,2026-01-24 18:00:00,M002,east,industrial,0,90.33485678426386,89.14086405750842,True,1,-1.1939927267554395,1.1939927267554395,1.1939927267554395,1.4256186315448898,18,5,1,Q4
R0001713,2026-01-24 18:00:00,M003,north,residential,0,87.80271023186617,88.09500769495926,True,1,0.29229746309309235,-0.29229746309309235,0.29229746309309235,0.08543780693065768,18,5,1,Q4
R0001714,2026-01-24 18:00:00,M004,south,commercial,0,47.74924460131286,50.24540996569443,True,1,2.496165364381568,-2.496165364381568,2.496165364381568,6.230841526338166,18,5,1,Q1
R0001715,2026-01-24 18:00:00,M005,east,industrial,0,104.16508459934222,101.927243532225,True,1,-2.237841067117216,2.237841067117216,2.237841067117216,5.007932641676321,18,5,1,Q5
R0001716,2026-01-24 18:00:00,M006,north,residential,0,96.55270094945068,90.11242749542326,True,1,-6.44027345402742,6.44027345402742,6.44027345402742,41.47712216265027,18,5,1,Q5
R0001717,2026-01-24 18:00:00,M007,south,commercial,0,87.90551758346692,84.81852287130845,True,1,-3.0869947121584715,3.0869947121584715,3.0869947121584715,9.529536352894365,18,5,1,Q4
R0001718,2026-01-24 18:00:00,M008,east,industrial,0,48.27266171190434,55.73011855696769,True,1,7.457456845063348,-7.457456845063348,7.457456845063348,55.613662595982184,18,5,1,Q1
R0001719,2026-01-24 18:00:00,M009,north,residential,0,72.25172708562938,74.69470479861896,True,1,2.442977712989574,-2.442977712989574,2.442977712989574,5.968140106163769,18,5,1,Q3
R0001720,2026-01-24 18:00:00,M010,south,commercial,0,63.02450667241854,70.88759491421764,True,1,7.863088241799105,-7.863088241799105,7.863088241799105,61.82815669831933,18,5,1,Q2
R0001721,2026-01-24 18:00:00,M011,east,industrial,0,99.23709595572124,95.5789450312303,True,1,-3.65815092449094,3.65815092449094,3.65815092449094,13.382068186353917,18,5,1,Q5
R0001722,2026-01-24 18:00:00,M012,north,residential,0,92.5061127107152,89.04129525810751,True,1,-3.46481745260769,3.46481745260769,3.46481745260769,12.004959979894842,18,5,1,Q4
R0001723,2026-01-24 18:00:00,M013,south,commercial,0,84.53955611195614,65.53073300439443,True,1,-19.00882310756171,19.00882310756171,19.00882310756171,361.335355934572,18,5,1,Q3
R0001724,2026-01-24 18:00:00,M014,east,industrial,0,67.94797923149989,68.54698031322654,True,1,0.5990010817266551,-0.5990010817266551,0.5990010817266551,0.358802295909703,18,5,1,Q2
R0001725,2026-01-24 18:00:00,M015,north,residential,0,57.73737038824513,62.44037739957654,True,1,4.703007011331408,-4.703007011331408,4.703007011331408,22.118274948632383,18,5,1,Q2
R0001726,2026-01-24 18:00:00,M016,south,commercial,0,69.26941968455291,75.40956647830663,True,1,6.140146793753715,-6.140146793753715,6.140146793753715,37.701402648844024,18,5,1,Q2
R0001727,2026-01-24 18:00:00,M017,east,industrial,0,40.09947172310478,42.91095602565489,True,1,2.811484302550113,-2.811484302550113,2.811484302550113,7.904443983485695,18,5,1,Q1
R0001728,2026-01-25 00:00:00,M000,north,residential,0,100.32956270150493,92.03781905548608,True,1,-8.291743646018844,8.291743646018844,8.291743646018844,68.75301269129388,0,6,1,Q5
R0001729,2026-01-25 00:00:00,M001,south,commercial,0,53.58303849875461,53.92738573937164,True,1,0.3443472406170258,-0.3443472406170258,0.3443472406170258,0.11857502212055987,0,6,1,Q1
R0001730,2026-01-25 00:00:00,M002,east,industrial,0,97.27353488246878,88.44229466577829,True,1,-8.831240216690489,8.831240216690489,8.831240216690489,77.99080376489147,0,6,1,Q5
R0001731,2026-01-25 00:00:00,M003,north,residential,0,95.328497373536,90.29040176403592,True,1,-5.0380956095000755,5.0380956095000755,5.0380956095000755,25.382407370463937,0,6,1,Q4
R0001732,2026-01-25 00:00:00,M004,south,commercial,0,41.42041613351451,30.857921334874664,True,1,-10.562494798639843,10.562494798639843,10.562494798639843,111.56629637129375,0,6,1,Q1
R0001733,2026-01-25 00:00:00,M005,east,industrial,0,112.18467510343896,102.0395994540026,True,1,-10.145075649436365,10.145075649436365,10.145075649436365,102.92255993278667,0,6,1,Q5
R0001734,2026-01-25 00:00:00,M006,north,residential,0,96.0756968984947,91.03467149267208,True,1,-5.041025405822623,5.041025405822623,5.041025405822623,25.41193714214914,0,6,1,Q5
R0001735,2026-01-25 00:00:00,M007,south,commercial,0,72.41793999348602,72.78688947119252,True,1,0.3689494777065079,-0.3689494777065079,0.3689494777065079,0.13612371709990495,0,6,1,Q3
R0001736,2026-01-25 00:00:00,M008,east,industrial,0,53.964450874721656,50.76563259752982,True,1,-3.198818277191833,3.198818277191833,3.198818277191833,10.232438370496528,0,6,1,Q1
R0001737,2026-01-25 00:00:00,M009,north,residential,0,80.82360987355281,76.57563871758937,True,1,-4.247971155963441,4.247971155963441,4.247971155963441,18.045258941897373,0,6,1,Q3
R0001738,2026-01-25 00:00:00,M010,south,commercial,0,48.862135202725455,53.75159481334075,True,1,4.889459610615297,-4.889459610615297,4.889459610615297,23.906815283838295,0,6,1,Q1
R0001739,2026-01-25 00:00:00,M011,east,industrial,0,104.53810274113238,94.61129223355267,True,1,-9.926810507579702,9.926810507579702,9.926810507579702,98.54156685339478,0,6,1,Q5
R0001740,2026-01-25 00:00:00,M012,north,residential,0,92.90595605575308,89.50683771962787,True,1,-3.3991183361252126,3.3991183361252126,3.3991183361252126,11.554005462982634,0,6,1,Q4
R0001741,2026-01-25 00:00:00,M013,south,commercial,0,78.97206796559738,52.08134640970852,True,1,-26.890721555888852,26.890721555888852,26.890721555888852,723.1109057963454,0,6,1,Q3
R0001742,2026-01-25 00:00:00,M014,east,industrial,0,72.01481877467253,70.34388869807741,True,1,-1.670930076595127,1.670930076595127,1.670930076595127,2.792007320870197,0,6,1,Q3
R0001743,2026-01-25 00:00:00,M015,north,residential,0,64.55440693522361,65.51055553434739,True,1,0.9561485991237788,-0.9561485991237788,0.9561485991237788,0.9142201436063647,0,6,1,Q2
R0001744,2026-01-25 00:00:00,M016,south,commercial,0,54.183044352936136,71.37508457864324,True,1,17.192040225707103,-17.192040225707103,17.192040225707103,295.56624712233116,0,6,1,Q1
R0001745,2026-01-25 00:00:00,M017,east,industrial,0,47.88395794374112,46.57962618997242,True,1,-1.3043317537687003,1.3043317537687003,1.3043317537687003,1.7012813238893334,0,6,1,Q1
R0001746,2026-01-25 06:00:00,M000,north,residential,0,99.84464025215172,72.3686174018384,True,1,-27.476022850313313,27.476022850313313,27.476022850313313,754.9318316709393,6,6,1,Q5
R0001747,2026-01-25 06:00:00,M001,south,commercial,0,45.04147599171651,66.07562881912453,True,1,21.034152827408022,-21.034152827408022,21.034152827408022,442.4355851667569,6,6,1,Q1
R0001748,2026-01-25 06:00:00,M002,east,industrial,0,96.92435473430436,88.52649850516165,True,1,-8.397856229142704,8.397856229142704,8.397856229142704,70.52398924535092,6,6,1,Q5
R0001749,2026-01-25 06:00:00,M003,north,residential,0,93.77858705045078,89.29404052758515,True,1,-4.484546522865628,4.484546522865628,4.484546522865628,20.111157515746196,6,6,1,Q4
R0001750,2026-01-25 06:00:00,M004,south,commercial,0,35.83293110212295,30.934053064120462,True,1,-4.898878038002486,4.898878038002486,4.898878038002486,23.99900603122309,6,6,1,Q1
R0001751,2026-01-25 06:00:00,M005,east,industrial,0,111.82096078481652,102.84346676780528,True,1,-8.977494017011239,8.977494017011239,8.977494017011239,80.59539882547259,6,6,1,Q5
R0001752,2026-01-25 06:00:00,M006,north,residential,0,95.43315913550587,89.94612579961395,True,1,-5.4870333358919225,5.4870333358919225,5.4870333358919225,30.10753482918924,6,6,1,Q4
R0001753,2026-01-25 06:00:00,M007,south,commercial,0,69.71326301425118,69.82307549252111,True,1,0.10981247826993012,-0.10981247826993012,0.10981247826993012,0.012058780383783876,6,6,1,Q2
R0001754,2026-01-25 06:00:00,M008,east,industrial,0,54.85678651897505,51.30648290894872,True,1,-3.550303610026326,3.550303610026326,3.550303610026326,12.604655723365962,6,6,1,Q1
R0001755,2026-01-25 06:00:00,M009,north,residential,0,79.30074323711395,73.78961296919364,True,1,-5.511130267920308,5.511130267920308,5.511130267920308,30.372556829987364,6,6,1,Q3
R0001756,2026-01-25 06:00:00,M010,south,commercial,0,49.420464201573694,48.375357136191695,True,1,-1.0451070653819983,1.0451070653819983,1.0451070653819983,1.0922487781113723,6,6,1,Q1
R0001757,2026-01-25 06:00:00,M011,east,industrial,0,110.12189603990392,94.44974162854196,True,1,-15.672154411361959,15.672154411361959,15.672154411361959,245.6164238935721,6,6,1,Q5
R0001758,2026-01-25 06:00:00,M012,north,residential,0,96.79583376568397,80.30528206196452,True,1,-16.490551703719447,16.490551703719447,16.490551703719447,271.93829549304434,6,6,1,Q5
R0001759,2026-01-25 06:00:00,M013,south,commercial,0,81.28000071138423,52.5319338572489,True,1,-28.74806685413533,28.74806685413533,28.74806685413533,826.4513478498345,6,6,1,Q3
R0001760,2026-01-25 06:00:00,M014,east,industrial,0,77.05763314969329,66.001485673835,True,1,-11.056147475858282,11.056147475858282,11.056147475858282,122.23839700792746,6,6,1,Q3
R0001761,2026-01-25 06:00:00,M015,north,residential,0,71.33252804185027,69.26161915313115,True,1,-2.070908888719117,2.070908888719117,2.070908888719117,4.2886636253758486,6,6,1,Q3
R0001762,2026-01-25 06:00:00,M016,south,commercial,0,49.83594435408624,72.28711949686642,True,1,22.451175142780187,-22.451175142780187,22.451175142780187,504.05526529179093,6,6,1,Q1
R0001763,2026-01-25 06:00:00,M017,east,industrial,0,49.307879478331095,43.92573528268861,True,1,-5.382144195642482,5.382144195642482,5.382144195642482,28.96747614268806,6,6,1,Q1
R0001764,2026-01-25 12:00:00,M000,north,residential,0,89.69775424382732,83.71488115327455,True,1,-5.982873090552772,5.982873090552772,5.982873090552772,35.79477041766048,12,6,1,Q4
R0001765,2026-01-25 12:00:00,M001,south,commercial,0,66.47642644984248,64.3191033237405,True,1,-2.1573231261019714,2.1573231261019714,2.1573231261019714,4.6540430704143825,12,6,1,Q2
R0001766,2026-01-25 12:00:00,M002,east,industrial,0,90.80457606371895,87.0559186474986,True,1,-3.748657416220354,3.748657416220354,3.748657416220354,14.05243242418386,12,6,1,Q4
R0001767,2026-01-25 12:00:00,M003,north,residential,0,85.28100809699247,80.76475156257835,True,1,-4.5162565344141115,4.5162565344141115,4.5162565344141115,20.39657308463816,12,6,1,Q3
R0001768,2026-01-25 12:00:00,M004,south,commercial,0,45.43924014858123,50.48535490872322,True,1,5.04611476014199,-5.04611476014199,5.04611476014199,25.463274172522848,12,6,1,Q1
R0001769,2026-01-25 12:00:00,M005,east,industrial,1,94.38429517147692,101.43923266246811,True,1,7.054937490991193,-7.054937490991193,7.054937490991193,49.77214300179311,12,6,1,Q4
R0001770,2026-01-25 12:00:00,M006,north,residential,0,81.43308243088326,86.02687696194744,True,1,4.593794531064177,-4.593794531064177,4.593794531064177,21.10294819363514,12,6,1,Q3
R0001771,2026-01-25 12:00:00,M007,south,commercial,0,83.32669709889718,66.79426369303768,True,1,-16.532433405859507,16.532433405859507,16.532433405859507,273.32135431917936,12,6,1,Q3
R0001772,2026-01-25 12:00:00,M008,east,industrial,0,43.59444899690952,51.40518922347211,True,1,7.8107402265625865,-7.8107402265625865,7.8107402265625865,61.007662886842965,12,6,1,Q1
R0001773,2026-01-25 12:00:00,M009,north,residential,0,67.54804019665214,69.22550102198127,True,1,1.6774608253291348,-1.6774608253291348,1.6774608253291348,2.813874820513902,12,6,1,Q2
R0001774,2026-01-25 12:00:00,M010,south,commercial,0,69.50764772049138,63.32892512911205,True,1,-6.1787225913793264,6.1787225913793264,6.1787225913793264,38.17661286122126,12,6,1,Q2
R0001775,2026-01-25 12:00:00,M011,east,industrial,0,97.94285459764228,95.19883809755954,True,1,-2.7440165000827363,2.7440165000827363,2.7440165000827363,7.5296265527263095,12,6,1,Q5
R0001776,2026-01-25 12:00:00,M012,north,residential,0,80.80117170104019,80.46210941210083,True,1,-0.33906228893935975,0.33906228893935975,0.33906228893935975,0.11496323578079787,12,6,1,Q3
R0001777,2026-01-25 12:00:00,M013,south,commercial,0,89.95415126098395,66.8373485163981,True,1,-23.116802744585854,23.116802744585854,23.116802744585854,534.3865691320921,12,6,1,Q4
R0001778,2026-01-25 12:00:00,M014,east,industrial,0,68.97280345194116,70.23200810459812,True,1,1.2592046526569618,-1.2592046526569618,1.2592046526569618,1.58559635727294,12,6,1,Q2
R0001779,2026-01-25 12:00:00,M015,north,residential,0,56.44727359241499,56.353852627372326,True,1,-0.09342096504266095,0.09342096504266095,0.09342096504266095,0.00872747670950208,12,6,1,Q2
R0001780,2026-01-25 12:00:00,M016,south,commercial,0,67.84976371108418,76.28966770706315,True,1,8.439903995978966,-8.439903995978966,8.439903995978966,71.23197946134172,12,6,1,Q2
R0001781,2026-01-25 12:00:00,M017,east,industrial,0,41.40891158090345,42.98657879802192,True,1,1.5776672171184671,-1.5776672171184671,1.5776672171184671,2.4890338479703287,12,6,1,Q1
R0001782,2026-01-25 18:00:00,M000,north,residential,0,95.95818544746342,81.78910483345611,True,1,-14.169080614007314,14.169080614007314,14.169080614007314,200.76284544623786,18,6,1,Q5
R0001783,2026-01-25 18:00:00,M001,south,commercial,0,65.9842994651389,65.18602138901826,True,1,-0.7982780761206385,0.7982780761206385,0.7982780761206385,0.6372478868148679,18,6,1,Q2
R0001784,2026-01-25 18:00:00,M002,east,industrial,0,91.24614574189154,88.26465668108085,True,1,-2.981489060810688,2.981489060810688,2.981489060810688,8.889277019733798,18,6,1,Q4
R0001785,2026-01-25 18:00:00,M003,north,residential,0,97.13080392348756,76.78344421527088,True,1,-20.347359708216686,20.347359708216686,20.347359708216686,414.01504709555985,18,6,1,Q5
R0001786,2026-01-25 18:00:00,M004,south,commercial,0,50.339231996133066,50.60563778002855,True,1,0.2664057838954861,-0.2664057838954861,0.2664057838954861,0.07097204169296843,18,6,1,Q1
R0001787,2026-01-25 18:00:00,M005,east,industrial,0,102.70302145870036,101.73770865732328,True,1,-0.9653128013770811,0.9653128013770811,0.9653128013770811,0.931828804502468,18,6,1,Q5
R0001788,2026-01-25 18:00:00,M006,north,residential,0,95.0556692344527,82.65613653707558,True,1,-12.399532697377111,12.399532697377111,12.399532697377111,153.7484111133241,18,6,1,Q4
R0001789,2026-01-25 18:00:00,M007,south,commercial,0,85.61681867276796,65.12967781365623,True,1,-20.487140859111733,20.487140859111733,20.487140859111733,419.7229405810854,18,6,1,Q3
R0001790,2026-01-25 18:00:00,M008,east,industrial,0,47.680436629765616,49.27441376680508,True,1,1.5939771370394666,-1.5939771370394666,1.5939771370394666,2.5407631134045348,18,6,1,Q1
R0001791,2026-01-25 18:00:00,M009,north,residential,0,76.30195478469399,77.47159611844776,True,1,1.1696413337537734,-1.1696413337537734,1.1696413337537734,1.368060849625306,18,6,1,Q3
R0001792,2026-01-25 18:00:00,M010,south,commercial,0,59.84402459645322,63.59270334707208,True,1,3.748678750618865,-3.748678750618865,3.748678750618865,14.052592375341414,18,6,1,Q2
R0001793,2026-01-25 18:00:00,M011,east,industrial,0,99.51914472430347,95.548832804307,True,1,-3.970311919996476,3.970311919996476,3.970311919996476,15.763376742066104,18,6,1,Q5
R0001794,2026-01-25 18:00:00,M012,north,residential,0,94.16800430689116,82.82055424704009,True,1,-11.34745005985107,11.34745005985107,11.34745005985107,128.76462286081406,18,6,1,Q4
R0001795,2026-01-25 18:00:00,M013,south,commercial,0,87.48253657247076,76.83400554312101,True,1,-10.648531029349755,10.648531029349755,10.648531029349755,113.39121308302455,18,6,1,Q4
R0001796,2026-01-25 18:00:00,M014,east,industrial,0,69.12436263122702,67.14115410893507,True,1,-1.983208522291946,1.983208522291946,1.983208522291946,3.9331160428914043,18,6,1,Q2
R0001797,2026-01-25 18:00:00,M015,north,residential,0,62.75790879399839,62.41198919038297,True,1,-0.34591960361542107,0.34591960361542107,0.34591960361542107,0.11966037216545003,18,6,1,Q2
R0001798,2026-01-25 18:00:00,M016,south,commercial,0,65.70487819574161,66.23427547382322,True,1,0.5293972780816034,-0.5293972780816034,0.5293972780816034,0.28026147804021057,18,6,1,Q2
R0001799,2026-01-25 18:00:00,M017,east,industrial,0,47.95551712548935,42.85873424554789,True,1,-5.096782879941458,5.096782879941458,5.096782879941458,25.977195725264338,18,6,1,Q1
R0001800,2026-01-26 00:00:00,M000,north,residential,0,96.06684864079868,76.4790277025831,True,1,-19.587820938215586,19.587820938215586,19.587820938215586,383.6827291075969,0,0,0,Q5
R0001801,2026-01-26 00:00:00,M001,south,commercial,0,55.2292159328354,59.766558176938624,True,1,4.537342244103222,-4.537342244103222,4.537342244103222,20.587474640123663,0,0,0,Q1
R0001802,2026-01-26 00:00:00,M002,east,industrial,0,95.62222708168272,87.33022308014932,True,1,-8.2920040015334,8.2920040015334,8.2920040015334,68.75733036144591,0,0,0,Q4
R0001803,2026-01-26 00:00:00,M003,north,residential,0,93.61412854487732,81.69015853298296,True,1,-11.923970011894355,11.923970011894355,11.923970011894355,142.18106084455584,0,0,0,Q4
R0001804,2026-01-26 00:00:00,M004,south,commercial,0,46.13959063982726,36.27385551229035,True,1,-9.865735127536908,9.865735127536908,9.865735127536908,97.33272960671569,0,0,0,Q1
R0001805,2026-01-26 00:00:00,M005,east,industrial,0,114.27626221399022,100.40317213307748,True,1,-13.873090080912746,13.873090080912746,13.873090080912746,192.46262839311962,0,0,0,Q5
R0001806,2026-01-26 00:00:00,M006,north,residential,0,93.72907941364366,83.5106260190622,True,1,-10.21845339458146,10.21845339458146,10.21845339458146,104.41678977723335,0,0,0,Q4
R0001807,2026-01-26 00:00:00,M007,south,commercial,0,77.83652569762548,58.18693943832741,True,1,-19.64958625929807,19.64958625929807,19.64958625929807,386.10624016159545,0,0,0,Q3
R0001808,2026-01-26 00:00:00,M008,east,industrial,0,55.04908170909121,48.30470229098494,True,1,-6.74437941810627,6.74437941810627,6.74437941810627,45.48665373537547,0,0,0,Q1
R0001809,2026-01-26 00:00:00,M009,north,residential,0,77.37516376375353,74.54392520302548,True,1,-2.8312385607280532,2.8312385607280532,2.8312385607280532,8.015911787753458,0,0,0,Q3
R0001810,2026-01-26 00:00:00,M010,south,commercial,0,57.7210934279429,57.580196904364094,True,1,-0.1408965235788031,0.1408965235788031,0.1408965235788031,0.019851830356592222,0,0,0,Q2
R0001811,2026-01-26 00:00:00,M011,east,industrial,0,99.70092009355233,94.06614490767538,True,1,-5.634775185876947,5.634775185876947,5.634775185876947,31.750691395374584,0,0,0,Q5
R0001812,2026-01-26 00:00:00,M012,north,residential,0,96.7398894320888,85.42935868096183,True,1,-11.310530751126976,11.310530751126976,11.310530751126976,127.92810587218895,0,0,0,Q5
R0001813,2026-01-26 00:00:00,M013,south,commercial,0,87.81861182695012,67.86766093601278,True,1,-19.950950890937335,19.950950890937335,19.950950890937335,398.04044145259326,0,0,0,Q4
R0001814,2026-01-26 00:00:00,M014,east,industrial,0,70.78023775291632,70.35829084476376,True,1,-0.4219469081525631,0.4219469081525631,0.4219469081525631,0.17803919329950751,0,0,0,Q2
R0001815,2026-01-26 00:00:00,M015,north,residential,0,63.609643944376174,69.03449040896473,True,1,5.424846464588555,-5.424846464588555,5.424846464588555,29.428959164358943,0,0,0,Q2
R0001816,2026-01-26 00:00:00,M016,south,commercial,0,61.64826077678555,75.68007126958658,True,1,14.031810492801029,-14.031810492801029,14.031810492801029,196.89170570588104,0,0,0,Q2
R0001817,2026-01-26 00:00:00,M017,east,industrial,0,49.27908857473334,41.65472305850004,True,1,-7.624365516233304,7.624365516233304,7.624365516233304,58.13094952512754,0,0,0,Q1
R0001818,2026-01-26 06:00:00,M000,north,residential,0,95.89390735948216,83.63429520673067,True,1,-12.259612152751487,12.259612152751487,12.259612152751487,150.29809013589195,6,0,0,Q4
R0001819,2026-01-26 06:00:00,M001,south,commercial,0,56.08744396939653,58.5894722351748,True,1,2.5020282657782715,-2.5020282657782715,2.5020282657782715,6.260145442753425,6,0,0,Q1
R0001820,2026-01-26 06:00:00,M002,east,industrial,0,95.13292276200434,86.45150554353765,True,1,-8.681417218466692,8.681417218466692,8.681417218466692,75.36700492108994,6,0,0,Q4
R0001821,2026-01-26 06:00:00,M003,north,residential,0,92.94451045987378,75.84285928139728,True,1,-17.1016511784765,17.1016511784765,17.1016511784765,292.4664730302867,6,0,0,Q4
R0001822,2026-01-26 06:00:00,M004,south,commercial,0,42.47815572606225,36.82659449378566,True,1,-5.651561232276585,5.651561232276585,5.651561232276585,31.94014436217163,6,0,0,Q1
R0001823,2026-01-26 06:00:00,M005,east,industrial,0,108.24099925523316,99.11108546358216,True,1,-9.129913791651006,9.129913791651006,9.129913791651006,83.35532584297925,6,0,0,Q5
R0001824,2026-01-26 06:00:00,M006,north,residential,0,95.24195981962468,85.36803640322881,True,1,-9.873923416395868,9.873923416395868,9.873923416395868,97.49436363285066,6,0,0,Q4
R0001825,2026-01-26 06:00:00,M007,south,commercial,0,79.39670959666957,78.06626164840142,True,1,-1.3304479482681444,1.3304479482681444,1.3304479482681444,1.770091743050915,6,0,0,Q3
R0001826,2026-01-26 06:00:00,M008,east,industrial,0,53.06808427659549,48.42645962381229,True,1,-4.6416246527832,4.6416246527832,4.6416246527832,21.54467941732476,6,0,0,Q1
R0001827,2026-01-26 06:00:00,M009,north,residential,0,76.01433752319639,69.8337530653832,True,1,-6.1805844578131826,6.1805844578131826,6.1805844578131826,38.199624240161874,6,0,0,Q3
R0001828,2026-01-26 06:00:00,M010,south,commercial,0,50.65626388492925,57.62475912419397,True,1,6.968495239264719,-6.968495239264719,6.968495239264719,48.559925899655056,6,0,0,Q1
R0001829,2026-01-26 06:00:00,M011,east,industrial,0,105.3957317591626,94.66055332558491,True,1,-10.735178433577687,10.735178433577687,10.735178433577687,115.24405600075148,6,0,0,Q5
R0001830,2026-01-26 06:00:00,M012,north,residential,0,92.10192832686954,83.86813644296085,True,1,-8.233791883908694,8.233791883908694,8.233791883908694,67.79532878752067,6,0,0,Q4
R0001831,2026-01-26 06:00:00,M013,south,commercial,0,83.5460721546053,65.54075260946603,True,1,-18.005319545139272,18.005319545139272,18.005319545139272,324.1915319225743,6,0,0,Q3
R0001832,2026-01-26 06:00:00,M014,east,industrial,0,73.0032668286054,74.97026119494853,True,1,1.9669943663431297,-1.9669943663431297,1.9669943663431297,3.8690668372256103,6,0,0,Q3
R0001833,2026-01-26 06:00:00,M015,north,residential,0,64.37621164372281,62.56039877492512,True,1,-1.8158128687976927,1.8158128687976927,1.8158128687976927,3.2971763744913067,6,0,0,Q2
R0001834,2026-01-26 06:00:00,M016,south,commercial,0,63.819640234429606,73.17921224389424,True,1,9.359572009464635,-9.359572009464635,9.359572009464635,87.60158820035387,6,0,0,Q2
R0001835,2026-01-26 06:00:00,M017,east,industrial,0,46.02124849004571,41.39679723570339,True,1,-4.624451254342318,4.624451254342318,4.624451254342318,21.385549403788243,6,0,0,Q1
R0001836,2026-01-26 12:00:00,M000,north,residential,0,83.28786998904627,80.71786151731376,True,1,-2.570008471732507,2.570008471732507,2.570008471732507,6.604943544776856,12,0,0,Q3
R0001837,2026-01-26 12:00:00,M001,south,commercial,0,75.11007577504681,70.32642490719526,True,1,-4.783650867851549,4.783650867851549,4.783650867851549,22.883315625496873,12,0,0,Q3
R0001838,2026-01-26 12:00:00,M002,east,industrial,0,92.2790603343865,84.91131534894107,True,1,-7.367744985445427,7.367744985445427,7.367744985445427,54.28366617055623,12,0,0,Q4
R0001839,2026-01-26 12:00:00,M003,north,residential,0,84.28263934597791,79.79329462427191,True,1,-4.489344721706004,4.489344721706004,4.489344721706004,20.154216030309563,12,0,0,Q3
R0001840,2026-01-26 12:00:00,M004,south,commercial,0,57.127668625828335,53.30724719670835,True,1,-3.820421429119982,3.820421429119982,3.820421429119982,14.595619896079164,12,0,0,Q2
R0001841,2026-01-26 12:00:00,M005,east,industrial,0,99.20354888315862,100.0143906662794,True,1,0.8108417831207788,-0.8108417831207788,0.8108417831207788,0.6574643972544841,12,0,0,Q5
R0001842,2026-01-26 12:00:00,M006,north,residential,0,90.53290809920227,83.38074655719389,True,1,-7.152161542008386,7.152161542008386,7.152161542008386,51.153414722983776,12,0,0,Q4
R0001843,2026-01-26 12:00:00,M007,south,commercial,0,89.98163724767427,84.21755572808102,True,1,-5.7640815195932475,5.7640815195932475,5.7640815195932475,33.2246357645164,12,0,0,Q4
R0001844,2026-01-26 12:00:00,M008,east,industrial,0,48.146601811407606,48.8149864398487,True,1,0.6683846284410961,-0.6683846284410961,0.6683846284410961,0.44673801153634213,12,0,0,Q1
R0001845,2026-01-26 12:00:00,M009,north,residential,0,64.83500546607061,72.32933722403327,True,1,7.494331757962655,-7.494331757962655,7.494331757962655,56.16500849840762,12,0,0,Q2
R0001846,2026-01-26 12:00:00,M010,south,commercial,0,69.51824724736268,68.85986231446833,True,1,-0.6583849328943501,0.6583849328943501,0.6583849328943501,0.43347071986229785,12,0,0,Q2
R0001847,2026-01-26 12:00:00,M011,east,industrial,0,93.81883258049946,95.71542876499538,True,1,1.8965961844959196,-1.8965961844959196,1.8965961844959196,3.59707708704448,12,0,0,Q4
R0001848,2026-01-26 12:00:00,M012,north,residential,0,76.87580474987276,83.80576131405913,True,1,6.929956564186369,-6.929956564186369,6.929956564186369,48.02429798150975,12,0,0,Q3
R0001849,2026-01-26 12:00:00,M013,south,commercial,0,100.02116570397972,71.71910926946184,True,1,-28.30205643451788,28.30205643451788,28.30205643451788,801.0063984226349,12,0,0,Q5
R0001850,2026-01-26 12:00:00,M014,east,industrial,0,62.86581075533128,68.58481643072238,True,1,5.719005675391102,-5.719005675391102,5.719005675391102,32.70702591515564,12,0,0,Q2
R0001851,2026-01-26 12:00:00,M015,north,residential,0,57.317778674344815,57.27880162373626,True,1,-0.03897705060855827,0.03897705060855827,0.03897705060855827,0.0015192104741421127,12,0,0,Q2
R0001852,2026-01-26 12:00:00,M016,south,commercial,0,76.64370522961654,80.21273539563799,True,1,3.5690301660214487,-3.5690301660214487,3.5690301660214487,12.73797632597109,12,0,0,Q3
R0001853,2026-01-26 12:00:00,M017,east,industrial,0,40.61291449238708,40.65250449137067,True,1,0.039589998983593944,-0.039589998983593944,0.039589998983593944,0.0015673680195209694,12,0,0,Q1
R0001854,2026-01-26 18:00:00,M000,north,residential,0,96.92000353222676,84.96339085719833,True,1,-11.956612675028424,11.956612675028424,11.956612675028424,142.96058666065036,18,0,0,Q5
R0001855,2026-01-26 18:00:00,M001,south,commercial,0,70.57680716116721,71.2797032867918,True,1,0.7028961256245907,-0.7028961256245907,0.7028961256245907,0.4940629634180604,18,0,0,Q2
R0001856,2026-01-26 18:00:00,M002,east,industrial,0,86.35231425905503,74.11890067175871,True,1,-12.233413587296326,12.233413587296326,12.233413587296326,149.65640799784637,18,0,0,Q3
R0001857,2026-01-26 18:00:00,M003,north,residential,0,87.56279970135174,85.31110649428435,True,1,-2.2516932070673903,2.2516932070673903,2.2516932070673903,5.07012229875343,18,0,0,Q4
R0001858,2026-01-26 18:00:00,M004,south,commercial,0,57.79405258201808,52.46833524847428,True,1,-5.3257173335438,5.3257173335438,5.3257173335438,28.36326511680888,18,0,0,Q2
R0001859,2026-01-26 18:00:00,M005,east,industrial,0,105.41152113399625,99.60400729121694,True,1,-5.807513842779301,5.807513842779301,5.807513842779301,33.7272170340732,18,0,0,Q5
R0001860,2026-01-26 18:00:00,M006,north,residential,0,91.67263827779352,88.84874625606693,True,1,-2.823892021726593,2.823892021726593,2.823892021726593,7.974366150371104,18,0,0,Q4
R0001861,2026-01-26 18:00:00,M007,south,commercial,0,94.38995692538838,89.01180514307546,True,1,-5.378151782312912,5.378151782312912,5.378151782312912,28.924516593595552,18,0,0,Q4
R0001862,2026-01-26 18:00:00,M008,east,industrial,0,46.52921992017194,47.70963201812112,True,1,1.18041209794918,-1.18041209794918,1.18041209794918,1.3933727209847844,18,0,0,Q1
R0001863,2026-01-26 18:00:00,M009,north,residential,0,72.4991428610375,73.30693612805457,True,1,0.8077932670170753,-0.8077932670170753,0.8077932670170753,0.65252996223812,18,0,0,Q3
R0001864,2026-01-26 18:00:00,M010,south,commercial,0,66.08282345622298,68.78863659272699,True,1,2.7058131365040055,-2.7058131365040055,2.7058131365040055,7.321424729677644,18,0,0,Q2
R0001865,2026-01-26 18:00:00,M011,east,industrial,0,97.2051505964604,95.32772949655542,True,1,-1.8774210999049785,1.8774210999049785,1.8774210999049785,3.5247099863684195,18,0,0,Q5
R0001866,2026-01-26 18:00:00,M012,north,residential,0,91.79952474508566,86.86706958021502,True,1,-4.932455164870646,4.932455164870646,4.932455164870646,24.329113953459114,18,0,0,Q4
R0001867,2026-01-26 18:00:00,M013,south,commercial,0,97.2156012549881,74.83662360700747,True,1,-22.378977647980633,22.378977647980633,22.378977647980633,500.8186405688168,18,0,0,Q5
R0001868,2026-01-26 18:00:00,M014,east,industrial,0,71.70107962129809,71.36978017260115,True,1,-0.3312994486969387,0.3312994486969387,0.3312994486969387,0.10975932470689553,18,0,0,Q3
R0001869,2026-01-26 18:00:00,M015,north,residential,0,59.164669414927495,71.3045039189655,True,1,12.139834504038,-12.139834504038,12.139834504038,147.37558178543154,18,0,0,Q2
R0001870,2026-01-26 18:00:00,M016,south,commercial,0,74.15271924214304,72.99677715191937,True,1,-1.155942090223661,1.155942090223661,1.155942090223661,1.3362021159506465,18,0,0,Q3
R0001871,2026-01-26 18:00:00,M017,east,industrial,0,41.41928664837384,39.58466560725166,True,1,-1.8346210411221833,1.8346210411221833,1.8346210411221833,3.3658343645282436,18,0,0,Q1
R0001872,2026-01-27 00:00:00,M000,north,residential,0,101.67213559383391,88.10336908612543,True,1,-13.568766507708489,13.568766507708489,13.568766507708489,184.11142454071162,0,1,0,Q5
R0001873,2026-01-27 00:00:00,M001,south,commercial,1,42.55215088063356,57.26161399082624,True,1,14.70946311019268,-14.70946311019268,14.70946311019268,216.3683049901193,0,1,0,Q1
R0001874,2026-01-27 00:00:00,M002,east,industrial,0,96.45082236857438,75.58019934467546,True,1,-20.870623023898915,20.870623023898915,20.870623023898915,435.5829054056995,0,1,0,Q5
R0001875,2026-01-27 00:00:00,M003,north,residential,0,94.31041685115272,83.67840049069734,True,1,-10.632016360455381,10.632016360455381,10.632016360455381,113.03977188899088,0,1,0,Q4
R0001876,2026-01-27 00:00:00,M004,south,commercial,0,42.07660618787121,36.88806357871026,True,1,-5.1885426091609474,5.1885426091609474,5.1885426091609474,26.920974407078692,0,1,0,Q1
R0001877,2026-01-27 00:00:00,M005,east,industrial,0,108.09840889631718,99.1425241575803,True,1,-8.955884738736884,8.955884738736884,8.955884738736884,80.20787145354024,0,1,0,Q5
R0001878,2026-01-27 00:00:00,M006,north,residential,0,96.17093991006224,88.7855378226952,True,1,-7.385402087367041,7.385402087367041,7.385402087367041,54.544163992085444,0,1,0,Q5
R0001879,2026-01-27 00:00:00,M007,south,commercial,0,77.42691723395978,77.18902649611569,True,1,-0.2378907378440971,0.2378907378440971,0.2378907378440971,0.05659200315200893,0,1,0,Q3
R0001880,2026-01-27 00:00:00,M008,east,industrial,0,49.57365558979559,48.415012965229295,True,1,-1.1586426245662977,1.1586426245662977,1.1586426245662977,1.3424527314618788,0,1,0,Q1
R0001881,2026-01-27 00:00:00,M009,north,residential,0,76.02224426733063,72.33917018832996,True,1,-3.6830740790006757,3.6830740790006757,3.6830740790006757,13.565034671406675,0,1,0,Q3
R0001882,2026-01-27 00:00:00,M010,south,commercial,0,60.95669744189643,62.76295222391858,True,1,1.806254782022151,-1.806254782022151,1.806254782022151,3.2625563375778883,0,1,0,Q2
R0001883,2026-01-27 00:00:00,M011,east,industrial,0,104.20546610694824,94.28531570194612,True,1,-9.920150405002119,9.920150405002119,9.920150405002119,98.40938405786369,0,1,0,Q5
R0001884,2026-01-27 00:00:00,M012,north,residential,0,88.88012285145955,84.04631851867953,True,1,-4.833804332780019,4.833804332780019,4.833804332780019,23.365664327602886,0,1,0,Q4
R0001885,2026-01-27 00:00:00,M013,south,commercial,0,89.28584267263756,71.25558977547591,True,1,-18.030252897161645,18.030252897161645,18.030252897161645,325.0900195356059,0,1,0,Q4
R0001886,2026-01-27 00:00:00,M014,east,industrial,0,70.80120586779256,69.7673644667461,True,1,-1.033841401046459,1.033841401046459,1.033841401046459,1.0688280425177052,0,1,0,Q2
R0001887,2026-01-27 00:00:00,M015,north,residential,0,62.81898492133608,65.34657196455179,True,1,2.5275870432157035,-2.5275870432157035,2.5275870432157035,6.388696261031902,0,1,0,Q2
R0001888,2026-01-27 00:00:00,M016,south,commercial,0,64.60945262791806,70.21774719350437,True,1,5.608294565586306,-5.608294565586306,5.608294565586306,31.45296793438489,0,1,0,Q2
R0001889,2026-01-27 00:00:00,M017,east,industrial,0,48.34676146516431,41.39520642804413,True,1,-6.95155503712018,6.95155503712018,6.95155503712018,48.324117434110946,0,1,0,Q1
R0001890,2026-01-27 06:00:00,M000,north,residential,0,97.70654367419026,87.90919603463402,True,1,-9.797347639556236,9.797347639556236,9.797347639556236,95.98802077031814,6,1,0,Q5
R0001891,2026-01-27 06:00:00,M001,south,commercial,0,55.044743304078615,57.84526167960443,True,1,2.8005183755258116,-2.8005183755258116,2.8005183755258116,7.84290317165773,6,1,0,Q1
R0001892,2026-01-27 06:00:00,M002,east,industrial,0,91.7629394707333,84.14882811505653,True,1,-7.614111355676769,7.614111355676769,7.614111355676769,57.97469173664593,6,1,0,Q4
R0001893,2026-01-27 06:00:00,M003,north,residential,0,92.16161942466232,82.38765523548403,True,1,-9.773964189178287,9.773964189178287,9.773964189178287,95.53037597133957,6,1,0,Q4
R0001894,2026-01-27 06:00:00,M004,south,commercial,0,45.15100319513802,36.91411308490376,True,1,-8.236890110234256,8.236890110234256,8.236890110234256,67.8463586880749,6,1,0,Q1
R0001895,2026-01-27 06:00:00,M005,east,industrial,0,104.82040503881495,98.91071927825864,True,1,-5.9096857605563144,5.9096857605563144,5.9096857605563144,34.924385788522066,6,1,0,Q5
R0001896,2026-01-27 06:00:00,M006,north,residential,0,94.38952240472004,88.60522883422391,True,1,-5.784293570496132,5.784293570496132,5.784293570496132,33.45805210968289,6,1,0,Q4
R0001897,2026-01-27 06:00:00,M007,south,commercial,0,80.30315045325018,77.14048793121498,True,1,-3.1626625220352054,3.1626625220352054,3.1626625220352054,10.002434228286086,6,1,0,Q3
R0001898,2026-01-27 06:00:00,M008,east,industrial,0,56.15218110179966,48.59800686251983,True,1,-7.554174239279831,7.554174239279831,7.554174239279831,57.065548437399016,6,1,0,Q1
R0001899,2026-01-27 06:00:00,M009,north,residential,0,75.8487237084515,72.95135835643465,True,1,-2.8973653520168483,2.8973653520168483,2.8973653520168483,8.394725983067715,6,1,0,Q3
R0001900,2026-01-27 06:00:00,M010,south,commercial,0,57.73335106308575,58.7316404462075,True,1,0.998289383121751,-0.998289383121751,0.998289383121751,0.9965816924536061,6,1,0,Q2
R0001901,2026-01-27 06:00:00,M011,east,industrial,0,102.4639622200264,94.60767763985989,True,1,-7.856284580166516,7.856284580166516,7.856284580166516,61.72120740456217,6,1,0,Q5
R0001902,2026-01-27 06:00:00,M012,north,residential,0,89.09130310141114,86.54644187701213,True,1,-2.544861224399014,2.544861224399014,2.544861224399014,6.476318651449649,6,1,0,Q4
R0001903,2026-01-27 06:00:00,M013,south,commercial,0,86.21260957455245,72.79130884499205,True,1,-13.4213007295604,13.4213007295604,13.4213007295604,180.13131327329853,6,1,0,Q3
R0001904,2026-01-27 06:00:00,M014,east,industrial,0,70.420481874061,68.25713796859257,True,1,-2.163343905468423,2.163343905468423,2.163343905468423,4.68005685332737,6,1,0,Q2
R0001905,2026-01-27 06:00:00,M015,north,residential,0,59.92716506439709,71.53377329601769,True,1,11.606608231620598,-11.606608231620598,11.606608231620598,134.71335464232303,6,1,0,Q2
R0001906,2026-01-27 06:00:00,M016,south,commercial,0,60.20932123436875,62.37782335202159,True,1,2.1685021176528423,-2.1685021176528423,2.1685021176528423,4.7024014342648615,6,1,0,Q2
R0001907,2026-01-27 06:00:00,M017,east,industrial,0,49.717212477511765,41.38372948303444,True,1,-8.333482994477322,8.333482994477322,8.333482994477322,69.44693881924272,6,1,0,Q1
R0001908,2026-01-27 12:00:00,M000,north,residential,0,88.69974365924296,77.84717000971264,True,1,-10.852573649530314,10.852573649530314,10.852573649530314,117.77835481847971,12,1,0,Q4
R0001909,2026-01-27 12:00:00,M001,south,commercial,0,72.51702940924822,70.74746243234426,True,1,-1.7695669769039597,1.7695669769039597,1.7695669769039597,3.131367285749019,12,1,0,Q3
R0001910,2026-01-27 12:00:00,M002,east,industrial,0,91.05918690389564,85.59511969654112,True,1,-5.464067207354518,5.464067207354518,5.464067207354518,29.856030446486997,12,1,0,Q4
R0001911,2026-01-27 12:00:00,M003,north,residential,0,86.27663485831187,79.64699346112322,True,1,-6.629641397188649,6.629641397188649,6.629641397188649,43.952145055317466,12,1,0,Q3
R0001912,2026-01-27 12:00:00,M004,south,commercial,0,52.55092166577123,53.60585911557072,True,1,1.054937449799496,-1.054937449799496,1.054937449799496,1.1128930229894645,12,1,0,Q1
R0001913,2026-01-27 12:00:00,M005,east,industrial,0,98.80513560853448,100.141921493986,True,1,1.336785885451519,-1.336785885451519,1.336785885451519,1.786996503542402,12,1,0,Q5
R0001914,2026-01-27 12:00:00,M006,north,residential,0,87.20681022614912,85.32806382479579,True,1,-1.8787464013533253,1.8787464013533253,1.8787464013533253,3.52968804059807,12,1,0,Q4
R0001915,2026-01-27 12:00:00,M007,south,commercial,0,93.3462843767833,87.8934542596102,True,1,-5.452830117173107,5.452830117173107,5.452830117173107,29.733356286750084,12,1,0,Q4
R0001916,2026-01-27 12:00:00,M008,east,industrial,0,46.396895287822296,48.00909390006728,True,1,1.6121986122449812,-1.6121986122449812,1.6121986122449812,2.599184365324643,12,1,0,Q1
R0001917,2026-01-27 12:00:00,M009,north,residential,0,67.21999084426692,71.90303607986316,True,1,4.683045235596239,-4.683045235596239,4.683045235596239,21.930912678640638,12,1,0,Q2
R0001918,2026-01-27 12:00:00,M010,south,commercial,0,69.28102366565273,75.63112198225123,True,1,6.350098316598505,-6.350098316598505,6.350098316598505,40.323748630467165,12,1,0,Q2
R0001919,2026-01-27 12:00:00,M011,east,industrial,0,92.89365634903568,94.51224328270094,True,1,1.6185869336652559,-1.6185869336652559,1.6185869336652559,2.6198236618318953,12,1,0,Q4
R0001920,2026-01-27 12:00:00,M012,north,residential,0,79.48926566971876,83.73929095071841,True,1,4.250025280999651,-4.250025280999651,4.250025280999651,18.062714889136164,12,1,0,Q3
R0001921,2026-01-27 12:00:00,M013,south,commercial,0,97.41581530491244,88.10684521959733,True,1,-9.30897008531511,9.30897008531511,9.30897008531511,86.6569240492916,12,1,0,Q5
R0001922,2026-01-27 12:00:00,M014,east,industrial,0,68.91325829222637,75.92362260190708,True,1,7.0103643096807104,-7.0103643096807104,7.0103643096807104,49.1452077544451,12,1,0,Q2
R0001923,2026-01-27 12:00:00,M015,north,residential,0,58.41855493969149,59.27630769891851,True,1,0.8577527592270187,-0.8577527592270187,0.8577527592270187,0.7357397959615638,12,1,0,Q2
R0001924,2026-01-27 12:00:00,M016,south,commercial,0,73.42858256821259,70.82025994021257,True,1,-2.6083226280000247,2.6083226280000247,2.6083226280000247,6.8033469317369555,12,1,0,Q3
R0001925,2026-01-27 12:00:00,M017,east,industrial,0,41.0604585923939,42.18624104783239,True,1,1.1257824554384896,-1.1257824554384896,1.1257824554384896,1.267386136973115,12,1,0,Q1
R0001926,2026-01-27 18:00:00,M000,north,residential,0,99.58828464768952,90.19302998882203,True,1,-9.395254658867486,9.395254658867486,9.395254658867486,88.2708101049712,18,1,0,Q5
R0001927,2026-01-27 18:00:00,M001,south,commercial,0,75.43970381658687,68.78807249344226,True,1,-6.651631323144613,6.651631323144613,6.651631323144613,44.24419925903856,18,1,0,Q3
R0001928,2026-01-27 18:00:00,M002,east,industrial,0,89.78134540860957,82.03822787788927,True,1,-7.743117530720298,7.743117530720298,7.743117530720298,59.955869094548,18,1,0,Q4
R0001929,2026-01-27 18:00:00,M003,north,residential,0,87.27055606491929,78.63296317501788,True,1,-8.637592889901413,8.637592889901413,8.637592889901413,74.60801093167544,18,1,0,Q4
R0001930,2026-01-27 18:00:00,M004,south,commercial,0,56.37584304761098,53.99136507153768,True,1,-2.384477976073299,2.384477976073299,2.384477976073299,5.685735218378617,18,1,0,Q2
R0001931,2026-01-27 18:00:00,M005,east,industrial,0,98.49695421295712,99.2228337731252,True,1,0.7258795601680816,-0.7258795601680816,0.7258795601680816,0.5269011358698077,18,1,0,Q5
R0001932,2026-01-27 18:00:00,M006,north,residential,0,93.00819806434592,85.32453673221448,True,1,-7.683661332131436,7.683661332131436,7.683661332131436,59.038651466891835,18,1,0,Q4
R0001933,2026-01-27 18:00:00,M007,south,commercial,0,93.33235098586688,87.59233161733819,True,1,-5.740019368528692,5.740019368528692,5.740019368528692,32.947822351084525,18,1,0,Q4
R0001934,2026-01-27 18:00:00,M008,east,industrial,0,52.30015198766028,47.597424926176046,True,1,-4.702727061484232,4.702727061484232,4.702727061484232,22.115641814816122,18,1,0,Q1
R0001935,2026-01-27 18:00:00,M009,north,residential,0,70.13086093136982,74.72720885218816,True,1,4.5963479208183315,-4.5963479208183315,4.5963479208183315,21.126414209211,18,1,0,Q2
R0001936,2026-01-27 18:00:00,M010,south,commercial,0,67.77604391563226,78.17441947720125,True,1,10.398375561568997,-10.398375561568997,10.398375561568997,108.12621431943536,18,1,0,Q2
R0001937,2026-01-27 18:00:00,M011,east,industrial,0,96.47118561260186,95.13586000465558,True,1,-1.3353256079462739,1.3353256079462739,1.3353256079462739,1.783094479237086,18,1,0,Q5
R0001938,2026-01-27 18:00:00,M012,north,residential,0,91.19404453171931,86.62251684265074,True,1,-4.571527689068574,4.571527689068574,4.571527689068574,20.89886541192066,18,1,0,Q4
R0001939,2026-01-27 18:00:00,M013,south,commercial,0,90.82373041163136,73.47511655768085,True,1,-17.34861385395051,17.34861385395051,17.34861385395051,300.9744026534836,18,1,0,Q4
R0001940,2026-01-27 18:00:00,M014,east,industrial,0,61.118373836855085,68.37131349087613,True,1,7.2529396540210485,-7.2529396540210485,7.2529396540210485,52.605133624870966,18,1,0,Q2
R0001941,2026-01-27 18:00:00,M015,north,residential,0,62.2716866619384,63.42767567041404,True,1,1.1559890084756361,-1.1559890084756361,1.1559890084756361,1.3363105877164843,18,1,0,Q2
R0001942,2026-01-27 18:00:00,M016,south,commercial,0,80.12513377185978,77.50204291616848,True,1,-2.623090855691302,2.623090855691302,2.623090855691302,6.880605637211328,18,1,0,Q3
R0001943,2026-01-27 18:00:00,M017,east,industrial,0,46.1922022185294,45.48718063665508,True,1,-0.7050215818743197,0.7050215818743197,0.7050215818743197,0.49705543090856813,18,1,0,Q1
R0001944,2026-01-28 00:00:00,M000,north,residential,0,100.61383600706093,89.56049433188124,True,1,-11.05334167517968,11.05334167517968,11.05334167517968,122.17636218826395,0,2,0,Q5
R0001945,2026-01-28 00:00:00,M001,south,commercial,0,57.05306121027013,56.1093956235548,True,1,-0.9436655867153263,0.9436655867153263,0.9436655867153263,0.890504739550781,0,2,0,Q2
R0001946,2026-01-28 00:00:00,M002,east,industrial,0,94.63049306240389,87.81908322340648,True,1,-6.811409838997406,6.811409838997406,6.811409838997406,46.395303994790666,0,2,0,Q4
R0001947,2026-01-28 00:00:00,M003,north,residential,0,96.82487295200906,83.38821947041633,True,1,-13.436653481592728,13.436653481592728,13.436653481592728,180.54365678439797,0,2,0,Q5
R0001948,2026-01-28 00:00:00,M004,south,commercial,0,50.458345411019664,37.297413176851855,True,1,-13.16093223416781,13.16093223416781,13.16093223416781,173.2101372723573,0,2,0,Q1
R0001949,2026-01-28 00:00:00,M005,east,industrial,0,112.03909421172668,100.98140562352204,True,1,-11.057688588204641,11.057688588204641,11.057688588204641,122.27247691371115,0,2,0,Q5
R0001950,2026-01-28 00:00:00,M006,north,residential,0,99.75614967211048,89.03091476103565,True,1,-10.725234911074836,10.725234911074836,10.725234911074836,115.03066389773844,0,2,0,Q5
R0001951,2026-01-28 00:00:00,M007,south,commercial,0,76.83256666449702,76.7480828151539,True,1,-0.08448384934312969,0.08448384934312969,0.08448384934312969,0.0071375207998326355,0,2,0,Q3
R0001952,2026-01-28 00:00:00,M008,east,industrial,0,52.959242752730496,54.35627354987746,True,1,1.3970307971469609,-1.3970307971469609,1.3970307971469609,1.951695048177073,0,2,0,Q1
R0001953,2026-01-28 00:00:00,M009,north,residential,0,79.95186506397624,69.89075610028767,True,1,-10.061108963688568,10.061108963688568,10.061108963688568,101.22591357921445,0,2,0,Q3
R0001954,2026-01-28 00:00:00,M010,south,commercial,0,54.71399062366044,58.84732012507137,True,1,4.133329501410927,-4.133329501410927,4.133329501410927,17.0844127672339,0,2,0,Q1
R0001955,2026-01-28 00:00:00,M011,east,industrial,0,97.34136270213546,94.7722371018076,True,1,-2.569125600327851,2.569125600327851,2.569125600327851,6.6004063502599415,0,2,0,Q5
R0001956,2026-01-28 00:00:00,M012,north,residential,0,95.32701163453576,88.10703584089369,True,1,-7.219975793642078,7.219975793642078,7.219975793642078,52.12805046077756,0,2,0,Q4
R0001957,2026-01-28 00:00:00,M013,south,commercial,0,85.3294884659313,75.14346110999635,True,1,-10.186027355934954,10.186027355934954,10.186027355934954,103.75515329585522,0,2,0,Q3
R0001958,2026-01-28 00:00:00,M014,east,industrial,0,65.51539897791038,63.70652919018965,True,1,-1.808869787720731,1.808869787720731,1.808869787720731,3.272009908928842,0,2,0,Q2
R0001959,2026-01-28 00:00:00,M015,north,residential,0,67.14555651874996,71.77014917665439,True,1,4.624592657904429,-4.624592657904429,4.624592657904429,21.386857251543557,0,2,0,Q2
R0001960,2026-01-28 00:00:00,M016,south,commercial,0,63.43354235438312,59.23689450874058,True,1,-4.196647845642538,4.196647845642538,4.196647845642538,17.611853140336155,0,2,0,Q2
R0001961,2026-01-28 00:00:00,M017,east,industrial,0,50.33248548448038,43.717608974289455,True,1,-6.614876510190925,6.614876510190925,6.614876510190925,43.75659124507567,0,2,0,Q1
R0001962,2026-01-28 06:00:00,M000,north,residential,0,96.2723540623088,81.56011193887495,True,1,-14.712242123433853,14.712242123433853,14.712242123433853,216.45006829854145,6,2,0,Q5
R0001963,2026-01-28 06:00:00,M001,south,commercial,0,61.30585215573858,58.5588820586909,True,1,-2.7469700970476794,2.7469700970476794,2.7469700970476794,7.545844714074137,6,2,0,Q2
R0001964,2026-01-28 06:00:00,M002,east,industrial,0,99.45014878609744,85.22130925187994,True,1,-14.2288395342175,14.2288395342175,14.2288395342175,202.45987449051086,6,2,0,Q5
R0001965,2026-01-28 06:00:00,M003,north,residential,0,95.0650577633088,87.64473336713633,True,1,-7.420324396172475,7.420324396172475,7.420324396172475,55.061214144432405,6,2,0,Q4
R0001966,2026-01-28 06:00:00,M004,south,commercial,0,42.54989117387079,36.72500927660799,True,1,-5.824881897262799,5.824881897262799,5.824881897262799,33.92924911705986,6,2,0,Q1
R0001967,2026-01-28 06:00:00,M005,east,industrial,0,107.53526060862733,99.63624230525524,True,1,-7.899018303372088,7.899018303372088,7.899018303372088,62.39449015700726,6,2,0,Q5
R0001968,2026-01-28 06:00:00,M006,north,residential,1,85.28751778919465,85.88982847960241,True,1,0.6023106904077622,-0.6023106904077622,0.6023106904077622,0.36277816777947514,6,2,0,Q3
R0001969,2026-01-28 06:00:00,M007,south,commercial,0,79.51400646217435,76.74437937096016,True,1,-2.76962709121419,2.76962709121419,2.76962709121419,7.6708342243875745,6,2,0,Q3
R0001970,2026-01-28 06:00:00,M008,east,industrial,0,53.524718247442486,65.31549034802033,True,1,11.790772100577847,-11.790772100577847,11.790772100577847,139.02230672776494,6,2,0,Q1
R0001971,2026-01-28 06:00:00,M009,north,residential,0,79.47589466748045,75.50198675757356,True,1,-3.9739079099068846,3.9739079099068846,3.9739079099068846,15.791944076420505,6,2,0,Q3
R0001972,2026-01-28 06:00:00,M010,south,commercial,0,54.52865516703941,58.0095039838211,True,1,3.4808488167816876,-3.4808488167816876,3.4808488167816876,12.116308485290475,6,2,0,Q1
R0001973,2026-01-28 06:00:00,M011,east,industrial,0,101.29890266449726,94.56409921224244,True,1,-6.734803452254823,6.734803452254823,6.734803452254823,45.357577540503485,6,2,0,Q5
R0001974,2026-01-28 06:00:00,M012,north,residential,0,93.04322375079173,87.08166006619798,True,1,-5.961563684593742,5.961563684593742,5.961563684593742,35.54024156546691,6,2,0,Q4
R0001975,2026-01-28 06:00:00,M013,south,commercial,0,89.01066714542155,63.15747121846186,True,1,-25.853195926959692,25.853195926959692,25.853195926959692,668.3877396377652,6,2,0,Q4
R0001976,2026-01-28 06:00:00,M014,east,industrial,0,72.50691642382432,67.3144117369516,True,1,-5.192504686872724,5.192504686872724,5.192504686872724,26.962104923195202,6,2,0,Q3
R0001977,2026-01-28 06:00:00,M015,north,residential,0,67.05619203980157,59.28027672281303,True,1,-7.775915316988545,7.775915316988545,7.775915316988545,60.464859016977066,6,2,0,Q2
R0001978,2026-01-28 06:00:00,M016,south,commercial,0,66.11492574882764,58.03170339795462,True,1,-8.083222350873022,8.083222350873022,8.083222350873022,65.33848357365319,6,2,0,Q2
R0001979,2026-01-28 06:00:00,M017,east,industrial,0,43.76986979572103,43.77429973685896,True,1,0.004429941137928495,-0.004429941137928495,0.004429941137928495,1.9624378485511206e-05,6,2,0,Q1
R0001980,2026-01-28 12:00:00,M000,north,residential,0,85.63919888843373,86.20817037233634,True,1,0.5689714839026152,-0.5689714839026152,0.5689714839026152,0.32372854949434393,12,2,0,Q3
R0001981,2026-01-28 12:00:00,M001,south,commercial,0,75.13062013718358,70.71918777368833,True,1,-4.411432363495251,4.411432363495251,4.411432363495251,19.4607354976933,12,2,0,Q3
R0001982,2026-01-28 12:00:00,M002,east,industrial,0,85.65195915125122,87.28055811214546,True,1,1.6285989608942373,-1.6285989608942373,1.6285989608942373,2.6523345754257894,12,2,0,Q3
R0001983,2026-01-28 12:00:00,M003,north,residential,0,82.22159091527988,85.56611341156369,True,1,3.3445224962838154,-3.3445224962838154,3.3445224962838154,11.185830728148524,12,2,0,Q3
R0001984,2026-01-28 12:00:00,M004,south,commercial,0,61.45430816434294,55.26268171846844,True,1,-6.191626445874498,6.191626445874498,6.191626445874498,38.336238045252465,12,2,0,Q2
R0001985,2026-01-28 12:00:00,M005,east,industrial,0,105.2941499076524,101.23355840630282,True,1,-4.0605915013495775,4.0605915013495775,4.0605915013495775,16.488403340832416,12,2,0,Q5
R0001986,2026-01-28 12:00:00,M006,north,residential,0,85.20214211239906,85.28682398427863,True,1,0.08468187187956744,-0.08468187187956744,0.08468187187956744,0.007171019425027475,12,2,0,Q3
R0001987,2026-01-28 12:00:00,M007,south,commercial,0,95.63950598822056,78.56106852861514,True,1,-17.078437459605425,17.078437459605425,17.078437459605425,291.6730260616538,12,2,0,Q4
R0001988,2026-01-28 12:00:00,M008,east,industrial,0,44.256995785997546,54.29508601414704,True,1,10.038090228149493,-10.038090228149493,10.038090228149493,100.76325542847033,12,2,0,Q1
R0001989,2026-01-28 12:00:00,M009,north,residential,0,69.95886424752744,70.40692568234645,True,1,0.4480614348190102,-0.4480614348190102,0.4480614348190102,0.2007590493720701,12,2,0,Q2
R0001990,2026-01-28 12:00:00,M010,south,commercial,0,68.18336505904382,69.11655604034074,True,1,0.9331909812969172,-0.9331909812969172,0.9331909812969172,0.8708454075739034,12,2,0,Q2
R0001991,2026-01-28 12:00:00,M011,east,industrial,0,95.43887226430935,94.72497609384408,True,1,-0.7138961704652758,0.7138961704652758,0.7138961704652758,0.5096477422049861,12,2,0,Q4
R0001992,2026-01-28 12:00:00,M012,north,residential,0,81.63081412226039,84.47500699535507,True,1,2.844192873094684,-2.844192873094684,2.844192873094684,8.089433099362594,12,2,0,Q3
R0001993,2026-01-28 12:00:00,M013,south,commercial,0,96.38724430007306,73.15686238880211,True,1,-23.230381911270953,23.230381911270953,23.230381911270953,539.6506437435047,12,2,0,Q5
R0001994,2026-01-28 12:00:00,M014,east,industrial,0,68.12526615920788,66.30955196078503,True,1,-1.815714198422853,1.815714198422853,1.815714198422853,3.296818050354344,12,2,0,Q2
R0001995,2026-01-28 12:00:00,M015,north,residential,0,56.78762018194459,57.47270636952699,True,1,0.6850861875823995,-0.6850861875823995,0.6850861875823995,0.46934308441618666,12,2,0,Q2
R0001996,2026-01-28 12:00:00,M016,south,commercial,0,80.41695436640202,70.12058824404168,True,1,-10.29636612236034,10.29636612236034,10.29636612236034,106.01515532568969,12,2,0,Q3
R0001997,2026-01-28 12:00:00,M017,east,industrial,0,44.35980800225041,43.12259137975816,True,1,-1.237216622492248,1.237216622492248,1.237216622492248,1.5307049709711258,12,2,0,Q1
R0001998,2026-01-28 18:00:00,M000,north,residential,0,93.48335863453585,91.55651304924032,True,1,-1.9268455852955242,1.9268455852955242,1.9268455852955242,3.7127339095728513,18,2,0,Q4
R0001999,2026-01-28 18:00:00,M001,south,commercial,0,72.00713663880308,76.20541025930447,True,1,4.198273620501396,-4.198273620501396,4.198273620501396,17.625501392597904,18,2,0,Q3
R0002000,2026-01-28 18:00:00,M002,east,industrial,0,87.43002468934061,67.7615290317002,True,1,-19.668495657640406,19.668495657640406,19.668495657640406,386.84972143461954,18,2,0,Q4
R0002001,2026-01-28 18:00:00,M003,north,residential,0,94.12496110013204,88.41850638981536,True,1,-5.706454710316677,5.706454710316677,5.706454710316677,32.563625360895394,18,2,0,Q4
R0002002,2026-01-28 18:00:00,M004,south,commercial,0,59.33419409629112,53.52575873171304,True,1,-5.808435364578081,5.808435364578081,5.808435364578081,33.737921384481304,18,2,0,Q2
R0002003,2026-01-28 18:00:00,M005,east,industrial,0,105.24265397602323,100.26004884797344,True,1,-4.982605128049798,4.982605128049798,4.982605128049798,24.826353862068142,18,2,0,Q5
R0002004,2026-01-28 18:00:00,M006,north,residential,0,89.55322126303562,88.44045972703863,True,1,-1.1127615359969951,1.1127615359969951,1.1127615359969951,1.238238235994392,18,2,0,Q4
R0002005,2026-01-28 18:00:00,M007,south,commercial,0,88.99068913014199,78.50535390088011,True,1,-10.485335229261878,10.485335229261878,10.485335229261878,109.94225487000024,18,2,0,Q4
R0002006,2026-01-28 18:00:00,M008,east,industrial,0,44.65795368522037,49.24015938507414,True,1,4.582205699853773,-4.582205699853773,4.582205699853773,20.996609075772408,18,2,0,Q1
R0002007,2026-01-28 18:00:00,M009,north,residential,0,78.6325765909487,78.96156476026944,True,1,0.3289881693207377,-0.3289881693207377,0.3289881693207377,0.10823321555301038,18,2,0,Q3
R0002008,2026-01-28 18:00:00,M010,south,commercial,0,68.21518527933125,68.12538818434199,True,1,-0.08979709498926525,0.08979709498926525,0.08979709498926525,0.008063518268511125,18,2,0,Q2
R0002009,2026-01-28 18:00:00,M011,east,industrial,0,98.69597652494424,94.9075323927791,True,1,-3.7884441321651394,3.7884441321651394,3.7884441321651394,14.352308942536476,18,2,0,Q5
R0002010,2026-01-28 18:00:00,M012,north,residential,0,89.24418204670555,82.86914217151137,True,1,-6.375039875194176,6.375039875194176,6.375039875194176,40.641133410315774,18,2,0,Q4
R0002011,2026-01-28 18:00:00,M013,south,commercial,0,99.7403951539823,73.04015062495642,True,1,-26.70024452902588,26.70024452902588,26.70024452902588,712.9030579097765,18,2,0,Q5
R0002012,2026-01-28 18:00:00,M014,east,industrial,0,65.75846508025238,68.95567046026592,True,1,3.1972053800135427,-3.1972053800135427,3.1972053800135427,10.222122241987542,18,2,0,Q2
R0002013,2026-01-28 18:00:00,M015,north,residential,0,68.38972849081348,66.06738486519637,True,1,-2.3223436256171084,2.3223436256171084,2.3223436256171084,5.393279915444416,18,2,0,Q2
R0002014,2026-01-28 18:00:00,M016,south,commercial,0,78.3426591159175,69.58381922878993,True,1,-8.758839887127564,8.758839887127564,8.758839887127564,76.71727616833681,18,2,0,Q3
R0002015,2026-01-28 18:00:00,M017,east,industrial,0,42.40742241857243,40.97567706452112,True,1,-1.4317453540513085,1.4317453540513085,1.4317453540513085,2.0498947588475067,18,2,0,Q1
R0002016,2026-01-29 00:00:00,M000,north,residential,0,105.9576271734022,91.30329838789984,True,1,-14.654328785502358,14.654328785502358,14.654328785502358,214.749352153603,0,3,0,Q5
R0002017,2026-01-29 00:00:00,M001,south,commercial,0,59.82098673844269,58.71006814538898,True,1,-1.1109185930537109,1.1109185930537109,1.1109185930537109,1.2341401203924365,0,3,0,Q2
R0002018,2026-01-29 00:00:00,M002,east,industrial,0,102.3267317401428,76.92548997418986,True,1,-25.401241765952946,25.401241765952946,25.401241765952946,645.2230832523924,0,3,0,Q5
R0002019,2026-01-29 00:00:00,M003,north,residential,0,97.7755095588042,84.13818829606043,True,1,-13.637321262743768,13.637321262743768,13.637321262743768,185.97653122328327,0,3,0,Q5
R0002020,2026-01-29 00:00:00,M004,south,commercial,0,50.01650503541087,42.02173054269291,True,1,-7.994774492717966,7.994774492717966,7.994774492717966,63.9164191894138,0,3,0,Q1
R0002021,2026-01-29 00:00:00,M005,east,industrial,0,110.76062250047931,99.19498383352898,True,1,-11.565638666950335,11.565638666950335,11.565638666950335,133.76399777445673,0,3,0,Q5
R0002022,2026-01-29 00:00:00,M006,north,residential,0,97.85080831727286,88.14131800295993,True,1,-9.70949031431293,9.70949031431293,9.70949031431293,94.2742021637366,0,3,0,Q5
R0002023,2026-01-29 00:00:00,M007,south,commercial,0,77.6436400898333,75.24114026324395,True,1,-2.4024998265893487,2.4024998265893487,2.4024998265893487,5.772005416761851,0,3,0,Q3
R0002024,2026-01-29 00:00:00,M008,east,industrial,0,52.81507554876001,47.75889073002982,True,1,-5.056184818730188,5.056184818730188,5.056184818730188,25.56500492115762,0,3,0,Q1
R0002025,2026-01-29 00:00:00,M009,north,residential,0,73.72041749220422,70.05956390431139,True,1,-3.6608535878928308,3.6608535878928308,3.6608535878928308,13.401848991987812,0,3,0,Q3
R0002026,2026-01-29 00:00:00,M010,south,commercial,0,57.560200144907895,55.73311665441837,True,1,-1.8270834904895281,1.8270834904895281,1.8270834904895281,3.338234081219398,0,3,0,Q2
R0002027,2026-01-29 00:00:00,M011,east,industrial,0,102.69942949096708,94.37296444707226,True,1,-8.326465043894814,8.326465043894814,8.326465043894814,69.33002012720226,0,3,0,Q5
R0002028,2026-01-29 00:00:00,M012,north,residential,0,98.1410955078782,85.60404837411423,True,1,-12.537047133763977,12.537047133763977,12.537047133763977,157.17755083421955,0,3,0,Q5
R0002029,2026-01-29 00:00:00,M013,south,commercial,0,90.41717777370458,77.46027931567136,True,1,-12.956898458033223,12.956898458033223,12.956898458033223,167.88121765178371,0,3,0,Q4
R0002030,2026-01-29 00:00:00,M014,east,industrial,0,67.8670098324471,68.83989219156291,True,1,0.9728823591158147,-0.9728823591158147,0.9728823591158147,0.946500084678753,0,3,0,Q2
R0002031,2026-01-29 00:00:00,M015,north,residential,0,63.388436328740895,66.1645952785435,True,1,2.776158949802607,-2.776158949802607,2.776158949802607,7.7070585145691135,0,3,0,Q2
R0002032,2026-01-29 00:00:00,M016,south,commercial,0,63.23001502243744,57.180526943160125,True,1,-6.049488079277317,6.049488079277317,6.049488079277317,36.59630602131837,0,3,0,Q2
R0002033,2026-01-29 00:00:00,M017,east,industrial,0,43.62636970797247,45.32478137550841,True,1,1.698411667535936,-1.698411667535936,1.698411667535936,2.8846021924221987,0,3,0,Q1
R0002034,2026-01-29 06:00:00,M000,north,residential,0,98.97280029199138,87.56226595560618,True,1,-11.410534336385197,11.410534336385197,11.410534336385197,130.20029384182558,6,3,0,Q5
R0002035,2026-01-29 06:00:00,M001,south,commercial,0,63.56913677685901,71.94702208957696,True,1,8.37788531271795,-8.37788531271795,8.37788531271795,70.18896231305514,6,3,0,Q2
R0002036,2026-01-29 06:00:00,M002,east,industrial,0,93.56878045905542,81.84142790041659,True,1,-11.727352558638827,11.727352558638827,11.727352558638827,137.53079803461264,6,3,0,Q4
R0002037,2026-01-29 06:00:00,M003,north,residential,0,99.62874305364788,89.33942394058268,True,1,-10.289319113065204,10.289319113065204,10.289319113065204,105.87008781048893,6,3,0,Q5
R0002038,2026-01-29 06:00:00,M004,south,commercial,0,46.861843779937175,39.897530064689406,True,1,-6.964313715247769,6.964313715247769,6.964313715247769,48.50166552438819,6,3,0,Q1
R0002039,2026-01-29 06:00:00,M005,east,industrial,0,112.11774337778408,99.93574498213262,True,1,-12.181998395651462,12.181998395651462,12.181998395651462,148.4010849116548,6,3,0,Q5
R0002040,2026-01-29 06:00:00,M006,north,residential,0,100.20196705217892,88.02335772922541,True,1,-12.178609322953506,12.178609322953506,12.178609322953506,148.31852504113004,6,3,0,Q5
R0002041,2026-01-29 06:00:00,M007,south,commercial,0,80.91951275956113,58.69956012714025,True,1,-22.219952632420878,22.219952632420878,22.219952632420878,493.7262949870275,6,3,0,Q3
R0002042,2026-01-29 06:00:00,M008,east,industrial,0,58.55795602000286,49.18113471538349,True,1,-9.37682130461937,9.37682130461937,9.37682130461937,87.9247777787637,6,3,0,Q2
R0002043,2026-01-29 06:00:00,M009,north,residential,0,72.86200336564946,74.21466822943187,True,1,1.3526648637824081,-1.3526648637824081,1.3526648637824081,1.8297022337114808,6,3,0,Q3
R0002044,2026-01-29 06:00:00,M010,south,commercial,0,56.63000382095744,56.1621803265964,True,1,-0.467823494361042,0.467823494361042,0.467823494361042,0.2188588218761759,6,3,0,Q2
R0002045,2026-01-29 06:00:00,M011,east,industrial,0,100.73935123507545,89.9228208796595,True,1,-10.81653035541595,10.81653035541595,10.81653035541595,116.99732892963468,6,3,0,Q5
R0002046,2026-01-29 06:00:00,M012,north,residential,1,77.56312420749843,78.60563275094037,True,1,1.04250854344194,-1.04250854344194,1.04250854344194,1.0868240631494355,6,3,0,Q3
R0002047,2026-01-29 06:00:00,M013,south,commercial,0,88.23878421429607,73.8497404304011,True,1,-14.389043783894977,14.389043783894977,14.389043783894977,207.04458101484667,6,3,0,Q4
R0002048,2026-01-29 06:00:00,M014,east,industrial,0,78.50863021078251,74.22656501308234,True,1,-4.282065197700177,4.282065197700177,4.282065197700177,18.33608235735506,6,3,0,Q3
R0002049,2026-01-29 06:00:00,M015,north,residential,0,65.24189420073357,63.61147869191505,True,1,-1.6304155088185155,1.6304155088185155,1.6304155088185155,2.658254731395939,6,3,0,Q2
R0002050,2026-01-29 06:00:00,M016,south,commercial,0,68.74325660754556,59.217520994910615,True,1,-9.525735612634946,9.525735612634946,9.525735612634946,90.73963896182168,6,3,0,Q2
R0002051,2026-01-29 06:00:00,M017,east,industrial,0,53.14171654303108,42.57245324204391,True,1,-10.569263300987167,10.569263300987167,10.569263300987167,111.70932672559415,6,3,0,Q1
R0002052,2026-01-29 12:00:00,M000,north,residential,0,94.46405450262374,86.85468927762513,True,1,-7.609365224998612,7.609365224998612,7.609365224998612,57.90243912741818,12,3,0,Q4
R0002053,2026-01-29 12:00:00,M001,south,commercial,0,78.43240115229018,75.24316350964169,True,1,-3.189237642648493,3.189237642648493,3.189237642648493,10.171236741286117,12,3,0,Q3
R0002054,2026-01-29 12:00:00,M002,east,industrial,0,98.80678665524506,82.89299232645672,True,1,-15.913794328788342,15.913794328788342,15.913794328788342,253.24884993897598,12,3,0,Q5
R0002055,2026-01-29 12:00:00,M003,north,residential,0,84.24420644775617,84.88976071442752,True,1,0.6455542666713541,-0.6455542666713541,0.6455542666713541,0.4167403112175897,12,3,0,Q3
R0002056,2026-01-29 12:00:00,M004,south,commercial,0,57.67718957468558,53.71247607885073,True,1,-3.96471349583485,3.96471349583485,3.96471349583485,15.718953104054998,12,3,0,Q2
R0002057,2026-01-29 12:00:00,M005,east,industrial,0,103.24006891902184,99.97292971230722,True,1,-3.267139206714617,3.267139206714617,3.267139206714617,10.674198596051818,12,3,0,Q5
R0002058,2026-01-29 12:00:00,M006,north,residential,0,84.0618810316398,85.35920290054693,True,1,1.297321868907133,-1.297321868907133,1.297321868907133,1.6830440315446966,12,3,0,Q3
R0002059,2026-01-29 12:00:00,M007,south,commercial,0,94.71623334718169,69.88467998692839,True,1,-24.831553360253295,24.831553360253295,24.831553360253295,616.6060422831067,12,3,0,Q4
R0002060,2026-01-29 12:00:00,M008,east,industrial,0,50.894766203374914,48.20065576746654,True,1,-2.694110435908371,2.694110435908371,2.694110435908371,7.258231040870393,12,3,0,Q1
R0002061,2026-01-29 12:00:00,M009,north,residential,0,64.89266195171473,71.3645458524123,True,1,6.471883900697577,-6.471883900697577,6.471883900697577,41.88528122410848,12,3,0,Q2
R0002062,2026-01-29 12:00:00,M010,south,commercial,0,67.34947986057115,65.99240983614152,True,1,-1.3570700244296319,1.3570700244296319,1.3570700244296319,1.8416390512054417,12,3,0,Q2
R0002063,2026-01-29 12:00:00,M011,east,industrial,0,99.19040831800878,93.88972454036092,True,1,-5.300683777647862,5.300683777647862,5.300683777647862,28.09724851061921,12,3,0,Q5
R0002064,2026-01-29 12:00:00,M012,north,residential,0,79.75216709320398,80.33201883144737,True,1,0.5798517382433914,-0.5798517382433914,0.5798517382433914,0.33622803834388254,12,3,0,Q3
R0002065,2026-01-29 12:00:00,M013,south,commercial,0,96.5726754420637,86.39935396033158,True,1,-10.173321481732117,10.173321481732117,10.173321481732117,103.49646997067215,12,3,0,Q5
R0002066,2026-01-29 12:00:00,M014,east,industrial,0,67.28560940388898,67.61576145571276,True,1,0.3301520518237737,-0.3301520518237737,0.3301520518237737,0.10900037732344776,12,3,0,Q2
R0002067,2026-01-29 12:00:00,M015,north,residential,0,54.20011639470392,56.4880773024905,True,1,2.2879609077865837,-2.2879609077865837,2.2879609077865837,5.234765115559608,12,3,0,Q1
R0002068,2026-01-29 12:00:00,M016,south,commercial,0,80.28499004227689,67.9720823854356,True,1,-12.31290765684129,12.31290765684129,12.31290765684129,151.60769496590086,12,3,0,Q3
R0002069,2026-01-29 12:00:00,M017,east,industrial,0,42.38478772762123,41.88658158836908,True,1,-0.4982061392521473,0.4982061392521473,0.4982061392521473,0.24820935718853,12,3,0,Q1
R0002070,2026-01-29 18:00:00,M000,north,residential,0,100.52446474209046,90.44316425347546,True,1,-10.081300488615,10.081300488615,10.081300488615,101.63261954174904,18,3,0,Q5
R0002071,2026-01-29 18:00:00,M001,south,commercial,0,73.79450791401484,77.44668234042965,True,1,3.6521744264148026,-3.6521744264148026,3.6521744264148026,13.338378040958293,18,3,0,Q3
R0002072,2026-01-29 18:00:00,M002,east,industrial,0,88.19793748447583,86.38123481856192,True,1,-1.8167026659139083,1.8167026659139083,1.8167026659139083,3.300408576338701,18,3,0,Q4
R0002073,2026-01-29 18:00:00,M003,north,residential,1,81.17250577756239,87.91894407981292,True,1,6.7464383022505245,-6.7464383022505245,6.7464383022505245,45.514429766072936,18,3,0,Q3
R0002074,2026-01-29 18:00:00,M004,south,commercial,0,55.140367812976095,57.20336682419288,True,1,2.0629990112167818,-2.0629990112167818,2.0629990112167818,4.25596492028142,18,3,0,Q1
R0002075,2026-01-29 18:00:00,M005,east,industrial,0,102.32132509019378,99.43680768295322,True,1,-2.8845174072405655,2.8845174072405655,2.8845174072405655,8.320440672673834,18,3,0,Q5
R0002076,2026-01-29 18:00:00,M006,north,residential,0,96.82367176457493,89.14436174825225,True,1,-7.679310016322674,7.679310016322674,7.679310016322674,58.97180232679375,18,3,0,Q5
R0002077,2026-01-29 18:00:00,M007,south,commercial,0,96.69366107451762,79.71576530272208,True,1,-16.977895771795545,16.977895771795545,16.977895771795545,288.24894483795305,18,3,0,Q5
R0002078,2026-01-29 18:00:00,M008,east,industrial,0,44.74000575706385,47.90590489379488,True,1,3.165899136731035,-3.165899136731035,3.165899136731035,10.022917343954312,18,3,0,Q1
R0002079,2026-01-29 18:00:00,M009,north,residential,0,70.22308745901111,74.39271888246506,True,1,4.16963142345395,-4.16963142345395,4.16963142345395,17.385826207454613,18,3,0,Q2
R0002080,2026-01-29 18:00:00,M010,south,commercial,0,70.73064978182808,68.08202476638384,True,1,-2.648625015444239,2.648625015444239,2.648625015444239,7.015214472436994,18,3,0,Q2
R0002081,2026-01-29 18:00:00,M011,east,industrial,0,101.86984099761077,94.30649705599107,True,1,-7.563343941619692,7.563343941619692,7.563343941619692,57.2041715792353,18,3,0,Q5
R0002082,2026-01-29 18:00:00,M012,north,residential,0,91.72306936436183,86.11202966302368,True,1,-5.611039701338157,5.611039701338157,5.611039701338157,31.483766529992998,18,3,0,Q4
R0002083,2026-01-29 18:00:00,M013,south,commercial,0,97.71429854999631,89.2557981113117,True,1,-8.45850043868461,8.45850043868461,8.45850043868461,71.54622967122774,18,3,0,Q5
R0002084,2026-01-29 18:00:00,M014,east,industrial,0,62.63608232054848,70.43253877293346,True,1,7.796456452384973,-7.796456452384973,7.796456452384973,60.78473321393528,18,3,0,Q2
R0002085,2026-01-29 18:00:00,M015,north,residential,0,61.43476382491652,72.96754251039782,True,1,11.532778685481297,-11.532778685481297,11.532778685481297,133.00498420829172,18,3,0,Q2
R0002086,2026-01-29 18:00:00,M016,south,commercial,0,75.58441844226871,75.37524253826516,True,1,-0.20917590400355834,0.20917590400355834,0.20917590400355834,0.043754558815705856,18,3,0,Q3
R0002087,2026-01-29 18:00:00,M017,east,industrial,0,44.35007918671885,42.509982213166296,True,1,-1.840096973552555,1.840096973552555,1.840096973552555,3.3859568720772724,18,3,0,Q1
R0002088,2026-01-30 00:00:00,M000,north,residential,0,102.35472538283088,89.85179379767479,True,1,-12.502931585156091,12.502931585156091,12.502931585156091,156.32329822309381,0,4,0,Q5
R0002089,2026-01-30 00:00:00,M001,south,commercial,0,57.52261178547433,66.24482812451937,True,1,8.72221633904504,-8.72221633904504,8.72221633904504,76.07705786510427,0,4,0,Q2
R0002090,2026-01-30 00:00:00,M002,east,industrial,0,100.73324538939258,82.0000701001784,True,1,-18.733175289214174,18.733175289214174,18.733175289214174,350.9318564164245,0,4,0,Q5
R0002091,2026-01-30 00:00:00,M003,north,residential,0,97.77555123656134,87.38328766160252,True,1,-10.392263574958818,10.392263574958818,10.392263574958818,107.99914221141583,0,4,0,Q5
R0002092,2026-01-30 00:00:00,M004,south,commercial,0,46.268267917262776,53.21672226583542,True,1,6.948454348572646,-6.948454348572646,6.948454348572646,48.28101783419812,0,4,0,Q1
R0002093,2026-01-30 00:00:00,M005,east,industrial,0,108.98277235675914,100.73902658772116,True,1,-8.243745769037986,8.243745769037986,8.243745769037986,67.9593443045317,0,4,0,Q5
R0002094,2026-01-30 00:00:00,M006,north,residential,0,101.04120033776148,89.02540930704777,True,1,-12.015791030713714,12.015791030713714,12.015791030713714,144.37923409378016,0,4,0,Q5
R0002095,2026-01-30 00:00:00,M007,south,commercial,0,80.82598670439594,69.4275672529218,True,1,-11.39841945147414,11.39841945147414,11.39841945147414,129.92396599174404,0,4,0,Q3
R0002096,2026-01-30 00:00:00,M008,east,industrial,0,49.13938100238509,49.36980417162674,True,1,0.23042316924164652,-0.23042316924164652,0.23042316924164652,0.053094836923364475,0,4,0,Q1
R0002097,2026-01-30 00:00:00,M009,north,residential,0,76.33050680543326,74.54223788461859,True,1,-1.788268920814673,1.788268920814673,1.788268920814673,3.197905733151675,0,4,0,Q3
R0002098,2026-01-30 00:00:00,M010,south,commercial,0,59.19218662079418,57.59310245632824,True,1,-1.5990841644659426,1.5990841644659426,1.5990841644659426,2.557070165045742,0,4,0,Q2
R0002099,2026-01-30 00:00:00,M011,east,industrial,0,109.81721764511992,94.3022329766251,True,1,-15.514984668494819,15.514984668494819,15.514984668494819,240.71474926362927,0,4,0,Q5
R0002100,2026-01-30 00:00:00,M012,north,residential,0,94.23242346878718,85.7958799448593,True,1,-8.436543523927881,8.436543523927881,8.436543523927881,71.17526663112947,0,4,0,Q4
R0002101,2026-01-30 00:00:00,M013,south,commercial,0,87.71015604481418,78.20244528309118,True,1,-9.507710761723004,9.507710761723004,9.507710761723004,90.39656392858343,0,4,0,Q4
R0002102,2026-01-30 00:00:00,M014,east,industrial,0,71.08508191271355,69.30298063360081,True,1,-1.7821012791127373,1.7821012791127373,1.7821012791127373,3.1758849690152546,0,4,0,Q2
R0002103,2026-01-30 00:00:00,M015,north,residential,0,68.7547871836548,73.2631472394348,True,1,4.5083600557800025,-4.5083600557800025,4.5083600557800025,20.325310392552666,0,4,0,Q2
R0002104,2026-01-30 00:00:00,M016,south,commercial,0,64.01914642429095,59.97511252662987,True,1,-4.04403389766108,4.04403389766108,4.04403389766108,16.35421016543187,0,4,0,Q2
R0002105,2026-01-30 00:00:00,M017,east,industrial,0,47.94846106972205,42.54687664207199,True,1,-5.401584427650057,5.401584427650057,5.401584427650057,29.177114329031596,0,4,0,Q1
R0002106,2026-01-30 06:00:00,M000,north,residential,0,98.8176242245097,89.08258656320048,True,1,-9.73503766130922,9.73503766130922,9.73503766130922,94.77095826710891,6,4,0,Q5
R0002107,2026-01-30 06:00:00,M001,south,commercial,0,61.81451589092673,68.37701640929043,True,1,6.562500518363706,-6.562500518363706,6.562500518363706,43.06641305352391,6,4,0,Q2
R0002108,2026-01-30 06:00:00,M002,east,industrial,0,95.21333347452786,88.24821988391001,True,1,-6.965113590617847,6.965113590617847,6.965113590617847,48.512807330209434,6,4,0,Q4
R0002109,2026-01-30 06:00:00,M003,north,residential,0,93.9612724732394,88.75984093875324,True,1,-5.2014315344861615,5.2014315344861615,5.2014315344861615,27.054890007947066,6,4,0,Q4
R0002110,2026-01-30 06:00:00,M004,south,commercial,0,50.95493031122606,50.04790301709282,True,1,-0.9070272941332362,0.9070272941332362,0.9070272941332362,0.8226985123026602,6,4,0,Q1
R0002111,2026-01-30 06:00:00,M005,east,industrial,0,105.61083952062272,101.12744643385236,True,1,-4.483393086770363,4.483393086770363,4.483393086770363,20.100813570500282,6,4,0,Q5
R0002112,2026-01-30 06:00:00,M006,north,residential,0,94.6419693509076,88.43461108200223,True,1,-6.207358268905367,6.207358268905367,6.207358268905367,38.53129667854783,6,4,0,Q4
R0002113,2026-01-30 06:00:00,M007,south,commercial,1,65.18210422791724,77.99685973364764,True,1,12.814755505730403,-12.814755505730403,12.814755505730403,164.2179586716477,6,4,0,Q2
R0002114,2026-01-30 06:00:00,M008,east,industrial,0,56.04321295379277,48.74955666798084,True,1,-7.293656285811927,7.293656285811927,7.293656285811927,53.19742201556384,6,4,0,Q1
R0002115,2026-01-30 06:00:00,M009,north,residential,0,78.99820914795983,77.0702052800897,True,1,-1.9280038678701317,1.9280038678701317,1.9280038678701317,3.717198914522188,6,4,0,Q3
R0002116,2026-01-30 06:00:00,M010,south,commercial,0,57.39930185240748,66.49617612157067,True,1,9.096874269163187,-9.096874269163187,9.096874269163187,82.75312146896327,6,4,0,Q2
R0002117,2026-01-30 06:00:00,M011,east,industrial,0,105.98936666153232,94.41135774960236,True,1,-11.578008911929956,11.578008911929956,11.578008911929956,134.05029036472948,6,4,0,Q5
R0002118,2026-01-30 06:00:00,M012,north,residential,0,99.2304980879684,82.24188868954421,True,1,-16.988609398424188,16.988609398424188,16.988609398424188,288.61284929222666,6,4,0,Q5
R0002119,2026-01-30 06:00:00,M013,south,commercial,0,91.10313979721262,75.13218027085021,True,1,-15.970959526362407,15.970959526362407,15.970959526362407,255.0715481927061,6,4,0,Q4
R0002120,2026-01-30 06:00:00,M014,east,industrial,0,75.28283087897854,70.25441920242992,True,1,-5.028411676548629,5.028411676548629,5.028411676548629,25.284923988850593,6,4,0,Q3
R0002121,2026-01-30 06:00:00,M015,north,residential,0,68.62811125187073,67.64960314277475,True,1,-0.9785081090959835,0.9785081090959835,0.9785081090959835,0.9574781195665971,6,4,0,Q2
R0002122,2026-01-30 06:00:00,M016,south,commercial,0,55.00587062258617,60.31383403289168,True,1,5.307963410305504,-5.307963410305504,5.307963410305504,28.17447556514204,6,4,0,Q1
R0002123,2026-01-30 06:00:00,M017,east,industrial,0,46.89673856164635,41.75589110223017,True,1,-5.140847459416179,5.140847459416179,5.140847459416179,26.42831260098578,6,4,0,Q1
R0002124,2026-01-30 12:00:00,M000,north,residential,0,84.60027964628338,85.75600177814576,True,1,1.155722131862376,-1.155722131862376,1.155722131862376,1.3356936460765154,12,4,0,Q3
R0002125,2026-01-30 12:00:00,M001,south,commercial,0,70.66672364119093,76.67649947713481,True,1,6.009775835943884,-6.009775835943884,6.009775835943884,36.117405598295015,12,4,0,Q2
R0002126,2026-01-30 12:00:00,M002,east,industrial,0,93.79246678589948,82.43641284828006,True,1,-11.356053937619421,11.356053937619421,11.356053937619421,128.95996103412156,12,4,0,Q4
R0002127,2026-01-30 12:00:00,M003,north,residential,0,82.65553209397437,84.44479726292381,True,1,1.7892651689494414,-1.7892651689494414,1.7892651689494414,3.2014698448156733,12,4,0,Q3
R0002128,2026-01-30 12:00:00,M004,south,commercial,0,65.94500498782146,70.46899423681079,True,1,4.523989248989324,-4.523989248989324,4.523989248989324,20.466478724970983,12,4,0,Q2
R0002129,2026-01-30 12:00:00,M005,east,industrial,0,100.94966734583434,101.29709337990344,True,1,0.3474260340691018,-0.3474260340691018,0.3474260340691018,0.12070484914898466,12,4,0,Q5
R0002130,2026-01-30 12:00:00,M006,north,residential,0,84.53141828588468,82.35073836997928,True,1,-2.180679915905401,2.180679915905401,2.180679915905401,4.755364895633186,12,4,0,Q3
R0002131,2026-01-30 12:00:00,M007,south,commercial,0,96.82689897963176,84.84324152063336,True,1,-11.983657458998408,11.983657458998408,11.983657458998408,143.6080460946082,12,4,0,Q5
R0002132,2026-01-30 12:00:00,M008,east,industrial,0,48.75096703523315,48.99628182926009,True,1,0.2453147940269389,-0.2453147940269389,0.2453147940269389,0.06017934816847945,12,4,0,Q1
R0002133,2026-01-30 12:00:00,M009,north,residential,0,67.35727991858734,72.3585687768477,True,1,5.0012888582603665,-5.0012888582603665,5.0012888582603665,25.01289024375928,12,4,0,Q2
R0002134,2026-01-30 12:00:00,M010,south,commercial,0,70.28546114904451,67.44806717467321,True,1,-2.8373939743712953,2.8373939743712953,2.8373939743712953,8.050804565798535,12,4,0,Q2
R0002135,2026-01-30 12:00:00,M011,east,industrial,0,97.8874584862956,94.2016522387696,True,1,-3.6858062475260027,3.6858062475260027,3.6858062475260027,13.585167694301713,12,4,0,Q5
R0002136,2026-01-30 12:00:00,M012,north,residential,0,80.88460629582747,84.07501721271294,True,1,3.190410916885469,-3.190410916885469,3.190410916885469,10.178721818581979,12,4,0,Q3
R0002137,2026-01-30 12:00:00,M013,south,commercial,0,101.61730394178925,89.43985615650277,True,1,-12.177447785286475,12.177447785286475,12.177447785286475,148.29023456337848,12,4,0,Q5
R0002138,2026-01-30 12:00:00,M014,east,industrial,0,70.83657787027191,67.64927756368905,True,1,-3.1873003065828556,3.1873003065828556,3.1873003065828556,10.158883244343166,12,4,0,Q2
R0002139,2026-01-30 12:00:00,M015,north,residential,0,60.16216358834501,72.4560356102328,True,1,12.293872021887793,-12.293872021887793,12.293872021887793,151.13928929055547,12,4,0,Q2
R0002140,2026-01-30 12:00:00,M016,south,commercial,0,76.29009075115061,66.33158154200494,True,1,-9.958509209145674,9.958509209145674,9.958509209145674,99.17190566863921,12,4,0,Q3
R0002141,2026-01-30 12:00:00,M017,east,industrial,0,43.00064598137063,40.85981059365095,True,1,-2.140835387719683,2.140835387719683,2.140835387719683,4.583176157312885,12,4,0,Q1
R0002142,2026-01-30 18:00:00,M000,north,residential,0,96.58888590690388,89.85888262668738,True,1,-6.730003280216508,6.730003280216508,6.730003280216508,45.29294415172495,18,4,0,Q5
R0002143,2026-01-30 18:00:00,M001,south,commercial,0,78.00889907750116,74.12317157369343,True,1,-3.885727503807729,3.885727503807729,3.885727503807729,15.098878233847845,18,4,0,Q3
R0002144,2026-01-30 18:00:00,M002,east,industrial,0,93.5461831853221,80.07670318079242,True,1,-13.469480004529686,13.469480004529686,13.469480004529686,181.42689159242502,18,4,0,Q4
R0002145,2026-01-30 18:00:00,M003,north,residential,0,87.97529794201782,87.96674411035093,True,1,-0.00855383166688739,0.00855383166688739,0.00855383166688739,7.316803618544551e-05,18,4,0,Q4
R0002146,2026-01-30 18:00:00,M004,south,commercial,0,55.22918545112009,75.61393964118969,True,1,20.3847541900696,-20.3847541900696,20.3847541900696,415.5382033895601,18,4,0,Q1
R0002147,2026-01-30 18:00:00,M005,east,industrial,0,101.19289005101882,101.86803194434748,True,1,0.6751418933286573,-0.6751418933286573,0.6751418933286573,0.455816576127404,18,4,0,Q5
R0002148,2026-01-30 18:00:00,M006,north,residential,0,95.67652411439984,87.71413397821144,True,1,-7.962390136188404,7.962390136188404,7.962390136188404,63.399656680870386,18,4,0,Q4
R0002149,2026-01-30 18:00:00,M007,south,commercial,0,94.9830200865091,85.86600194911071,True,1,-9.11701813739839,9.11701813739839,9.11701813739839,83.1200197176512,18,4,0,Q4
R0002150,2026-01-30 18:00:00,M008,east,industrial,0,49.26151909330647,49.90289518387261,True,1,0.6413760905661405,-0.6413760905661405,0.6413760905661405,0.4113632895499061,18,4,0,Q1
R0002151,2026-01-30 18:00:00,M009,north,residential,0,74.4180323376482,76.33032766689239,True,1,1.9122953292441878,-1.9122953292441878,1.9122953292441878,3.6568734262491365,18,4,0,Q3
R0002152,2026-01-30 18:00:00,M010,south,commercial,0,76.26358236751312,76.35292192393902,True,1,0.08933955642589808,-0.08933955642589808,0.08933955642589808,0.007981556342376227,18,4,0,Q3
R0002153,2026-01-30 18:00:00,M011,east,industrial,0,99.89989512764944,94.33742422358648,True,1,-5.5624709040629625,5.5624709040629625,5.5624709040629625,30.94108255854703,18,4,0,Q5
R0002154,2026-01-30 18:00:00,M012,north,residential,0,91.49994312346423,86.0582448720008,True,1,-5.4416982514634356,5.4416982514634356,5.4416982514634356,29.612079859980213,18,4,0,Q4
R0002155,2026-01-30 18:00:00,M013,south,commercial,0,105.40880096922938,88.52942510429351,True,1,-16.879375864935867,16.879375864935867,16.879375864935867,284.91332958977944,18,4,0,Q5
R0002156,2026-01-30 18:00:00,M014,east,industrial,0,62.14683720393076,66.82499078868854,True,1,4.67815358475778,-4.67815358475778,4.67815358475778,21.885120962582068,18,4,0,Q2
R0002157,2026-01-30 18:00:00,M015,north,residential,0,63.68047077773804,79.8153776165115,True,1,16.13490683877346,-16.13490683877346,16.13490683877346,260.33521869589856,18,4,0,Q2
R0002158,2026-01-30 18:00:00,M016,south,commercial,0,77.42128079783998,67.06040177432615,True,1,-10.360879023513831,10.360879023513831,10.360879023513831,107.34781413988892,18,4,0,Q3
R0002159,2026-01-30 18:00:00,M017,east,industrial,0,42.66598368267741,40.66984897966388,True,1,-1.9961347030135244,1.9961347030135244,1.9961347030135244,3.9845537525748913,18,4,0,Q1
R0002160,2026-01-31 00:00:00,M000,north,residential,0,101.8780333335701,90.43567826103808,True,2,-11.442355072532024,11.442355072532024,11.442355072532024,130.92748960589935,0,5,1,Q5
R0002161,2026-01-31 00:00:00,M001,south,commercial,0,53.57708748868844,55.681188879174265,True,2,2.1041013904858232,-2.1041013904858232,2.1041013904858232,4.4272426614443745,0,5,1,Q1
R0002162,2026-01-31 00:00:00,M002,east,industrial,0,102.00480389814491,82.30644677233337,True,2,-19.69835712581154,19.69835712581154,19.69835712581154,388.02527345601027,0,5,1,Q5
R0002163,2026-01-31 00:00:00,M003,north,residential,0,99.75112865547644,91.53573224357125,True,2,-8.21539641190519,8.21539641190519,8.21539641190519,67.49273820474465,0,5,1,Q5
R0002164,2026-01-31 00:00:00,M004,south,commercial,0,46.15610817823375,67.96078105443922,True,2,21.804672876205473,-21.804672876205473,21.804672876205473,475.44375923833064,0,5,1,Q1
R0002165,2026-01-31 00:00:00,M005,east,industrial,0,117.38894186316546,110.20291684140685,True,2,-7.18602502175861,7.18602502175861,7.18602502175861,51.63895561334083,0,5,1,Q5
R0002166,2026-01-31 00:00:00,M006,north,residential,0,102.46937894911233,93.65335479487725,True,2,-8.81602415423508,8.81602415423508,8.81602415423508,77.72228188805636,0,5,1,Q5
R0002167,2026-01-31 00:00:00,M007,south,commercial,0,75.98727214695013,73.09477064164321,True,2,-2.8925015053069245,2.8925015053069245,2.8925015053069245,8.366564958202824,0,5,1,Q3
R0002168,2026-01-31 00:00:00,M008,east,industrial,0,56.15722741853137,52.1221329729438,True,2,-4.035094445587568,4.035094445587568,4.035094445587568,16.28198718481164,0,5,1,Q1
R0002169,2026-01-31 00:00:00,M009,north,residential,0,79.61184327306538,78.36610858273224,True,2,-1.245734690333137,1.245734690333137,1.245734690333137,1.5518549186993966,0,5,1,Q3
R0002170,2026-01-31 00:00:00,M010,south,commercial,0,53.01491307321661,53.7400895065788,True,2,0.7251764333621864,-0.7251764333621864,0.7251764333621864,0.5258808595039016,0,5,1,Q1
R0002171,2026-01-31 00:00:00,M011,east,industrial,0,106.97053886534287,103.72705226571568,True,2,-3.2434865996271895,3.2434865996271895,3.2434865996271895,10.520205321961148,0,5,1,Q5
R0002172,2026-01-31 00:00:00,M012,north,residential,0,100.23359779468268,90.88091138457771,True,2,-9.352686410104965,9.352686410104965,9.352686410104965,87.4727430857621,0,5,1,Q5
R0002173,2026-01-31 00:00:00,M013,south,commercial,0,85.59761634415833,86.08734424695669,True,2,0.4897279027983643,-0.4897279027983643,0.4897279027983643,0.23983341877928416,0,5,1,Q3
R0002174,2026-01-31 00:00:00,M014,east,industrial,0,75.33480098726237,71.67812379973095,True,2,-3.6566771875314146,3.6566771875314146,3.6566771875314146,13.371288053812656,0,5,1,Q3
R0002175,2026-01-31 00:00:00,M015,north,residential,0,73.51992262163871,64.55645585748681,True,2,-8.963466764151903,8.963466764151903,8.963466764151903,80.34373643205579,0,5,1,Q3
R0002176,2026-01-31 00:00:00,M016,south,commercial,0,63.82651111367621,52.466715133009615,True,2,-11.359795980666597,11.359795980666597,11.359795980666597,129.04496472236897,0,5,1,Q2
R0002177,2026-01-31 00:00:00,M017,east,industrial,0,51.16867360287588,47.93687497027765,True,2,-3.2317986325982275,3.2317986325982275,3.2317986325982275,10.444522401663773,0,5,1,Q1
R0002178,2026-01-31 06:00:00,M000,north,residential,0,104.60069276357548,94.16006345958456,True,2,-10.440629303990917,10.440629303990917,10.440629303990917,109.00674026335386,6,5,1,Q5
R0002179,2026-01-31 06:00:00,M001,south,commercial,0,53.212634322396,58.75421487394901,True,2,5.541580551553011,-5.541580551553011,5.541580551553011,30.709115009350572,6,5,1,Q1
R0002180,2026-01-31 06:00:00,M002,east,industrial,0,104.00967138844146,83.97674458151305,True,2,-20.032926806928415,20.032926806928415,20.032926806928415,401.3181564517511,6,5,1,Q5
R0002181,2026-01-31 06:00:00,M003,north,residential,0,100.0305400191129,92.30875166891248,True,2,-7.721788350200427,7.721788350200427,7.721788350200427,59.62601532529103,6,5,1,Q5
R0002182,2026-01-31 06:00:00,M004,south,commercial,0,44.800864887165616,58.05131032574685,True,2,13.250445438581231,-13.250445438581231,13.250445438581231,175.57430432081816,6,5,1,Q1
R0002183,2026-01-31 06:00:00,M005,east,industrial,0,109.50723216746644,110.2624962361162,True,2,0.7552640686497654,-0.7552640686497654,0.7552640686497654,0.5704238133933975,6,5,1,Q5
R0002184,2026-01-31 06:00:00,M006,north,residential,0,106.75420298792866,94.34671228960418,True,2,-12.40749069832448,12.40749069832448,12.40749069832448,153.9458254290085,6,5,1,Q5
R0002185,2026-01-31 06:00:00,M007,south,commercial,0,78.50221294547383,78.31278149715452,True,2,-0.18943144831931136,0.18943144831931136,0.18943144831931136,0.03588427361235193,6,5,1,Q3
R0002186,2026-01-31 06:00:00,M008,east,industrial,0,58.567818716208286,55.35486192594187,True,2,-3.212956790266418,3.212956790266418,3.212956790266418,10.323091336119083,6,5,1,Q2
R0002187,2026-01-31 06:00:00,M009,north,residential,0,80.49020908834878,75.65981626783694,True,2,-4.8303928205118325,4.8303928205118325,4.8303928205118325,23.332694800452256,6,5,1,Q3
R0002188,2026-01-31 06:00:00,M010,south,commercial,0,49.74819803865428,62.88690621255519,True,2,13.138708173900909,-13.138708173900909,13.138708173900909,172.62565247893056,6,5,1,Q1
R0002189,2026-01-31 06:00:00,M011,east,industrial,0,107.30519081639804,105.71126145139088,True,2,-1.5939293650071562,1.5939293650071562,1.5939293650071562,2.540610820632116,6,5,1,Q5
R0002190,2026-01-31 06:00:00,M012,north,residential,0,99.6380317437558,92.40237422972348,True,2,-7.235657514032326,7.235657514032326,7.235657514032326,52.35473966037246,6,5,1,Q5
R0002191,2026-01-31 06:00:00,M013,south,commercial,0,84.79457521819961,85.99817200571331,True,2,1.2035967875137032,-1.2035967875137032,1.2035967875137032,1.4486452269133065,6,5,1,Q3
R0002192,2026-01-31 06:00:00,M014,east,industrial,0,79.04606982968468,72.82213052890738,True,2,-6.223939300777303,6.223939300777303,6.223939300777303,38.73742041976026,6,5,1,Q3
R0002193,2026-01-31 06:00:00,M015,north,residential,0,71.76720324778545,66.11080865980354,True,2,-5.656394587981907,5.656394587981907,5.656394587981907,31.994799734951012,6,5,1,Q3
R0002194,2026-01-31 06:00:00,M016,south,commercial,0,59.38307340842089,62.37887394924295,True,2,2.99580054082206,-2.99580054082206,2.99580054082206,8.974820880389748,6,5,1,Q2
R0002195,2026-01-31 06:00:00,M017,east,industrial,0,51.75721424365949,47.3763879995016,True,2,-4.380826244157888,4.380826244157888,4.380826244157888,19.191638581502502,6,5,1,Q1
R0002196,2026-01-31 12:00:00,M000,north,residential,0,89.64728585509131,92.37776426559408,True,2,2.7304784105027693,-2.7304784105027693,2.7304784105027693,7.4555123502217295,12,5,1,Q4
R0002197,2026-01-31 12:00:00,M001,south,commercial,0,68.48561098132423,72.32235326724404,True,2,3.8367422859198115,-3.8367422859198115,3.8367422859198115,14.72059136856518,12,5,1,Q2
R0002198,2026-01-31 12:00:00,M002,east,industrial,0,99.41130454950326,81.98450172943018,True,2,-17.42680282007308,17.42680282007308,17.42680282007308,303.693456529707,12,5,1,Q5
R0002199,2026-01-31 12:00:00,M003,north,residential,0,88.18524213390792,79.33016172591647,True,2,-8.855080407991451,8.855080407991451,8.855080407991451,78.41244903199404,12,5,1,Q4
R0002200,2026-01-31 12:00:00,M004,south,commercial,0,54.6878071008315,66.77638848585639,True,2,12.088581385024888,-12.088581385024888,12.088581385024888,146.13379990237024,12,5,1,Q1
R0002201,2026-01-31 12:00:00,M005,east,industrial,0,105.58860039465152,105.233236687898,True,2,-0.355363706753522,0.355363706753522,0.355363706753522,0.12628336407760318,12,5,1,Q5
R0002202,2026-01-31 12:00:00,M006,north,residential,0,88.21529169471289,90.58126445568392,True,2,2.365972760971033,-2.365972760971033,2.365972760971033,5.597827105656893,12,5,1,Q4
R0002203,2026-01-31 12:00:00,M007,south,commercial,0,86.04059566913716,87.94750314206239,True,2,1.9069074729252264,-1.9069074729252264,1.9069074729252264,3.636296110298073,12,5,1,Q3
R0002204,2026-01-31 12:00:00,M008,east,industrial,1,43.50318689802677,50.25665474311062,True,2,6.753467845083854,-6.753467845083854,6.753467845083854,45.60932793458156,12,5,1,Q1
R0002205,2026-01-31 12:00:00,M009,north,residential,0,73.434002931931,67.98851565444212,True,2,-5.44548727748888,5.44548727748888,5.44548727748888,29.653331689293253,12,5,1,Q3
R0002206,2026-01-31 12:00:00,M010,south,commercial,0,65.57034477294765,68.96653755229981,True,2,3.3961927793521625,-3.3961927793521625,3.3961927793521625,11.534125394523766,12,5,1,Q2
R0002207,2026-01-31 12:00:00,M011,east,industrial,0,105.8555921625921,103.56174392185696,True,2,-2.2938482407351444,2.2938482407351444,2.2938482407351444,5.2617397515237165,12,5,1,Q5
R0002208,2026-01-31 12:00:00,M012,north,residential,0,89.96737538024004,88.181179409031,True,2,-1.7861959712090396,1.7861959712090396,1.7861959712090396,3.1904960475634043,12,5,1,Q4
R0002209,2026-01-31 12:00:00,M013,south,commercial,0,93.65394010076383,88.86299427412196,True,2,-4.790945826641874,4.790945826641874,4.790945826641874,22.953161913817187,12,5,1,Q4
R0002210,2026-01-31 12:00:00,M014,east,industrial,0,71.28178875008409,68.6678874843561,True,2,-2.613901265727989,2.613901265727989,2.613901265727989,6.832479826974384,12,5,1,Q2
R0002211,2026-01-31 12:00:00,M015,north,residential,0,60.016600372316766,62.95838675101911,True,2,2.9417863787023464,-2.9417863787023464,2.9417863787023464,8.654107097918665,12,5,1,Q2
R0002212,2026-01-31 12:00:00,M016,south,commercial,0,67.53079471799201,70.91133789229875,True,2,3.3805431743067373,-3.3805431743067373,3.3805431743067373,11.428072153351872,12,5,1,Q2
R0002213,2026-01-31 12:00:00,M017,east,industrial,0,46.35686830891319,44.29716646033747,True,2,-2.0597018485757204,2.0597018485757204,2.0597018485757204,4.2423717050262395,12,5,1,Q1
R0002214,2026-01-31 18:00:00,M000,north,residential,0,108.94998262563269,96.54192454877396,True,2,-12.408058076858723,12.408058076858723,12.408058076858723,153.95990523869898,18,5,1,Q5
R0002215,2026-01-31 18:00:00,M001,south,commercial,0,66.3526504257825,71.73276062032951,True,2,5.380110194547015,-5.380110194547015,5.380110194547015,28.94558570546872,18,5,1,Q2
R0002216,2026-01-31 18:00:00,M002,east,industrial,0,96.29126553498212,81.08599850025372,True,2,-15.205267034728394,15.205267034728394,15.205267034728394,231.200145597398,18,5,1,Q5
R0002217,2026-01-31 18:00:00,M003,north,residential,0,97.750331808451,92.0907659743578,True,2,-5.6595658340932005,5.6595658340932005,5.6595658340932005,32.030685430435064,18,5,1,Q5
R0002218,2026-01-31 18:00:00,M004,south,commercial,0,52.24881340605298,54.31421989566014,True,2,2.065406489607156,-2.065406489607156,2.065406489607156,4.265903967311355,18,5,1,Q1
R0002219,2026-01-31 18:00:00,M005,east,industrial,0,105.84114145689934,101.11010335295396,True,2,-4.73103810394538,4.73103810394538,4.73103810394538,22.3827215409831,18,5,1,Q5
R0002220,2026-01-31 18:00:00,M006,north,residential,0,102.8729608458096,91.4325055798638,True,2,-11.4404552659458,11.4404552659458,11.4404552659458,130.884016692107,18,5,1,Q5
R0002221,2026-01-31 18:00:00,M007,south,commercial,0,91.7011797453558,88.31646216124295,True,2,-3.384717584112849,3.384717584112849,3.384717584112849,11.45631312420272,18,5,1,Q4
R0002222,2026-01-31 18:00:00,M008,east,industrial,0,54.48980891810947,51.371344355095154,True,2,-3.1184645630143137,3.1184645630143137,3.1184645630143137,9.724821230776055,18,5,1,Q1
R0002223,2026-01-31 18:00:00,M009,north,residential,0,81.32679241677066,72.05232095515152,True,2,-9.274471461619143,9.274471461619143,9.274471461619143,86.01582089238792,18,5,1,Q3
R0002224,2026-01-31 18:00:00,M010,south,commercial,0,64.8115473251065,67.4845102234917,True,2,2.672962898385194,-2.672962898385194,2.672962898385194,7.144730656143776,18,5,1,Q2
R0002225,2026-01-31 18:00:00,M011,east,industrial,0,100.1562634465017,105.69124393880898,True,2,5.534980492307284,-5.534980492307284,5.534980492307284,30.63600905022218,18,5,1,Q5
R0002226,2026-01-31 18:00:00,M012,north,residential,0,98.53230974234856,88.11059654025534,True,2,-10.421713202093216,10.421713202093216,10.421713202093216,108.61210606668402,18,5,1,Q5
R0002227,2026-01-31 18:00:00,M013,south,commercial,0,95.55483756560884,88.478176554618,True,2,-7.076661010990833,7.076661010990833,7.076661010990833,50.07913106447779,18,5,1,Q4
R0002228,2026-01-31 18:00:00,M014,east,industrial,0,71.86355332326069,70.31870183080787,True,2,-1.5448514924528212,1.5448514924528212,1.5448514924528212,2.3865661337337087,18,5,1,Q3
R0002229,2026-01-31 18:00:00,M015,north,residential,0,65.07443899435495,67.26104170869341,True,2,2.1866027143384628,-2.1866027143384628,2.1866027143384628,4.781231430352333,18,5,1,Q2
R0002230,2026-01-31 18:00:00,M016,south,commercial,0,72.12569261838037,70.0132444979691,True,2,-2.1124481204112726,2.1124481204112726,2.1124481204112726,4.462437061429118,18,5,1,Q3
R0002231,2026-01-31 18:00:00,M017,east,industrial,0,41.3504465604088,44.395621151502766,True,2,3.045174591093968,-3.045174591093968,3.045174591093968,9.273088290244313,18,5,1,Q1
R0002232,2026-02-01 00:00:00,M000,north,residential,0,105.53277186141376,98.65939996216105,True,2,-6.873371899252717,6.873371899252717,6.873371899252717,47.24324126543691,0,6,1,Q5
R0002233,2026-02-01 00:00:00,M001,south,commercial,0,50.74647905570638,59.65369211309697,True,2,8.907213057390592,-8.907213057390592,8.907213057390592,79.33844444974946,0,6,1,Q1
R0002234,2026-02-01 00:00:00,M002,east,industrial,0,97.83394319893222,89.92993106256637,True,2,-7.90401213636585,7.90401213636585,7.90401213636585,62.47340785181865,0,6,1,Q5
R0002235,2026-02-01 00:00:00,M003,north,residential,0,98.83805941568824,93.18255083515214,True,2,-5.655508580536093,5.655508580536093,5.655508580536093,31.984777304517376,0,6,1,Q5
R0002236,2026-02-01 00:00:00,M004,south,commercial,0,35.51484286747326,46.448517863192464,True,2,10.933674995719201,-10.933674995719201,10.933674995719201,119.54524891201527,0,6,1,Q1
R0002237,2026-02-01 00:00:00,M005,east,industrial,0,109.31472216034824,108.91028511168292,True,2,-0.40443704866531505,0.40443704866531505,0.40443704866531505,0.16356932633311042,0,6,1,Q5
R0002238,2026-02-01 00:00:00,M006,north,residential,0,104.06147378734713,91.68638790342422,True,2,-12.375085883922907,12.375085883922907,12.375085883922907,153.142750634468,0,6,1,Q5
R0002239,2026-02-01 00:00:00,M007,south,commercial,0,75.13329297918412,81.16692256113885,True,2,6.033629581954727,-6.033629581954727,6.033629581954727,36.404685932239175,0,6,1,Q3
R0002240,2026-02-01 00:00:00,M008,east,industrial,0,53.20786009202455,54.08074816787145,True,2,0.8728880758468947,-0.8728880758468947,0.8728880758468947,0.7619335929556941,0,6,1,Q1
R0002241,2026-02-01 00:00:00,M009,north,residential,0,80.31942445825845,76.79020198561301,True,2,-3.5292224726454435,3.5292224726454435,3.5292224726454435,12.455411261425619,0,6,1,Q3
R0002242,2026-02-01 00:00:00,M010,south,commercial,0,46.86907957828994,51.13953263676448,True,2,4.270453058474537,-4.270453058474537,4.270453058474537,18.236769324634526,0,6,1,Q1
R0002243,2026-02-01 00:00:00,M011,east,industrial,0,110.51052547891707,104.9277102351662,True,2,-5.582815243750872,5.582815243750872,5.582815243750872,31.167826045857108,0,6,1,Q5
R0002244,2026-02-01 00:00:00,M012,north,residential,0,100.02687403573212,92.08120014720072,True,2,-7.945673888531402,7.945673888531402,7.945673888531402,63.133733542889736,0,6,1,Q5
R0002245,2026-02-01 00:00:00,M013,south,commercial,0,83.64909115789312,83.28109602033588,True,2,-0.36799513755724433,0.36799513755724433,0.36799513755724433,0.1354204212657752,0,6,1,Q3
R0002246,2026-02-01 00:00:00,M014,east,industrial,0,75.05855517581233,69.29038275500264,True,2,-5.768172420809691,5.768172420809691,5.768172420809691,33.27181307618953,0,6,1,Q3
R0002247,2026-02-01 00:00:00,M015,north,residential,0,78.32099934211374,65.697623760702,True,2,-12.623375581411736,12.623375581411736,12.623375581411736,159.3496110693821,0,6,1,Q3
R0002248,2026-02-01 00:00:00,M016,south,commercial,0,58.04493743302601,51.82564867869293,True,2,-6.219288754333078,6.219288754333078,6.219288754333078,38.67955260977389,0,6,1,Q2
R0002249,2026-02-01 00:00:00,M017,east,industrial,0,49.748716107758455,46.60306109733694,True,2,-3.145655010421514,3.145655010421514,3.145655010421514,9.895145444589975,0,6,1,Q1
R0002250,2026-02-01 06:00:00,M000,north,residential,0,106.61881147276488,98.08816814518376,True,2,-8.530643327581117,8.530643327581117,8.530643327581117,72.77187558240423,6,6,1,Q5
R0002251,2026-02-01 06:00:00,M001,south,commercial,0,51.41275873664691,51.78915442360096,True,2,0.376395686954055,-0.376395686954055,0.376395686954055,0.14167371315761498,6,6,1,Q1
R0002252,2026-02-01 06:00:00,M002,east,industrial,0,95.57504596580984,92.64652184309156,True,2,-2.9285241227182723,2.9285241227182723,2.9285241227182723,8.576253537342827,6,6,1,Q4
R0002253,2026-02-01 06:00:00,M003,north,residential,0,96.204098444408,84.38660043212234,True,2,-11.817498012285668,11.817498012285668,11.817498012285668,139.6532592703757,6,6,1,Q5
R0002254,2026-02-01 06:00:00,M004,south,commercial,0,41.50734571778817,45.06081585976767,True,2,3.5534701419795027,-3.5534701419795027,3.5534701419795027,12.627150049939827,6,6,1,Q1
R0002255,2026-02-01 06:00:00,M005,east,industrial,0,113.29518826914877,105.07803586678033,True,2,-8.217152402368441,8.217152402368441,8.217152402368441,67.52159360374945,6,6,1,Q5
R0002256,2026-02-01 06:00:00,M006,north,residential,0,100.39412440622878,92.5949565230412,True,2,-7.799167883187579,7.799167883187579,7.799167883187579,60.82701967014462,6,6,1,Q5
R0002257,2026-02-01 06:00:00,M007,south,commercial,0,75.79997151551281,77.8154068367045,True,2,2.0154353211916884,-2.0154353211916884,2.0154353211916884,4.061979533907045,6,6,1,Q3
R0002258,2026-02-01 06:00:00,M008,east,industrial,0,54.92315536482968,54.605756056843,True,2,-0.31739930798668325,0.31739930798668325,0.31739930798668325,0.10074232071042541,6,6,1,Q1
R0002259,2026-02-01 06:00:00,M009,north,residential,0,78.45571846643168,74.61294361970073,True,2,-3.842774846730947,3.842774846730947,3.842774846730947,14.766918522668053,6,6,1,Q3
R0002260,2026-02-01 06:00:00,M010,south,commercial,0,45.52810089915786,57.46909226789765,True,2,11.940991368739788,-11.940991368739788,11.940991368739788,142.5872748683181,6,6,1,Q1
R0002261,2026-02-01 06:00:00,M011,east,industrial,0,109.14478537436288,104.59056634567575,True,2,-4.554219028687129,4.554219028687129,4.554219028687129,20.740910961255935,6,6,1,Q5
R0002262,2026-02-01 06:00:00,M012,north,residential,0,99.5592954083426,92.0865838964928,True,2,-7.472711511849809,7.472711511849809,7.472711511849809,55.84141733933266,6,6,1,Q5
R0002263,2026-02-01 06:00:00,M013,south,commercial,0,84.40942102024066,83.12252061701348,True,2,-1.286900403227179,1.286900403227179,1.286900403227179,1.6561126478262758,6,6,1,Q3
R0002264,2026-02-01 06:00:00,M014,east,industrial,0,71.67231217277777,69.546137802233,True,2,-2.12617437054476,2.12617437054476,2.12617437054476,4.520617453961407,6,6,1,Q3
R0002265,2026-02-01 06:00:00,M015,north,residential,0,69.4331658729606,61.05670270203954,True,2,-8.376463170921063,8.376463170921063,8.376463170921063,70.16513525379696,6,6,1,Q2
R0002266,2026-02-01 06:00:00,M016,south,commercial,0,53.23135302578793,56.74180841645397,True,2,3.5104553906660385,-3.5104553906660385,3.5104553906660385,12.323297049856249,6,6,1,Q1
R0002267,2026-02-01 06:00:00,M017,east,industrial,0,49.03834211016288,46.91140575485076,True,2,-2.126936355312118,2.126936355312118,2.126936355312118,4.523858259548397,6,6,1,Q1
R0002268,2026-02-01 12:00:00,M000,north,residential,0,94.57759001981913,87.26199146948493,True,2,-7.315598550334201,7.315598550334201,7.315598550334201,53.517982149651864,12,6,1,Q4
R0002269,2026-02-01 12:00:00,M001,south,commercial,0,65.50915978364337,68.50211887998034,True,2,2.9929590963369748,-2.9929590963369748,2.9929590963369748,8.95780415234624,12,6,1,Q2
R0002270,2026-02-01 12:00:00,M002,east,industrial,0,94.04745147465624,88.80112169952268,True,2,-5.24632977513356,5.24632977513356,5.24632977513356,27.523976109452953,12,6,1,Q4
R0002271,2026-02-01 12:00:00,M003,north,residential,0,84.6954935791374,82.72239443336899,True,2,-1.9730991457684155,1.9730991457684155,1.9730991457684155,3.8931202390320507,12,6,1,Q3
R0002272,2026-02-01 12:00:00,M004,south,commercial,0,50.62397760608972,48.57257668712717,True,2,-2.0514009189625497,2.0514009189625497,2.0514009189625497,4.208245730320393,12,6,1,Q1
R0002273,2026-02-01 12:00:00,M005,east,industrial,0,101.74105097403032,104.59708042267287,True,2,2.856029448642559,-2.856029448642559,2.856029448642559,8.15690421151352,12,6,1,Q5
R0002274,2026-02-01 12:00:00,M006,north,residential,0,90.74368797620184,88.75768674205662,True,2,-1.9860012341452205,1.9860012341452205,1.9860012341452205,3.944200902026339,12,6,1,Q4
R0002275,2026-02-01 12:00:00,M007,south,commercial,0,83.61784028038683,83.91581819476004,True,2,0.297977914373206,-0.297977914373206,0.297977914373206,0.08879083745420567,12,6,1,Q3
R0002276,2026-02-01 12:00:00,M008,east,industrial,1,42.34926651516087,53.03840356775212,True,2,10.68913705259125,-10.68913705259125,10.68913705259125,114.25765092907913,12,6,1,Q1
R0002277,2026-02-01 12:00:00,M009,north,residential,0,69.79783924514602,71.57437823713288,True,2,1.776538991986854,-1.776538991986854,1.776538991986854,3.1560907900496673,12,6,1,Q2
R0002278,2026-02-01 12:00:00,M010,south,commercial,0,63.34767573763634,67.53622686206222,True,2,4.188551124425885,-4.188551124425885,4.188551124425885,17.543960521929346,12,6,1,Q2
R0002279,2026-02-01 12:00:00,M011,east,industrial,0,102.82335683912515,98.4060469583401,True,2,-4.417309880785055,4.417309880785055,4.417309880785055,19.51262658288128,12,6,1,Q5
R0002280,2026-02-01 12:00:00,M012,north,residential,0,83.765535383167,85.75949297654057,True,2,1.9939575933735654,-1.9939575933735654,1.9939575933735654,3.9758668841721008,12,6,1,Q3
R0002281,2026-02-01 12:00:00,M013,south,commercial,0,96.1879360040349,89.38254152391201,True,2,-6.805394480122885,6.805394480122885,6.805394480122885,46.31339403008703,12,6,1,Q5
R0002282,2026-02-01 12:00:00,M014,east,industrial,0,67.76295761533832,68.0801919604801,True,2,0.3172343451417703,-0.3172343451417703,0.3172343451417703,0.10063762973752784,12,6,1,Q2
R0002283,2026-02-01 12:00:00,M015,north,residential,0,57.11169627438418,62.15069992919128,True,2,5.039003654807104,-5.039003654807104,5.039003654807104,25.39155783315935,12,6,1,Q2
R0002284,2026-02-01 12:00:00,M016,south,commercial,0,68.42383934146504,69.97551841017726,True,2,1.5516790687122182,-1.5516790687122182,1.5516790687122182,2.407707932279617,12,6,1,Q2
R0002285,2026-02-01 12:00:00,M017,east,industrial,0,47.66252427907365,44.39730035003496,True,2,-3.26522392903869,3.26522392903869,3.26522392903869,10.661687306766861,12,6,1,Q1
R0002286,2026-02-01 18:00:00,M000,north,residential,0,101.04277370815844,96.33331424555716,True,2,-4.709459462601274,4.709459462601274,4.709459462601274,22.179008429884675,18,6,1,Q5
R0002287,2026-02-01 18:00:00,M001,south,commercial,0,60.47913964770439,72.48954053609337,True,2,12.010400888388979,-12.010400888388979,12.010400888388979,144.24972949981478,18,6,1,Q2
R0002288,2026-02-01 18:00:00,M002,east,industrial,0,97.61830405662064,92.5462190877623,True,2,-5.0720849688583485,5.0720849688583485,5.0720849688583485,25.726045931318794,18,6,1,Q5
R0002289,2026-02-01 18:00:00,M003,north,residential,0,91.0412907022392,94.29987136378531,True,2,3.2585806615461195,-3.2585806615461195,3.2585806615461195,10.618347927802345,18,6,1,Q4
R0002290,2026-02-01 18:00:00,M004,south,commercial,0,51.93293814692777,48.61244708173809,True,2,-3.320491065189678,3.320491065189678,3.320491065189678,11.025660914004483,18,6,1,Q1
R0002291,2026-02-01 18:00:00,M005,east,industrial,0,107.58415246882645,99.9266700037882,True,2,-7.6574824650382425,7.6574824650382425,7.6574824650382425,58.63703770236816,18,6,1,Q5
R0002292,2026-02-01 18:00:00,M006,north,residential,0,97.67107956353102,93.6379109569303,True,2,-4.033168606600725,4.033168606600725,4.033168606600725,16.266449009269635,18,6,1,Q5
R0002293,2026-02-01 18:00:00,M007,south,commercial,0,90.5646434421584,87.43191327275476,True,2,-3.1327301694036436,3.1327301694036436,3.1327301694036436,9.813998314291782,18,6,1,Q4
R0002294,2026-02-01 18:00:00,M008,east,industrial,0,52.63201673669365,50.18060262276863,True,2,-2.4514141139250185,2.4514141139250185,2.4514141139250185,6.009431157950783,18,6,1,Q1
R0002295,2026-02-01 18:00:00,M009,north,residential,0,75.22142223687966,76.7409071786413,True,2,1.5194849417616325,-1.5194849417616325,1.5194849417616325,2.3088344882403518,18,6,1,Q3
R0002296,2026-02-01 18:00:00,M010,south,commercial,0,62.98880148583566,67.66251899230791,True,2,4.673717506472251,-4.673717506472251,4.673717506472251,21.843635330305194,18,6,1,Q2
R0002297,2026-02-01 18:00:00,M011,east,industrial,0,100.7221679338946,103.43467786464858,True,2,2.7125099307539813,-2.7125099307539813,2.7125099307539813,7.357710124438968,18,6,1,Q5
R0002298,2026-02-01 18:00:00,M012,north,residential,0,90.95684774665791,91.16571554240583,True,2,0.20886779574792058,-0.20886779574792058,0.20886779574792058,0.04362575610059507,18,6,1,Q4
R0002299,2026-02-01 18:00:00,M013,south,commercial,0,94.0131884264314,91.8721054110726,True,2,-2.1410830153588023,2.1410830153588023,2.1410830153588023,4.5842364786579415,18,6,1,Q4
R0002300,2026-02-01 18:00:00,M014,east,industrial,0,74.81523985612796,68.88927983379163,True,2,-5.9259600223363265,5.9259600223363265,5.9259600223363265,35.11700218632836,18,6,1,Q3
R0002301,2026-02-01 18:00:00,M015,north,residential,0,64.90486305495789,59.3969111190751,True,2,-5.507951935882787,5.507951935882787,5.507951935882787,30.337534527994936,18,6,1,Q2
R0002302,2026-02-01 18:00:00,M016,south,commercial,0,70.59759411955768,69.36754136254704,True,2,-1.2300527570106397,1.2300527570106397,1.2300527570106397,1.5130297850294758,18,6,1,Q2
R0002303,2026-02-01 18:00:00,M017,east,industrial,0,42.97495915732902,46.14410378830205,True,2,3.1691446309730296,-3.1691446309730296,3.1691446309730296,10.04347769202518,18,6,1,Q1
R0002304,2026-02-02 00:00:00,M000,north,residential,0,108.226230390984,99.4748907222669,True,2,-8.751339668717094,8.751339668717094,8.751339668717094,76.58594599726142,0,0,0,Q5
R0002305,2026-02-02 00:00:00,M001,south,commercial,0,59.01389369484594,58.97456326027653,True,2,-0.03933043456940766,0.03933043456940766,0.03933043456940766,0.0015468830834184568,0,0,0,Q2
R0002306,2026-02-02 00:00:00,M002,east,industrial,0,96.12994397107602,94.66123232788216,True,2,-1.4687116431938563,1.4687116431938563,1.4687116431938563,2.1571138908531973,0,0,0,Q5
R0002307,2026-02-02 00:00:00,M003,north,residential,0,94.13677863770044,91.32660692893492,True,2,-2.810171708765523,2.810171708765523,2.810171708765523,7.8970650327461405,0,0,0,Q4
R0002308,2026-02-02 00:00:00,M004,south,commercial,0,50.37258743249652,46.78647799087959,True,2,-3.5861094416169337,3.5861094416169337,3.5861094416169337,12.860180927254115,0,0,0,Q1
R0002309,2026-02-02 00:00:00,M005,east,industrial,0,111.9790995466101,109.40257476261516,True,2,-2.576524783994941,2.576524783994941,2.576524783994941,6.638479962540178,0,0,0,Q5
R0002310,2026-02-02 00:00:00,M006,north,residential,0,95.7664477641926,93.33492074839,True,2,-2.431527015802601,2.431527015802601,2.431527015802601,5.912323628577902,0,0,0,Q4
R0002311,2026-02-02 00:00:00,M007,south,commercial,0,83.15807251404361,79.22291826729686,True,2,-3.935154246746748,3.935154246746748,3.935154246746748,15.485438945688967,0,0,0,Q3
R0002312,2026-02-02 00:00:00,M008,east,industrial,0,54.76007580659583,52.92201700895159,True,2,-1.838058797644237,1.838058797644237,1.838058797644237,3.3784601435973785,0,0,0,Q1
R0002313,2026-02-02 00:00:00,M009,north,residential,0,79.26581533642153,76.87911660405904,True,2,-2.3866987323624897,2.3866987323624897,2.3866987323624897,5.696330839060716,0,0,0,Q3
R0002314,2026-02-02 00:00:00,M010,south,commercial,0,57.159879713374735,59.4598682388402,True,2,2.2999885254654657,-2.2999885254654657,2.2999885254654657,5.2899472172728075,0,0,0,Q2
R0002315,2026-02-02 00:00:00,M011,east,industrial,0,105.44175477805378,99.26641458056658,True,2,-6.175340197487202,6.175340197487202,6.175340197487202,38.13482655470128,0,0,0,Q5
R0002316,2026-02-02 00:00:00,M012,north,residential,1,86.20413524727365,81.34443568389092,True,2,-4.859699563382733,4.859699563382733,4.859699563382733,23.61667984634233,0,0,0,Q3
R0002317,2026-02-02 00:00:00,M013,south,commercial,0,95.93247331691413,88.83817823983692,True,2,-7.094295077077206,7.094295077077206,7.094295077077206,50.329022640641874,0,0,0,Q4
R0002318,2026-02-02 00:00:00,M014,east,industrial,0,73.1156888951652,70.76503720170113,True,2,-2.350651693464073,2.350651693464073,2.350651693464073,5.525563383985514,0,0,0,Q3
R0002319,2026-02-02 00:00:00,M015,north,residential,0,67.22120224892083,61.75458741948994,True,2,-5.466614829430895,5.466614829430895,5.466614829430895,29.883877693353778,0,0,0,Q2
R0002320,2026-02-02 00:00:00,M016,south,commercial,0,64.2617110513083,62.90957800963326,True,2,-1.3521330416750388,1.3521330416750388,1.3521330416750388,1.8282637623893923,0,0,0,Q2
R0002321,2026-02-02 00:00:00,M017,east,industrial,0,46.33746780911108,46.51116127141947,True,2,0.17369346230838545,-0.17369346230838545,0.17369346230838545,0.030169418848674516,0,0,0,Q1
R0002322,2026-02-02 06:00:00,M000,north,residential,0,102.75370113940798,96.94781593277654,True,2,-5.805885206631444,5.805885206631444,5.805885206631444,33.70830303258185,6,0,0,Q5
R0002323,2026-02-02 06:00:00,M001,south,commercial,1,51.86352160515138,62.92816201253475,True,2,11.064640407383372,-11.064640407383372,11.064640407383372,122.42626734470088,6,0,0,Q1
R0002324,2026-02-02 06:00:00,M002,east,industrial,0,97.94935048411948,94.10763651976302,True,2,-3.841713964356458,3.841713964356458,3.841713964356458,14.758766183931414,6,0,0,Q5
R0002325,2026-02-02 06:00:00,M003,north,residential,0,96.01122442307364,89.26354501435517,True,2,-6.747679408718469,6.747679408718469,6.747679408718469,45.53117740284322,6,0,0,Q5
R0002326,2026-02-02 06:00:00,M004,south,commercial,0,49.25960303641371,46.23210118394282,True,2,-3.027501852470891,3.027501852470891,3.027501852470891,9.165767466714678,6,0,0,Q1
R0002327,2026-02-02 06:00:00,M005,east,industrial,0,112.44235085519485,109.62809715526876,True,2,-2.814253699926084,2.814253699926084,2.814253699926084,7.920023887547654,6,0,0,Q5
R0002328,2026-02-02 06:00:00,M006,north,residential,0,96.6415555619186,94.32289504237616,True,2,-2.3186605195424335,2.3186605195424335,2.3186605195424335,5.376186604884787,6,0,0,Q5
R0002329,2026-02-02 06:00:00,M007,south,commercial,0,78.22435444538509,79.59914865976387,True,2,1.374794214378781,-1.374794214378781,1.374794214378781,1.8900591318893698,6,0,0,Q3
R0002330,2026-02-02 06:00:00,M008,east,industrial,0,51.61703804472266,54.98515389699753,True,2,3.368115852274869,-3.368115852274869,3.368115852274869,11.344204394345267,6,0,0,Q1
R0002331,2026-02-02 06:00:00,M009,north,residential,0,76.65957237024219,73.53271575217317,True,2,-3.126856618069013,3.126856618069013,3.126856618069013,9.777232309961985,6,0,0,Q3
R0002332,2026-02-02 06:00:00,M010,south,commercial,0,55.36447090094873,58.42018566814865,True,2,3.055714767199916,-3.055714767199916,3.055714767199916,9.337392738483638,6,0,0,Q1
R0002333,2026-02-02 06:00:00,M011,east,industrial,0,104.33465148133594,84.03493621205295,True,2,-20.299715269282984,20.299715269282984,20.299715269282984,412.07844001396074,6,0,0,Q5
R0002334,2026-02-02 06:00:00,M012,north,residential,0,91.86981388575934,92.09982426507648,True,2,0.23001037931713597,-0.23001037931713597,0.23001037931713597,0.05290477459361277,6,0,0,Q4
R0002335,2026-02-02 06:00:00,M013,south,commercial,0,88.97558446903217,83.86153717725009,True,2,-5.114047291782086,5.114047291782086,5.114047291782086,26.153479702583688,6,0,0,Q4
R0002336,2026-02-02 06:00:00,M014,east,industrial,0,72.08120736828224,70.82089981633091,True,2,-1.2603075519513283,1.2603075519513283,1.2603075519513283,1.58837512550555,6,0,0,Q3
R0002337,2026-02-02 06:00:00,M015,north,residential,0,69.13780616061705,60.67712226789177,True,2,-8.460683892725278,8.460683892725278,8.460683892725278,71.58317193262097,6,0,0,Q2
R0002338,2026-02-02 06:00:00,M016,south,commercial,0,67.0023477379954,61.133107664109154,True,2,-5.869240073886239,5.869240073886239,5.869240073886239,34.447979044912145,6,0,0,Q2
R0002339,2026-02-02 06:00:00,M017,east,industrial,0,48.28182589261429,47.83117678174509,True,2,-0.45064911086920034,0.45064911086920034,0.45064911086920034,0.20308462112720083,6,0,0,Q1
R0002340,2026-02-02 12:00:00,M000,north,residential,0,89.6834964986025,93.61264466532826,True,2,3.929148166725767,-3.929148166725767,3.929148166725767,15.438205316084456,12,0,0,Q4
R0002341,2026-02-02 12:00:00,M001,south,commercial,0,69.04895731532397,73.34152066589944,True,2,4.292563350575463,-4.292563350575463,4.292563350575463,18.426100118703648,12,0,0,Q2
R0002342,2026-02-02 12:00:00,M002,east,industrial,0,92.27166114912812,93.14649861044532,True,2,0.874837461317199,-0.874837461317199,0.874837461317199,0.7653405837239216,12,0,0,Q4
R0002343,2026-02-02 12:00:00,M003,north,residential,0,82.61546950714062,89.64454126584583,True,2,7.029071758705214,-7.029071758705214,7.029071758705214,49.40784978902722,12,0,0,Q3
R0002344,2026-02-02 12:00:00,M004,south,commercial,0,61.10374109552435,56.68099454234908,True,2,-4.422746553175266,4.422746553175266,4.422746553175266,19.560687073623694,12,0,0,Q2
R0002345,2026-02-02 12:00:00,M005,east,industrial,0,105.9649760437188,103.89251151879408,True,2,-2.072464524924726,2.072464524924726,2.072464524924726,4.29510920707147,12,0,0,Q5
R0002346,2026-02-02 12:00:00,M006,north,residential,0,88.21764976247046,89.72887458261745,True,2,1.5112248201469924,-1.5112248201469924,1.5112248201469924,2.2838004570283097,12,0,0,Q4
R0002347,2026-02-02 12:00:00,M007,south,commercial,0,98.36680555531936,90.27220391251156,True,2,-8.094601642807802,8.094601642807802,8.094601642807802,65.52257575574677,12,0,0,Q5
R0002348,2026-02-02 12:00:00,M008,east,industrial,0,48.6729639141733,51.235099331887874,True,2,2.562135417714572,-2.562135417714572,2.562135417714572,6.564537898707424,12,0,0,Q1
R0002349,2026-02-02 12:00:00,M009,north,residential,0,65.34656449319915,69.35546384457889,True,2,4.008899351379739,-4.008899351379739,4.008899351379739,16.071274009492893,12,0,0,Q2
R0002350,2026-02-02 12:00:00,M010,south,commercial,0,75.4023850426791,71.51023346955826,True,2,-3.8921515731208416,3.8921515731208416,3.8921515731208416,15.148843868147042,12,0,0,Q3
R0002351,2026-02-02 12:00:00,M011,east,industrial,0,102.01200030037694,93.36052420355122,True,2,-8.651476096825718,8.651476096825718,8.651476096825718,74.84803865394676,12,0,0,Q5
R0002352,2026-02-02 12:00:00,M012,north,residential,0,82.63407639438685,74.05464062274311,True,2,-8.579435771643745,8.579435771643745,8.579435771643745,73.60671815976029,12,0,0,Q3
R0002353,2026-02-02 12:00:00,M013,south,commercial,0,106.87744243396266,91.14500591919187,True,2,-15.732436514770782,15.732436514770782,15.732436514770782,247.50955869129305,12,0,0,Q5
R0002354,2026-02-02 12:00:00,M014,east,industrial,0,72.26545696971586,69.7524139151546,True,2,-2.513043054561251,2.513043054561251,2.513043054561251,6.315385394078544,12,0,0,Q3
R0002355,2026-02-02 12:00:00,M015,north,residential,0,56.27730357200429,56.39080316341232,True,2,0.11349959140802923,-0.11349959140802923,0.11349959140802923,0.012882157249789583,12,0,0,Q1
R0002356,2026-02-02 12:00:00,M016,south,commercial,0,76.6458988772983,76.37149396173587,True,2,-0.2744049155624282,0.2744049155624282,0.2744049155624282,0.07529805768482334,12,0,0,Q3
R0002357,2026-02-02 12:00:00,M017,east,industrial,1,34.73740906160703,42.74244603049835,True,2,8.005036968891318,-8.005036968891318,8.005036968891318,64.0806168733167,12,0,0,Q1
R0002358,2026-02-02 18:00:00,M000,north,residential,0,101.48759100811348,97.04598165160158,True,2,-4.441609356511904,4.441609356511904,4.441609356511904,19.72789367585409,18,0,0,Q5
R0002359,2026-02-02 18:00:00,M001,south,commercial,0,76.28490906842764,75.42724631853214,True,2,-0.8576627498954963,0.8576627498954963,0.8576627498954963,0.7355853925583046,18,0,0,Q3
R0002360,2026-02-02 18:00:00,M002,east,industrial,0,93.14004987480108,90.37089344643904,True,2,-2.769156428362038,2.769156428362038,2.769156428362038,7.668227324738799,18,0,0,Q4
R0002361,2026-02-02 18:00:00,M003,north,residential,0,95.03491611221796,88.51599610193952,True,2,-6.5189200102784355,6.5189200102784355,6.5189200102784355,42.496318100408594,18,0,0,Q4
R0002362,2026-02-02 18:00:00,M004,south,commercial,0,63.70990818705575,58.367358271487866,True,2,-5.342549915567886,5.342549915567886,5.342549915567886,28.54283960033443,18,0,0,Q2
R0002363,2026-02-02 18:00:00,M005,east,industrial,0,107.71310761935644,107.53223565748677,True,2,-0.18087196186966992,0.18087196186966992,0.18087196186966992,0.03271466659058333,18,0,0,Q5
R0002364,2026-02-02 18:00:00,M006,north,residential,0,96.79372438228334,91.04860428425944,True,2,-5.745120098023904,5.745120098023904,5.745120098023904,33.00640494071819,18,0,0,Q5
R0002365,2026-02-02 18:00:00,M007,south,commercial,0,98.67066021104311,90.26756917267,True,2,-8.40309103837312,8.40309103837312,8.40309103837312,70.61193899918663,18,0,0,Q5
R0002366,2026-02-02 18:00:00,M008,east,industrial,0,48.86357531812612,50.10843370734114,True,2,1.2448583892150253,-1.2448583892150253,1.2448583892150253,1.5496724091990275,18,0,0,Q1
R0002367,2026-02-02 18:00:00,M009,north,residential,0,80.42452434743552,75.31976316445943,True,2,-5.104761182976091,5.104761182976091,5.104761182976091,26.05858673521946,18,0,0,Q3
R0002368,2026-02-02 18:00:00,M010,south,commercial,0,68.52344504272364,71.82530315759965,True,2,3.301858114876012,-3.301858114876012,3.301858114876012,10.902267010772572,18,0,0,Q2
R0002369,2026-02-02 18:00:00,M011,east,industrial,0,100.46663986337882,98.41334463555432,True,2,-2.053295227824492,2.053295227824492,2.053295227824492,4.216021292606833,18,0,0,Q5
R0002370,2026-02-02 18:00:00,M012,north,residential,0,89.12421804750448,76.1637855209238,True,2,-12.96043252658069,12.96043252658069,12.96043252658069,167.97281127605072,18,0,0,Q4
R0002371,2026-02-02 18:00:00,M013,south,commercial,0,101.14190721387,91.94214025216084,True,2,-9.199766961709159,9.199766961709159,9.199766961709159,84.63571214975536,18,0,0,Q5
R0002372,2026-02-02 18:00:00,M014,east,industrial,0,65.02128115867468,68.56101586324161,True,2,3.539734704566925,-3.539734704566925,3.539734704566925,12.529721778715496,18,0,0,Q2
R0002373,2026-02-02 18:00:00,M015,north,residential,0,66.08122571981048,63.00009426081749,True,2,-3.081131458992985,3.081131458992985,3.081131458992985,9.493371067596241,18,0,0,Q2
R0002374,2026-02-02 18:00:00,M016,south,commercial,0,79.82366519535894,76.06446245041067,True,2,-3.7592027449482686,3.7592027449482686,3.7592027449482686,14.131605277626598,18,0,0,Q3
R0002375,2026-02-02 18:00:00,M017,east,industrial,0,38.85519198242487,42.78733776197891,True,2,3.932145779554041,-3.932145779554041,3.932145779554041,15.461770431664657,18,0,0,Q1
R0002376,2026-02-03 00:00:00,M000,north,residential,0,105.87111179249774,98.753181548037,True,2,-7.117930244460737,7.117930244460737,7.117930244460737,50.66493096500889,0,1,0,Q5
R0002377,2026-02-03 00:00:00,M001,south,commercial,0,65.12410675169383,65.98740784593596,True,2,0.8633010942421322,-0.8633010942421322,0.8633010942421322,0.7452887793196629,0,1,0,Q2
R0002378,2026-02-03 00:00:00,M002,east,industrial,0,96.78364977730784,93.58872910759531,True,2,-3.1949206697125305,3.1949206697125305,3.1949206697125305,10.207518085756364,0,1,0,Q5
R0002379,2026-02-03 00:00:00,M003,north,residential,0,94.05196280199196,93.8560340529155,True,2,-0.19592874907645808,0.19592874907645808,0.19592874907645808,0.03838807471466567,0,1,0,Q4
R0002380,2026-02-03 00:00:00,M004,south,commercial,0,52.85246154208607,45.35603837672172,True,2,-7.496423165364348,7.496423165364348,7.496423165364348,56.19636027421123,0,1,0,Q1
R0002381,2026-02-03 00:00:00,M005,east,industrial,0,113.40773385119012,109.2854814248383,True,2,-4.122252426351821,4.122252426351821,4.122252426351821,16.992965066563475,0,1,0,Q5
R0002382,2026-02-03 00:00:00,M006,north,residential,0,102.72481915379332,89.57945787461502,True,2,-13.145361279178303,13.145361279178303,13.145361279178303,172.80052316012024,0,1,0,Q5
R0002383,2026-02-03 00:00:00,M007,south,commercial,0,83.97762216513748,83.07801157131757,True,2,-0.8996105938199008,0.8996105938199008,0.8996105938199008,0.8092992205129946,0,1,0,Q3
R0002384,2026-02-03 00:00:00,M008,east,industrial,0,52.03849757382627,52.65524650714435,True,2,0.6167489333180782,-0.6167489333180782,0.6167489333180782,0.3803792467489873,0,1,0,Q1
R0002385,2026-02-03 00:00:00,M009,north,residential,0,75.44112342326636,77.12836017407058,True,2,1.6872367508042174,-1.6872367508042174,1.6872367508042174,2.8467678532643728,0,1,0,Q3
R0002386,2026-02-03 00:00:00,M010,south,commercial,0,55.962876222886045,57.72308994720406,True,2,1.7602137243180138,-1.7602137243180138,1.7602137243180138,3.0983523552774925,0,1,0,Q1
R0002387,2026-02-03 00:00:00,M011,east,industrial,0,104.19874194669026,95.59565804737731,True,2,-8.60308389931295,8.60308389931295,8.60308389931295,74.0130525786177,0,1,0,Q5
R0002388,2026-02-03 00:00:00,M012,north,residential,0,102.61947650291374,77.96875432133025,True,2,-24.65072218158349,24.65072218158349,24.65072218158349,607.6581040736123,0,1,0,Q5
R0002389,2026-02-03 00:00:00,M013,south,commercial,0,86.06608404764474,84.41540060767741,True,2,-1.6506834399673238,1.6506834399673238,1.6506834399673238,2.7247558189823575,0,1,0,Q3
R0002390,2026-02-03 00:00:00,M014,east,industrial,0,69.00001491751983,70.6647761320933,True,2,1.6647612145734598,-1.6647612145734598,1.6647612145734598,2.771429901548101,0,1,0,Q2
R0002391,2026-02-03 00:00:00,M015,north,residential,0,62.8384428473852,64.47905565843446,True,2,1.6406128110492588,-1.6406128110492588,1.6406128110492588,2.6916103957789512,0,1,0,Q2
R0002392,2026-02-03 00:00:00,M016,south,commercial,0,69.65128678969161,63.85303964599039,True,2,-5.798247143701218,5.798247143701218,5.798247143701218,33.61966993943933,0,1,0,Q2
R0002393,2026-02-03 00:00:00,M017,east,industrial,0,45.20932103106968,45.66221052231288,True,2,0.4528894912432051,-0.4528894912432051,0.4528894912432051,0.20510889127852916,0,1,0,Q1
R0002394,2026-02-03 06:00:00,M000,north,residential,0,101.05532547990562,95.91286696082054,True,2,-5.142458519085082,5.142458519085082,5.142458519085082,26.444879620510736,6,1,0,Q5
R0002395,2026-02-03 06:00:00,M001,south,commercial,0,55.77609176161822,71.21147474487047,True,2,15.435382983252254,-15.435382983252254,15.435382983252254,238.25104783967325,6,1,0,Q1
R0002396,2026-02-03 06:00:00,M002,east,industrial,0,99.928027051633,93.61811448448503,True,2,-6.309912567147961,6.309912567147961,6.309912567147961,39.814996605051775,6,1,0,Q5
R0002397,2026-02-03 06:00:00,M003,north,residential,0,98.4223734982036,92.81923891334846,True,2,-5.603134584855141,5.603134584855141,5.603134584855141,31.395117175999793,6,1,0,Q5
R0002398,2026-02-03 06:00:00,M004,south,commercial,0,48.60210147801966,45.78675811778991,True,2,-2.815343360229754,2.815343360229754,2.815343360229754,7.926158235989762,6,1,0,Q1
R0002399,2026-02-03 06:00:00,M005,east,industrial,0,113.2883531724489,109.73880823806708,True,2,-3.5495449343818137,3.5495449343818137,3.5495449343818137,12.599269241195595,6,1,0,Q5
R0002400,2026-02-03 06:00:00,M006,north,residential,0,95.99199460637487,88.90435439812863,True,2,-7.087640208246242,7.087640208246242,7.087640208246242,50.234643721548835,6,1,0,Q5
R0002401,2026-02-03 06:00:00,M007,south,commercial,0,79.70439246015292,83.6950164595342,True,2,3.9906239993812846,-3.9906239993812846,3.9906239993812846,15.92507990443788,6,1,0,Q3
R0002402,2026-02-03 06:00:00,M008,east,industrial,0,55.75360982678654,54.45239648664601,True,2,-1.301213340140528,1.301213340140528,1.301213340140528,1.6931561565596691,6,1,0,Q1
R0002403,2026-02-03 06:00:00,M009,north,residential,0,73.88115603072535,74.6379875531339,True,2,0.7568315224085467,-0.7568315224085467,0.7568315224085467,0.5727939533112385,6,1,0,Q3
R0002404,2026-02-03 06:00:00,M010,south,commercial,0,59.93452779327077,56.65832849775954,True,2,-3.2761992955112262,3.2761992955112262,3.2761992955112262,10.733481823908255,6,1,0,Q2
R0002405,2026-02-03 06:00:00,M011,east,industrial,0,110.94685600710946,103.56617096192224,True,2,-7.380685045187221,7.380685045187221,7.380685045187221,54.474511736250285,6,1,0,Q5
R0002406,2026-02-03 06:00:00,M012,north,residential,0,96.43324445368162,91.79173719198788,True,2,-4.6415072616937465,4.6415072616937465,4.6415072616937465,21.54358966035578,6,1,0,Q5
R0002407,2026-02-03 06:00:00,M013,south,commercial,0,93.96969042991728,85.64567567683575,True,2,-8.324014753081528,8.324014753081528,8.324014753081528,69.28922160951893,6,1,0,Q4
R0002408,2026-02-03 06:00:00,M014,east,industrial,0,73.9058893687505,70.39137563063589,True,2,-3.5145137381146014,3.5145137381146014,3.5145137381146014,12.35180681539627,6,1,0,Q3
R0002409,2026-02-03 06:00:00,M015,north,residential,0,71.64388589838254,63.17379036808871,True,2,-8.470095530293825,8.470095530293825,8.470095530293825,71.74251829230344,6,1,0,Q3
R0002410,2026-02-03 06:00:00,M016,south,commercial,0,70.75380109383167,58.611161313660894,True,2,-12.142639780170775,12.142639780170775,12.142639780170775,147.44370083098576,6,1,0,Q2
R0002411,2026-02-03 06:00:00,M017,east,industrial,0,45.44393335153137,46.73281847561932,True,2,1.2888851240879475,-1.2888851240879475,1.2888851240879475,1.661224863095204,6,1,0,Q1
R0002412,2026-02-03 12:00:00,M000,north,residential,0,92.3244238094491,92.32840922300235,True,2,0.003985413553252215,-0.003985413553252215,0.003985413553252215,1.5883521190446446e-05,12,1,0,Q4
R0002413,2026-02-03 12:00:00,M001,south,commercial,0,76.19963916097913,74.5876074276504,True,2,-1.6120317333287346,1.6120317333287346,1.6120317333287346,2.5986463092588448,12,1,0,Q3
R0002414,2026-02-03 12:00:00,M002,east,industrial,0,89.79831924364966,88.10014850942306,True,2,-1.6981707342265935,1.6981707342265935,1.6981707342265935,2.8837838425836875,12,1,0,Q4
R0002415,2026-02-03 12:00:00,M003,north,residential,0,83.11654813209759,87.61025606882428,True,2,4.493707936726693,-4.493707936726693,4.493707936726693,20.193411020600475,12,1,0,Q3
R0002416,2026-02-03 12:00:00,M004,south,commercial,0,58.69793931570265,55.445096658857466,True,2,-3.252842656845182,3.252842656845182,3.252842656845182,10.580985350191623,12,1,0,Q2
R0002417,2026-02-03 12:00:00,M005,east,industrial,0,105.25357196841756,105.71902113382728,True,2,0.4654491654097228,-0.4654491654097228,0.4654491654097228,0.2166429255806075,12,1,0,Q5
R0002418,2026-02-03 12:00:00,M006,north,residential,0,85.6123983028145,89.49883838763725,True,2,3.886440084822752,-3.886440084822752,3.886440084822752,15.104416532917078,12,1,0,Q3
R0002419,2026-02-03 12:00:00,M007,south,commercial,0,94.56993981930006,90.2014062803636,True,2,-4.368533538936461,4.368533538936461,4.368533538936461,19.08408528081272,12,1,0,Q4
R0002420,2026-02-03 12:00:00,M008,east,industrial,0,53.654195967994816,52.020134895790754,True,2,-1.6340610722040623,1.6340610722040623,1.6340610722040623,2.6701555876926895,12,1,0,Q1
R0002421,2026-02-03 12:00:00,M009,north,residential,0,61.57697725262112,77.92448672920942,True,2,16.3475094765883,-16.3475094765883,16.3475094765883,267.24106608714425,12,1,0,Q2
R0002422,2026-02-03 12:00:00,M010,south,commercial,0,70.3964854648668,70.65612437520643,True,2,0.25963891033963193,-0.25963891033963193,0.25963891033963193,0.06741236376235143,12,1,0,Q2
R0002423,2026-02-03 12:00:00,M011,east,industrial,1,89.70908790532154,93.8871301005504,True,2,4.178042195228855,-4.178042195228855,4.178042195228855,17.45603658511275,12,1,0,Q4
R0002424,2026-02-03 12:00:00,M012,north,residential,0,84.51904942696186,86.05061613504488,True,2,1.5315667080830195,-1.5315667080830195,1.5315667080830195,2.3456965813082573,12,1,0,Q3
R0002425,2026-02-03 12:00:00,M013,south,commercial,0,98.81184018492289,92.28011025776829,True,2,-6.5317299271546005,6.5317299271546005,6.5317299271546005,42.663495841287045,12,1,0,Q5
R0002426,2026-02-03 12:00:00,M014,east,industrial,0,69.67506429832454,70.75024007846613,True,2,1.075175780141592,-1.075175780141592,1.075175780141592,1.1560029582030809,12,1,0,Q2
R0002427,2026-02-03 12:00:00,M015,north,residential,0,60.87293932895682,56.055682226137314,True,2,-4.817257102819504,4.817257102819504,4.817257102819504,23.205965994664957,12,1,0,Q2
R0002428,2026-02-03 12:00:00,M016,south,commercial,0,77.67930128696187,74.78376754591429,True,2,-2.8955337410475863,2.8955337410475863,2.8955337410475863,8.38411564554503,12,1,0,Q3
R0002429,2026-02-03 12:00:00,M017,east,industrial,0,41.09273430499706,43.50220824376219,True,2,2.4094739387651316,-2.4094739387651316,2.4094739387651316,5.805564661588357,12,1,0,Q1
R0002430,2026-02-03 18:00:00,M000,north,residential,0,101.64429339343104,94.30817645160764,True,2,-7.336116941823406,7.336116941823406,7.336116941823406,53.8186117841084,18,1,0,Q5
R0002431,2026-02-03 18:00:00,M001,south,commercial,0,79.89628623381569,86.1253120460189,True,2,6.2290258122032185,-6.2290258122032185,6.2290258122032185,38.80076256909397,18,1,0,Q3
R0002432,2026-02-03 18:00:00,M002,east,industrial,0,89.95753491120145,93.36982537116424,True,2,3.41229045996279,-3.41229045996279,3.41229045996279,11.64372618315307,18,1,0,Q4
R0002433,2026-02-03 18:00:00,M003,north,residential,0,93.10976901199017,88.68055763336436,True,2,-4.4292113786258085,4.4292113786258085,4.4292113786258085,19.617913436548335,18,1,0,Q4
R0002434,2026-02-03 18:00:00,M004,south,commercial,0,62.61240170001293,58.805840508124966,True,2,-3.8065611918879654,3.8065611918879654,3.8065611918879654,14.489908107587528,18,1,0,Q2
R0002435,2026-02-03 18:00:00,M005,east,industrial,0,104.92200693907276,105.18195309442022,True,2,0.259946155347464,-0.259946155347464,0.259946155347464,0.0675720036799279,18,1,0,Q5
R0002436,2026-02-03 18:00:00,M006,north,residential,0,90.5367650765956,93.70179624954508,True,2,3.165031172949483,-3.165031172949483,3.165031172949483,10.01742232574198,18,1,0,Q4
R0002437,2026-02-03 18:00:00,M007,south,commercial,0,97.63155802755831,89.66805139150246,True,2,-7.963506636055854,7.963506636055854,7.963506636055854,63.41743794250562,18,1,0,Q5
R0002438,2026-02-03 18:00:00,M008,east,industrial,0,46.23174014811607,51.31742739276932,True,2,5.085687244653251,-5.085687244653251,5.085687244653251,25.864214750428772,18,1,0,Q1
R0002439,2026-02-03 18:00:00,M009,north,residential,0,72.03795751144548,76.64258939079704,True,2,4.604631879351558,-4.604631879351558,4.604631879351558,21.202634744340664,18,1,0,Q3
R0002440,2026-02-03 18:00:00,M010,south,commercial,0,67.4310510633635,71.32223733454586,True,2,3.891186271182363,-3.891186271182363,3.891186271182363,15.141330597038102,18,1,0,Q2
R0002441,2026-02-03 18:00:00,M011,east,industrial,0,100.4074415608904,99.22549937240268,True,2,-1.1819421884877244,1.1819421884877244,1.1819421884877244,1.3969873369271513,18,1,0,Q5
R0002442,2026-02-03 18:00:00,M012,north,residential,0,90.88145595617068,92.69585985184276,True,2,1.814403895672072,-1.814403895672072,1.814403895672072,3.2920614966299913,18,1,0,Q4
R0002443,2026-02-03 18:00:00,M013,south,commercial,0,106.75858784666964,93.49376504576476,True,2,-13.26482280090488,13.26482280090488,13.26482280090488,175.955523939406,18,1,0,Q5
R0002444,2026-02-03 18:00:00,M014,east,industrial,0,70.01171442760055,73.70429462158742,True,2,3.6925801939868705,-3.6925801939868705,3.6925801939868705,13.635148489024115,18,1,0,Q2
R0002445,2026-02-03 18:00:00,M015,north,residential,0,65.02160731471223,59.44787900635028,True,2,-5.57372830836195,5.57372830836195,5.57372830836195,31.066447255435367,18,1,0,Q2
R0002446,2026-02-03 18:00:00,M016,south,commercial,0,79.35242999806007,74.70163512003442,True,2,-4.65079487802565,4.65079487802565,4.65079487802565,21.629892997469618,18,1,0,Q3
R0002447,2026-02-03 18:00:00,M017,east,industrial,0,43.458832286275616,44.28521395245193,True,2,0.8263816661763173,-0.8263816661763173,0.8263816661763173,0.6829066581923462,18,1,0,Q1
R0002448,2026-02-04 00:00:00,M000,north,residential,0,103.53186528108688,98.23669737351284,True,2,-5.29516790757404,5.29516790757404,5.29516790757404,28.038803169402037,0,2,0,Q5
R0002449,2026-02-04 00:00:00,M001,south,commercial,0,59.688066493338766,59.00164901857804,True,2,-0.6864174747607237,0.6864174747607237,0.6864174747607237,0.4711689496568887,0,2,0,Q2
R0002450,2026-02-04 00:00:00,M002,east,industrial,0,95.76550096407205,93.3449734493288,True,2,-2.4205275147432417,2.4205275147432417,2.4205275147432417,5.8589534496290945,0,2,0,Q4
R0002451,2026-02-04 00:00:00,M003,north,residential,0,95.68264787457755,89.87348241790438,True,2,-5.8091654566731705,5.8091654566731705,5.8091654566731705,33.746403303004804,0,2,0,Q4
R0002452,2026-02-04 00:00:00,M004,south,commercial,0,47.90456135237483,46.86307855002194,True,2,-1.0414828023528884,1.0414828023528884,1.0414828023528884,1.0846864275968255,0,2,0,Q1
R0002453,2026-02-04 00:00:00,M005,east,industrial,0,112.88743766583104,108.70148250576744,True,2,-4.1859551600636,4.1859551600636,4.1859551600636,17.522220602063076,0,2,0,Q5
R0002454,2026-02-04 00:00:00,M006,north,residential,0,103.40650097043344,92.26956846054608,True,2,-11.136932509887359,11.136932509887359,11.136932509887359,124.03126572978594,0,2,0,Q5
R0002455,2026-02-04 00:00:00,M007,south,commercial,0,82.43818371761559,80.22048436078174,True,2,-2.2176993568338474,2.2176993568338474,2.2176993568338474,4.918190437301261,0,2,0,Q3
R0002456,2026-02-04 00:00:00,M008,east,industrial,1,41.307817750334806,53.25398637882285,True,2,11.946168628488046,-11.946168628488046,11.946168628488046,142.71094490027195,0,2,0,Q1
R0002457,2026-02-04 00:00:00,M009,north,residential,0,70.21980956505615,75.17292819354171,True,2,4.953118628485555,-4.953118628485555,4.953118628485555,24.533384147850626,0,2,0,Q2
R0002458,2026-02-04 00:00:00,M010,south,commercial,0,55.61042104257638,58.14868552282405,True,2,2.538264480247676,-2.538264480247676,2.538264480247676,6.442786571687005,0,2,0,Q1
R0002459,2026-02-04 00:00:00,M011,east,industrial,0,101.25950853404863,97.88548620768589,True,2,-3.3740223263627485,3.3740223263627485,3.3740223263627485,11.384026658794292,0,2,0,Q5
R0002460,2026-02-04 00:00:00,M012,north,residential,0,95.74816395155436,94.32660562169566,True,2,-1.4215583298586978,1.4215583298586978,1.4215583298586978,2.0208280851906504,0,2,0,Q4
R0002461,2026-02-04 00:00:00,M013,south,commercial,0,93.3056775451552,89.68767522343627,True,2,-3.618002321718933,3.618002321718933,3.618002321718933,13.089940799963589,0,2,0,Q4
R0002462,2026-02-04 00:00:00,M014,east,industrial,0,73.16424084726283,70.2719885889962,True,2,-2.8922522582666375,2.8922522582666375,2.8922522582666375,8.365123125448465,0,2,0,Q3
R0002463,2026-02-04 00:00:00,M015,north,residential,0,72.7310072744969,63.11879614078284,True,2,-9.612211133714062,9.612211133714062,9.612211133714062,92.39460287909658,0,2,0,Q3
R0002464,2026-02-04 00:00:00,M016,south,commercial,0,66.43082804959818,64.90166303255485,True,2,-1.5291650170433257,1.5291650170433257,1.5291650170433257,2.338345649349115,0,2,0,Q2
R0002465,2026-02-04 00:00:00,M017,east,industrial,0,52.96256769110408,47.30996258022229,True,2,-5.652605110881787,5.652605110881787,5.652605110881787,31.951944539566895,0,2,0,Q1
R0002466,2026-02-04 06:00:00,M000,north,residential,0,105.15351952888176,95.34405890320546,True,2,-9.809460625676294,9.809460625676294,9.809460625676294,96.22551776669356,6,2,0,Q5
R0002467,2026-02-04 06:00:00,M001,south,commercial,0,62.48250860706055,59.53949178466078,True,2,-2.9430168223997697,2.9430168223997697,2.9430168223997697,8.661348016928038,6,2,0,Q2
R0002468,2026-02-04 06:00:00,M002,east,industrial,0,99.36795694926568,90.71006182407471,True,2,-8.657895125190961,8.657895125190961,8.657895125190961,74.95914799880542,6,2,0,Q5
R0002469,2026-02-04 06:00:00,M003,north,residential,0,93.96697400015576,92.73267516358834,True,2,-1.2342988365674188,1.2342988365674188,1.2342988365674188,1.5234936179516836,6,2,0,Q4
R0002470,2026-02-04 06:00:00,M004,south,commercial,0,44.947608373335015,46.316436621943545,True,2,1.36882824860853,-1.36882824860853,1.36882824860853,1.8736907741886955,6,2,0,Q1
R0002471,2026-02-04 06:00:00,M005,east,industrial,0,111.78358083383064,108.6537568933797,True,2,-3.1298239404509474,3.1298239404509474,3.1298239404509474,9.795797898219895,6,2,0,Q5
R0002472,2026-02-04 06:00:00,M006,north,residential,0,98.2973157157416,89.75697313927297,True,2,-8.540342576468632,8.540342576468632,8.540342576468632,72.93745132344287,6,2,0,Q5
R0002473,2026-02-04 06:00:00,M007,south,commercial,0,78.10428776560376,76.50675198054651,True,2,-1.5975357850572465,1.5975357850572465,1.5975357850572465,2.5521205845384727,6,2,0,Q3
R0002474,2026-02-04 06:00:00,M008,east,industrial,0,56.49733255912533,54.52708965171776,True,2,-1.9702429074075738,1.9702429074075738,1.9702429074075738,3.8818571141898492,6,2,0,Q2
R0002475,2026-02-04 06:00:00,M009,north,residential,0,73.87657136238086,74.10902479954309,True,2,0.23245343716223488,-0.23245343716223488,0.23245343716223488,0.05403460044853708,6,2,0,Q3
R0002476,2026-02-04 06:00:00,M010,south,commercial,0,52.49420987762825,56.69987747981553,True,2,4.205667602187276,-4.205667602187276,4.205667602187276,17.687639980087674,6,2,0,Q1
R0002477,2026-02-04 06:00:00,M011,east,industrial,0,102.93111979894802,99.78848122600792,True,2,-3.1426385729401005,3.1426385729401005,3.1426385729401005,9.876177200130991,6,2,0,Q5
R0002478,2026-02-04 06:00:00,M012,north,residential,0,95.71844008346024,92.42440016231184,True,2,-3.2940399211483964,3.2940399211483964,3.2940399211483964,10.850699002119333,6,2,0,Q4
R0002479,2026-02-04 06:00:00,M013,south,commercial,0,87.34066669974185,91.38774544784988,True,2,4.047078748108035,-4.047078748108035,4.047078748108035,16.3788463933877,6,2,0,Q4
R0002480,2026-02-04 06:00:00,M014,east,industrial,0,73.64238127161654,69.04110048362257,True,2,-4.601280787993971,4.601280787993971,4.601280787993971,21.171784889962424,6,2,0,Q3
R0002481,2026-02-04 06:00:00,M015,north,residential,0,68.65343180436287,61.73049463853156,True,2,-6.922937165831307,6.922937165831307,6.922937165831307,47.92705900204841,6,2,0,Q2
R0002482,2026-02-04 06:00:00,M016,south,commercial,0,66.8482671004484,62.78984355874567,True,2,-4.058423541702723,4.058423541702723,4.058423541702723,16.470801643846873,6,2,0,Q2
R0002483,2026-02-04 06:00:00,M017,east,industrial,0,47.12909000655556,47.57884892237141,True,2,0.44975891581584904,-0.44975891581584904,0.44975891581584904,0.202283082355848,6,2,0,Q1
R0002484,2026-02-04 12:00:00,M000,north,residential,0,85.33427942372975,84.30333428875494,True,2,-1.0309451349748144,1.0309451349748144,1.0309451349748144,1.0628478713282383,12,2,0,Q3
R0002485,2026-02-04 12:00:00,M001,south,commercial,0,71.61493352298,72.28249449507959,True,2,0.6675609720995936,-0.6675609720995936,0.6675609720995936,0.44563765147055445,12,2,0,Q3
R0002486,2026-02-04 12:00:00,M002,east,industrial,0,94.57156346479935,93.44375734815088,True,2,-1.1278061166484719,1.1278061166484719,1.1278061166484719,1.2719466367497065,12,2,0,Q4
R0002487,2026-02-04 12:00:00,M003,north,residential,0,86.99375582125994,80.7844526594638,True,2,-6.209303161796143,6.209303161796143,6.209303161796143,38.555445755091576,12,2,0,Q4
R0002488,2026-02-04 12:00:00,M004,south,commercial,0,61.165002532168245,55.33073790743575,True,2,-5.834264624732498,5.834264624732498,5.834264624732498,34.03864371140504,12,2,0,Q2
R0002489,2026-02-04 12:00:00,M005,east,industrial,0,107.53171968804544,102.12367187492706,True,2,-5.408047813118387,5.408047813118387,5.408047813118387,29.246981148974566,12,2,0,Q5
R0002490,2026-02-04 12:00:00,M006,north,residential,0,91.88429414252673,89.75590734672005,True,2,-2.1283867958066764,2.1283867958066764,2.1283867958066764,4.530030352564211,12,2,0,Q4
R0002491,2026-02-04 12:00:00,M007,south,commercial,0,94.34700724470213,84.62687376054919,True,2,-9.720133484152939,9.720133484152939,9.720133484152939,94.48099494975115,12,2,0,Q4
R0002492,2026-02-04 12:00:00,M008,east,industrial,0,55.0408476113854,51.83941707513706,True,2,-3.2014305362483455,3.2014305362483455,3.2014305362483455,10.249157478423369,12,2,0,Q1
R0002493,2026-02-04 12:00:00,M009,north,residential,0,65.51702219467163,71.08041006784764,True,2,5.563387873176012,-5.563387873176012,5.563387873176012,30.95128462740191,12,2,0,Q2
R0002494,2026-02-04 12:00:00,M010,south,commercial,0,75.8852955803854,72.40877303381993,True,2,-3.4765225465654765,3.4765225465654765,3.4765225465654765,12.086209016778106,12,2,0,Q3
R0002495,2026-02-04 12:00:00,M011,east,industrial,0,101.5568570116456,101.53732888859382,True,2,-0.019528123051784974,0.019528123051784974,0.019528123051784974,0.00038134758992565567,12,2,0,Q5
R0002496,2026-02-04 12:00:00,M012,north,residential,0,80.04731501194607,89.2233160747645,True,2,9.176001062818429,-9.176001062818429,9.176001062818429,84.19899550484494,12,2,0,Q3
R0002497,2026-02-04 12:00:00,M013,south,commercial,0,98.8676448775141,92.01016445997156,True,2,-6.857480417542533,6.857480417542533,6.857480417542533,47.02503767697931,12,2,0,Q5
R0002498,2026-02-04 12:00:00,M014,east,industrial,0,66.14819971600983,71.32236537611526,True,2,5.17416566010543,-5.17416566010543,5.17416566010543,26.77199027821426,12,2,0,Q2
R0002499,2026-02-04 12:00:00,M015,north,residential,0,53.01973896126637,57.92700133012399,True,2,4.907262368857623,-4.907262368857623,4.907262368857623,24.081223956806127,12,2,0,Q1
R0002500,2026-02-04 12:00:00,M016,south,commercial,0,80.17786865909785,74.59117012481194,True,2,-5.586698534285915,5.586698534285915,5.586698534285915,31.211200512992395,12,2,0,Q3
R0002501,2026-02-04 12:00:00,M017,east,industrial,0,49.91836364895471,50.17215634685225,True,2,0.2537926978975378,-0.2537926978975378,0.2537926978975378,0.06441073350611087,12,2,0,Q1
R0002502,2026-02-04 18:00:00,M000,north,residential,0,100.75010252195536,96.2814773895228,True,2,-4.46862513243255,4.46862513243255,4.46862513243255,19.968610574207823,18,2,0,Q5
R0002503,2026-02-04 18:00:00,M001,south,commercial,0,76.56403392396594,66.51723451374757,True,2,-10.04679941021837,10.04679941021837,10.04679941021837,100.93817838916418,18,2,0,Q3
R0002504,2026-02-04 18:00:00,M002,east,industrial,0,95.16458147057764,91.39732396754808,True,2,-3.767257503029569,3.767257503029569,3.767257503029569,14.192229094132584,18,2,0,Q4
R0002505,2026-02-04 18:00:00,M003,north,residential,0,93.1757649148618,82.93288240719185,True,2,-10.242882507669947,10.242882507669947,10.242882507669947,104.91664206593097,18,2,0,Q4
R0002506,2026-02-04 18:00:00,M004,south,commercial,0,60.785190224800616,56.306627677414525,True,2,-4.47856254738609,4.47856254738609,4.47856254738609,20.057522490849387,18,2,0,Q2
R0002507,2026-02-04 18:00:00,M005,east,industrial,0,103.83882863237817,107.07756573014966,True,2,3.238737097771491,-3.238737097771491,3.238737097771491,10.4894179884813,18,2,0,Q5
R0002508,2026-02-04 18:00:00,M006,north,residential,0,96.36623399333736,91.30245628996708,True,2,-5.0637777033702775,5.0637777033702775,5.0637777033702775,25.64184462914996,18,2,0,Q5
R0002509,2026-02-04 18:00:00,M007,south,commercial,0,97.67725622486849,87.21968855868913,True,2,-10.457567666179358,10.457567666179358,10.457567666179358,109.36072149271999,18,2,0,Q5
R0002510,2026-02-04 18:00:00,M008,east,industrial,0,49.991113454873314,49.80063563312599,True,2,-0.1904778217473222,0.1904778217473222,0.1904778217473222,0.03628180057760465,18,2,0,Q1
R0002511,2026-02-04 18:00:00,M009,north,residential,0,76.8901959783251,71.77410533122875,True,2,-5.1160906470963425,5.1160906470963425,5.1160906470963425,26.174383509306672,18,2,0,Q3
R0002512,2026-02-04 18:00:00,M010,south,commercial,0,72.5611630401265,70.96874212252396,True,2,-1.5924209176025386,1.5924209176025386,1.5924209176025386,2.535804378818111,18,2,0,Q3
R0002513,2026-02-04 18:00:00,M011,east,industrial,0,94.37774325947652,101.17893322868186,True,2,6.801189969205339,-6.801189969205339,6.801189969205339,46.25618499721932,18,2,0,Q4
R0002514,2026-02-04 18:00:00,M012,north,residential,0,97.51530412763525,92.8215762337414,True,2,-4.6937278938938505,4.6937278938938505,4.6937278938938505,22.031081541917203,18,2,0,Q5
R0002515,2026-02-04 18:00:00,M013,south,commercial,0,98.78474390409303,91.53741467184004,True,2,-7.247329232252994,7.247329232252994,7.247329232252994,52.52378100066878,18,2,0,Q5
R0002516,2026-02-04 18:00:00,M014,east,industrial,0,68.36014667370722,67.28261198033698,True,2,-1.0775346933702394,1.0775346933702394,1.0775346933702394,1.1610810154164959,18,2,0,Q2
R0002517,2026-02-04 18:00:00,M015,north,residential,0,67.10235143509698,65.33319933130558,True,2,-1.7691521037913986,1.7691521037913986,1.7691521037913986,3.129899166349532,18,2,0,Q2
R0002518,2026-02-04 18:00:00,M016,south,commercial,0,74.62270828803285,76.1007176185167,True,2,1.478009330483843,-1.478009330483843,1.478009330483843,2.184511580997298,18,2,0,Q3
R0002519,2026-02-04 18:00:00,M017,east,industrial,0,40.74960786461197,46.04996315890646,True,2,5.300355294294491,-5.300355294294491,5.300355294294491,28.09376624575564,18,2,0,Q1
R0002520,2026-02-05 00:00:00,M000,north,residential,0,110.28086436108114,99.67778353716446,True,2,-10.603080823916684,10.603080823916684,10.603080823916684,112.42532295850971,0,3,0,Q5
R0002521,2026-02-05 00:00:00,M001,south,commercial,0,61.66606798661135,61.61753838945933,True,2,-0.04852959715202587,0.04852959715202587,0.04852959715202587,0.0023551217997379178,0,3,0,Q2
R0002522,2026-02-05 00:00:00,M002,east,industrial,0,96.87325609235228,95.27983555367906,True,2,-1.5934205386732145,1.5934205386732145,1.5934205386732145,2.5389890130656374,0,3,0,Q5
R0002523,2026-02-05 00:00:00,M003,north,residential,1,87.46373114086353,90.58704397746776,True,2,3.123312836604228,-3.123312836604228,3.123312836604228,9.75508307529675,0,3,0,Q4
R0002524,2026-02-05 00:00:00,M004,south,commercial,0,46.36907225884461,46.78155904739015,True,2,0.4124867885455359,-0.4124867885455359,0.4124867885455359,0.17014535072460962,0,3,0,Q1
R0002525,2026-02-05 00:00:00,M005,east,industrial,0,105.03247144633856,109.73354278429424,True,2,4.701071337955682,-4.701071337955682,4.701071337955682,22.100071724548425,0,3,0,Q5
R0002526,2026-02-05 00:00:00,M006,north,residential,0,103.8137068430236,95.80593350736632,True,2,-8.007773335657276,8.007773335657276,8.007773335657276,64.12443379526367,0,3,0,Q5
R0002527,2026-02-05 00:00:00,M007,south,commercial,0,78.28561938823526,73.82312482011098,True,2,-4.462494568124285,4.462494568124285,4.462494568124285,19.913857770538748,0,3,0,Q3
R0002528,2026-02-05 00:00:00,M008,east,industrial,0,56.06732092800125,52.335847559429546,True,2,-3.731473368571706,3.731473368571706,3.731473368571706,13.923893500359874,0,3,0,Q1
R0002529,2026-02-05 00:00:00,M009,north,residential,0,74.54835577207008,74.16863086807798,True,2,-0.37972490399209846,0.37972490399209846,0.37972490399209846,0.1441910027118084,0,3,0,Q3
R0002530,2026-02-05 00:00:00,M010,south,commercial,0,59.64810303857954,59.97020067550629,True,2,0.322097636926749,-0.322097636926749,0.322097636926749,0.10374688771379581,0,3,0,Q2
R0002531,2026-02-05 00:00:00,M011,east,industrial,0,105.3192422693087,104.9292891064488,True,2,-0.38995316285989645,0.38995316285989645,0.38995316285989645,0.15206346922443692,0,3,0,Q5
R0002532,2026-02-05 00:00:00,M012,north,residential,0,90.5517482730146,93.91100630890774,True,2,3.3592580358931485,-3.3592580358931485,3.3592580358931485,11.284614551712695,0,3,0,Q4
R0002533,2026-02-05 00:00:00,M013,south,commercial,0,91.07302212768693,89.2089699270811,True,2,-1.8640522006058262,1.8640522006058262,1.8640522006058262,3.4746906065834233,0,3,0,Q4
R0002534,2026-02-05 00:00:00,M014,east,industrial,0,71.92919794163676,66.69125391842005,True,2,-5.237944023216713,5.237944023216713,5.237944023216713,27.436057590351684,0,3,0,Q3
R0002535,2026-02-05 00:00:00,M015,north,residential,0,72.0425550190804,61.18786622578011,True,2,-10.854688793300284,10.854688793300284,10.854688793300284,117.82426879939877,0,3,0,Q3
R0002536,2026-02-05 00:00:00,M016,south,commercial,0,67.25508816234579,59.69772517149922,True,2,-7.557362990846563,7.557362990846563,7.557362990846563,57.11373537541731,0,3,0,Q2
R0002537,2026-02-05 00:00:00,M017,east,industrial,0,47.83819614810948,47.43632514985028,True,2,-0.4018709982591986,0.4018709982591986,0.4018709982591986,0.16150029924184478,0,3,0,Q1
R0002538,2026-02-05 06:00:00,M000,north,residential,0,100.30317641476928,91.6075361814684,True,2,-8.695640233300878,8.695640233300878,8.695640233300878,75.61415906700095,6,3,0,Q5
R0002539,2026-02-05 06:00:00,M001,south,commercial,0,58.188120477831085,60.25261639206034,True,2,2.064495914229255,-2.064495914229255,2.064495914229255,4.262143379869287,6,3,0,Q2
R0002540,2026-02-05 06:00:00,M002,east,industrial,0,101.73103336630982,94.14956193885676,True,2,-7.581471427453053,7.581471427453053,7.581471427453053,57.47870900528704,6,3,0,Q5
R0002541,2026-02-05 06:00:00,M003,north,residential,0,95.29902525509996,94.19077471529096,True,2,-1.1082505398090063,1.1082505398090063,1.1082505398090063,1.228219258986954,6,3,0,Q4
R0002542,2026-02-05 06:00:00,M004,south,commercial,0,50.70523642075872,47.64669772540329,True,2,-3.0585386953554305,3.0585386953554305,3.0585386953554305,9.354658950986499,6,3,0,Q1
R0002543,2026-02-05 06:00:00,M005,east,industrial,0,111.7843086603158,108.06796785195148,True,2,-3.716340808364322,3.716340808364322,3.716340808364322,13.81118900391398,6,3,0,Q5
R0002544,2026-02-05 06:00:00,M006,north,residential,0,98.57474683894978,92.84389691854936,True,2,-5.730849920400416,5.730849920400416,5.730849920400416,32.84264081015346,6,3,0,Q5
R0002545,2026-02-05 06:00:00,M007,south,commercial,0,77.88601136141004,81.21743408460019,True,2,3.331422723190144,-3.331422723190144,3.331422723190144,11.098377360587635,6,3,0,Q3
R0002546,2026-02-05 06:00:00,M008,east,industrial,0,59.26140266523181,53.49687710743894,True,2,-5.764525557792872,5.764525557792872,5.764525557792872,33.229754906447226,6,3,0,Q2
R0002547,2026-02-05 06:00:00,M009,north,residential,0,75.56606025445375,73.76937174900219,True,2,-1.7966885054515558,1.7966885054515558,1.7966885054515558,3.228089585621745,6,3,0,Q3
R0002548,2026-02-05 06:00:00,M010,south,commercial,0,56.73854883245602,57.82678414217564,True,2,1.0882353097196216,-1.0882353097196216,1.0882353097196216,1.1842560893205607,6,3,0,Q2
R0002549,2026-02-05 06:00:00,M011,east,industrial,0,109.31997437049536,102.46893146603436,True,2,-6.851042904460996,6.851042904460996,6.851042904460996,46.93678887876536,6,3,0,Q5
R0002550,2026-02-05 06:00:00,M012,north,residential,0,92.75827001651972,93.70318392949252,True,2,0.9449139129728081,-0.9449139129728081,0.9449139129728081,0.8928623029295836,6,3,0,Q4
R0002551,2026-02-05 06:00:00,M013,south,commercial,0,85.10819834691037,90.19414271377671,True,2,5.085944366866343,-5.085944366866343,5.085944366866343,25.86683010285949,6,3,0,Q3
R0002552,2026-02-05 06:00:00,M014,east,industrial,0,72.39356468101663,71.63736144581254,True,2,-0.7562032352040831,0.7562032352040831,0.7562032352040831,0.5718433329331217,6,3,0,Q3
R0002553,2026-02-05 06:00:00,M015,north,residential,0,68.47026707470994,64.85620868859613,True,2,-3.614058386113811,3.614058386113811,3.614058386113811,13.061418018239566,6,3,0,Q2
R0002554,2026-02-05 06:00:00,M016,south,commercial,0,63.18958888961495,64.80465002864511,True,2,1.6150611390301606,-1.6150611390301606,1.6150611390301606,2.6084224828053997,6,3,0,Q2
R0002555,2026-02-05 06:00:00,M017,east,industrial,0,44.46576910239381,48.16693076208429,True,2,3.7011616596904844,-3.7011616596904844,3.7011616596904844,13.698597631162821,6,3,0,Q1
R0002556,2026-02-05 12:00:00,M000,north,residential,0,94.33515787092604,91.77068074375364,True,2,-2.5644771271723954,2.5644771271723954,2.5644771271723954,6.576542935790382,12,3,0,Q4
R0002557,2026-02-05 12:00:00,M001,south,commercial,0,73.42426229467215,70.34577359139261,True,2,-3.0784887032795325,3.0784887032795325,3.0784887032795325,9.477092696219698,12,3,0,Q3
R0002558,2026-02-05 12:00:00,M002,east,industrial,0,94.89089299785972,88.82818921109691,True,2,-6.06270378676281,6.06270378676281,6.06270378676281,36.75637720602812,12,3,0,Q4
R0002559,2026-02-05 12:00:00,M003,north,residential,0,86.1696789241398,81.28221313080692,True,2,-4.887465793332879,4.887465793332879,4.887465793332879,23.88732188099899,12,3,0,Q3
R0002560,2026-02-05 12:00:00,M004,south,commercial,0,58.39568548631423,54.95665383017087,True,2,-3.4390316561433565,3.4390316561433565,3.4390316561433565,11.826938731956117,12,3,0,Q2
R0002561,2026-02-05 12:00:00,M005,east,industrial,0,106.67548571290791,105.5253208943328,True,2,-1.1501648185751208,1.1501648185751208,1.1501648185751208,1.3228791098879404,12,3,0,Q5
R0002562,2026-02-05 12:00:00,M006,north,residential,0,89.44224225289572,89.6196015710227,True,2,0.17735931812697459,-0.17735931812697459,0.17735931812697459,0.03145632772646537,12,3,0,Q4
R0002563,2026-02-05 12:00:00,M007,south,commercial,0,98.17079786104463,90.58790376880646,True,2,-7.582894092238178,7.582894092238178,7.582894092238178,57.50028281410066,12,3,0,Q5
R0002564,2026-02-05 12:00:00,M008,east,industrial,0,53.19980859470791,52.88477317839472,True,2,-0.31503541631319365,0.31503541631319365,0.31503541631319365,0.09924731353162725,12,3,0,Q1
R0002565,2026-02-05 12:00:00,M009,north,residential,0,67.81482360881633,71.12077434089163,True,2,3.3059507320753028,-3.3059507320753028,3.3059507320753028,10.92931024290923,12,3,0,Q2
R0002566,2026-02-05 12:00:00,M010,south,commercial,0,67.67486755292177,71.6269461236786,True,2,3.952078570756825,-3.952078570756825,3.952078570756825,15.61892502943531,12,3,0,Q2
R0002567,2026-02-05 12:00:00,M011,east,industrial,0,100.6241708529264,102.22793635049526,True,2,1.6037654975688582,-1.6037654975688582,1.6037654975688582,2.5720637711922874,12,3,0,Q5
R0002568,2026-02-05 12:00:00,M012,north,residential,0,79.4015662514506,83.14727488940177,True,2,3.745708637951168,-3.745708637951168,3.745708637951168,14.030333200421994,12,3,0,Q3
R0002569,2026-02-05 12:00:00,M013,south,commercial,0,104.6248920131938,91.63627678404583,True,2,-12.988615229147968,12.988615229147968,12.988615229147968,168.7041255708545,12,3,0,Q5
R0002570,2026-02-05 12:00:00,M014,east,industrial,0,72.77337387213656,74.14017360135091,True,2,1.3667997292143497,-1.3667997292143497,1.3667997292143497,1.8681414997804195,12,3,0,Q3
R0002571,2026-02-05 12:00:00,M015,north,residential,0,53.998978094730646,55.17079097213824,True,2,1.1718128774075964,-1.1718128774075964,1.1718128774075964,1.3731454196582706,12,3,0,Q1
R0002572,2026-02-05 12:00:00,M016,south,commercial,0,76.78103467117373,74.00662375591223,True,2,-2.774410915261498,2.774410915261498,2.774410915261498,7.697355926722144,12,3,0,Q3
R0002573,2026-02-05 12:00:00,M017,east,industrial,0,43.896243388684326,41.78783500477825,True,2,-2.108408383906074,2.108408383906074,2.108408383906074,4.445385913325422,12,3,0,Q1
R0002574,2026-02-05 18:00:00,M000,north,residential,0,102.387884402195,94.39689040530784,True,2,-7.9909939968871555,7.9909939968871555,7.9909939968871555,63.85598505828656,18,3,0,Q5
R0002575,2026-02-05 18:00:00,M001,south,commercial,0,70.20875772027064,71.55089017676104,True,2,1.342132456490404,-1.342132456490404,1.342132456490404,1.8013195307649663,18,3,0,Q2
R0002576,2026-02-05 18:00:00,M002,east,industrial,0,86.1374490509655,94.76387786159928,True,2,8.626428810633783,-8.626428810633783,8.626428810633783,74.41527402493259,18,3,0,Q3
R0002577,2026-02-05 18:00:00,M003,north,residential,0,94.28070748454007,94.46266890097122,True,2,0.18196141643115027,-0.18196141643115027,0.18196141643115027,0.033109957069630484,18,3,0,Q4
R0002578,2026-02-05 18:00:00,M004,south,commercial,0,54.13974176023264,56.54298618166341,True,2,2.40324442143077,-2.40324442143077,2.40324442143077,5.775583749138118,18,3,0,Q1
R0002579,2026-02-05 18:00:00,M005,east,industrial,0,104.870184261573,104.12473223394537,True,2,-0.7454520276276355,0.7454520276276355,0.7454520276276355,0.5556987254941531,18,3,0,Q5
R0002580,2026-02-05 18:00:00,M006,north,residential,1,84.59475514476762,86.5975033403487,True,2,2.002748195581077,-2.002748195581077,2.002748195581077,4.01100033490326,18,3,0,Q3
R0002581,2026-02-05 18:00:00,M007,south,commercial,0,98.89656497963252,90.99409589569544,True,2,-7.902469083937078,7.902469083937078,7.902469083937078,62.449017622581316,18,3,0,Q5
R0002582,2026-02-05 18:00:00,M008,east,industrial,0,48.01375393491863,51.2306083140429,True,2,3.216854379124264,-3.216854379124264,3.216854379124264,10.348152096490955,18,3,0,Q1
R0002583,2026-02-05 18:00:00,M009,north,residential,0,75.89050312656538,82.33160338468241,True,2,6.441100258117032,-6.441100258117032,6.441100258117032,41.4877725351153,18,3,0,Q3
R0002584,2026-02-05 18:00:00,M010,south,commercial,0,74.29462833999659,71.62498852218322,True,2,-2.6696398178133762,2.6696398178133762,2.6696398178133762,7.126976756854637,18,3,0,Q3
R0002585,2026-02-05 18:00:00,M011,east,industrial,0,96.45368600260144,104.62296756484308,True,2,8.169281562241636,-8.169281562241636,8.169281562241636,66.73716124318115,18,3,0,Q5
R0002586,2026-02-05 18:00:00,M012,north,residential,0,94.89904306772029,92.68269995167866,True,2,-2.216343116041628,2.216343116041628,2.216343116041628,4.912176808025113,18,3,0,Q4
R0002587,2026-02-05 18:00:00,M013,south,commercial,0,103.7042358668485,90.17344928981252,True,2,-13.530786577035983,13.530786577035983,13.530786577035983,183.08218539329712,18,3,0,Q5
R0002588,2026-02-05 18:00:00,M014,east,industrial,0,66.92892167315469,74.1547401216715,True,2,7.225818448516804,-7.225818448516804,7.225818448516804,52.2124522509258,18,3,0,Q2
R0002589,2026-02-05 18:00:00,M015,north,residential,0,66.40485907057814,58.46026864570553,True,2,-7.944590424872608,7.944590424872608,7.944590424872608,63.116517018977525,18,3,0,Q2
R0002590,2026-02-05 18:00:00,M016,south,commercial,0,77.36950947730263,73.7925736282205,True,2,-3.5769358490821332,3.5769358490821332,3.5769358490821332,12.794470068448922,18,3,0,Q3
R0002591,2026-02-05 18:00:00,M017,east,industrial,1,32.77457676456979,45.166328547265536,True,2,12.39175178269575,-12.39175178269575,12.39175178269575,153.55551224394327,18,3,0,Q1
R0002592,2026-02-06 00:00:00,M000,north,residential,0,101.20053613286092,94.81431572543876,True,2,-6.386220407422158,6.386220407422158,6.386220407422158,40.783811092175235,0,4,0,Q5
R0002593,2026-02-06 00:00:00,M001,south,commercial,0,63.23861543944025,62.31311928233061,True,2,-0.9254961571096416,0.9254961571096416,0.9254961571096416,0.8565431368247144,0,4,0,Q2
R0002594,2026-02-06 00:00:00,M002,east,industrial,0,97.20682074292812,90.13397612811929,True,2,-7.0728446148088295,7.0728446148088295,7.0728446148088295,50.02513094523026,0,4,0,Q5
R0002595,2026-02-06 00:00:00,M003,north,residential,0,92.29936487903409,94.60744109592753,True,2,2.30807621689344,-2.30807621689344,2.30807621689344,5.3272158229891335,0,4,0,Q4
R0002596,2026-02-06 00:00:00,M004,south,commercial,0,51.81167654533179,45.54547619876092,True,2,-6.266200346570869,6.266200346570869,6.266200346570869,39.265266783364886,0,4,0,Q1
R0002597,2026-02-06 00:00:00,M005,east,industrial,0,111.67567424219284,109.78139421634856,True,2,-1.8942800258442816,1.8942800258442816,1.8942800258442816,3.588296816312612,0,4,0,Q5
R0002598,2026-02-06 00:00:00,M006,north,residential,0,101.94790871041543,88.115662575975,True,2,-13.832246134440439,13.832246134440439,13.832246134440439,191.33103312374246,0,4,0,Q5
R0002599,2026-02-06 00:00:00,M007,south,commercial,0,83.36201662777353,77.42468751481492,True,2,-5.937329112958608,5.937329112958608,5.937329112958608,35.251876995585846,0,4,0,Q3
R0002600,2026-02-06 00:00:00,M008,east,industrial,0,52.87646510729804,53.12167818304008,True,2,0.24521307574204343,-0.24521307574204343,0.24521307574204343,0.06012945251487313,0,4,0,Q1
R0002601,2026-02-06 00:00:00,M009,north,residential,0,77.72869111883968,82.14949379649215,True,2,4.420802677652475,-4.420802677652475,4.420802677652475,19.54349631473929,0,4,0,Q3
R0002602,2026-02-06 00:00:00,M010,south,commercial,0,55.5655641178889,58.74139691469792,True,2,3.1758327968090256,-3.1758327968090256,3.1758327968090256,10.085913953287838,0,4,0,Q1
R0002603,2026-02-06 00:00:00,M011,east,industrial,0,102.1106245122904,106.2118704875946,True,2,4.101245975304195,-4.101245975304195,4.101245975304195,16.82021854994886,0,4,0,Q5
R0002604,2026-02-06 00:00:00,M012,north,residential,0,96.254001958398,90.25567177024811,True,2,-5.998330188149893,5.998330188149893,5.998330188149893,35.97996504607033,0,4,0,Q5
R0002605,2026-02-06 00:00:00,M013,south,commercial,0,90.89997170407928,86.97276760738664,True,2,-3.927204096692634,3.927204096692634,3.927204096692634,15.422932017079408,0,4,0,Q4
R0002606,2026-02-06 00:00:00,M014,east,industrial,0,74.96414383862682,71.26967118652053,True,2,-3.694472652106299,3.694472652106299,3.694472652106299,13.64912817716135,0,4,0,Q3
R0002607,2026-02-06 00:00:00,M015,north,residential,0,69.31350939374065,67.04475658623775,True,2,-2.268752807502892,2.268752807502892,2.268752807502892,5.147239301552255,0,4,0,Q2
R0002608,2026-02-06 00:00:00,M016,south,commercial,0,68.21315976678163,70.08871555123461,True,2,1.8755557844529847,-1.8755557844529847,1.8755557844529847,3.5177095005950507,0,4,0,Q2
R0002609,2026-02-06 00:00:00,M017,east,industrial,0,44.70113509528082,47.27644191474963,True,2,2.575306819468814,-2.575306819468814,2.575306819468814,6.632205214402578,0,4,0,Q1
R0002610,2026-02-06 06:00:00,M000,north,residential,0,102.05732453575352,91.04152445250584,True,2,-11.015800083247683,11.015800083247683,11.015800083247683,121.34785147407966,6,4,0,Q5
R0002611,2026-02-06 06:00:00,M001,south,commercial,1,53.408813933234654,59.09855056458677,True,2,5.689736631352119,-5.689736631352119,5.689736631352119,32.37310293415016,6,4,0,Q1
R0002612,2026-02-06 06:00:00,M002,east,industrial,0,94.91290633966318,84.1767090355192,True,2,-10.736197304143985,10.736197304143985,10.736197304143985,115.26593255350858,6,4,0,Q4
R0002613,2026-02-06 06:00:00,M003,north,residential,0,94.58509800837724,95.31340719772288,True,2,0.7283091893456373,-0.7283091893456373,0.7283091893456373,0.5304342752852993,6,4,0,Q4
R0002614,2026-02-06 06:00:00,M004,south,commercial,0,45.34691314202867,46.0481490765186,True,2,0.7012359344899295,-0.7012359344899295,0.7012359344899295,0.49173183581996466,6,4,0,Q1
R0002615,2026-02-06 06:00:00,M005,east,industrial,0,112.5913527618188,109.79111473876422,True,2,-2.8002380230545754,2.8002380230545754,2.8002380230545754,7.841332985760596,6,4,0,Q5
R0002616,2026-02-06 06:00:00,M006,north,residential,0,97.74782858989556,94.90772898533166,True,2,-2.8400996045639033,2.8400996045639033,2.8400996045639033,8.06616576384404,6,4,0,Q5
R0002617,2026-02-06 06:00:00,M007,south,commercial,0,81.63418212157828,82.6728015470287,True,2,1.0386194254504204,-1.0386194254504204,1.0386194254504204,1.0787303109229613,6,4,0,Q3
R0002618,2026-02-06 06:00:00,M008,east,industrial,0,57.09401149343728,54.95353189392634,True,2,-2.1404795995109396,2.1404795995109396,2.1404795995109396,4.581652915922512,6,4,0,Q2
R0002619,2026-02-06 06:00:00,M009,north,residential,0,72.67554725327787,80.34903358908645,True,2,7.673486335808576,-7.673486335808576,7.673486335808576,58.88239254584093,6,4,0,Q3
R0002620,2026-02-06 06:00:00,M010,south,commercial,0,55.73151032268359,57.24771336453048,True,2,1.516203041846893,-1.516203041846893,1.516203041846893,2.2988716641057714,6,4,0,Q1
R0002621,2026-02-06 06:00:00,M011,east,industrial,0,106.02228707334648,103.09933369948588,True,2,-2.9229533738605937,2.9229533738605937,2.9229533738605937,8.543656425763027,6,4,0,Q5
R0002622,2026-02-06 06:00:00,M012,north,residential,0,96.79726839064116,94.54895755534736,True,2,-2.2483108352938075,2.2483108352938075,2.2483108352938075,5.054901612099538,6,4,0,Q5
R0002623,2026-02-06 06:00:00,M013,south,commercial,0,96.13577891743924,78.03867185098677,True,2,-18.097107066452466,18.097107066452466,18.097107066452466,327.5052841746438,6,4,0,Q5
R0002624,2026-02-06 06:00:00,M014,east,industrial,0,77.15615777467886,73.20995208066465,True,2,-3.9462056940142105,3.9462056940142105,3.9462056940142105,15.572539379470177,6,4,0,Q3
R0002625,2026-02-06 06:00:00,M015,north,residential,0,64.41940812447676,65.21979042464257,True,2,0.8003823001658077,-0.8003823001658077,0.8003823001658077,0.6406118264187091,6,4,0,Q2
R0002626,2026-02-06 06:00:00,M016,south,commercial,0,63.18970878455748,68.64589495271727,True,2,5.456186168159789,-5.456186168159789,5.456186168159789,29.7699675016182,6,4,0,Q2
R0002627,2026-02-06 06:00:00,M017,east,industrial,0,48.73889191279522,46.39127094282785,True,2,-2.347620969967366,2.347620969967366,2.347620969967366,5.5113242186305165,6,4,0,Q1
R0002628,2026-02-06 12:00:00,M000,north,residential,0,86.755423262935,86.46290337664793,True,2,-0.29251988628706727,0.29251988628706727,0.29251988628706727,0.08556788387339877,12,4,0,Q3
R0002629,2026-02-06 12:00:00,M001,south,commercial,0,75.53022740683055,70.8354977386623,True,2,-4.69472966816825,4.69472966816825,4.69472966816825,22.04048665717917,12,4,0,Q3
R0002630,2026-02-06 12:00:00,M002,east,industrial,0,88.17409685355175,89.37881940110529,True,2,1.2047225475535441,-1.2047225475535441,1.2047225475535441,1.4513564165839015,12,4,0,Q4
R0002631,2026-02-06 12:00:00,M003,north,residential,0,86.07929895918852,84.21961850413592,True,2,-1.8596804550525974,1.8596804550525974,1.8596804550525974,3.4584113949046356,12,4,0,Q3
R0002632,2026-02-06 12:00:00,M004,south,commercial,0,60.29878191006013,56.43798965343538,True,2,-3.860792256624748,3.860792256624748,3.860792256624748,14.905716848813615,12,4,0,Q2
R0002633,2026-02-06 12:00:00,M005,east,industrial,0,104.73883076426364,103.9304189237052,True,2,-0.8084118405584348,0.8084118405584348,0.8084118405584348,0.6535297039550763,12,4,0,Q5
R0002634,2026-02-06 12:00:00,M006,north,residential,0,89.36926172742167,86.67511573574144,True,2,-2.69414599168023,2.69414599168023,2.69414599168023,7.258422624486651,12,4,0,Q4
R0002635,2026-02-06 12:00:00,M007,south,commercial,0,92.7912070606221,90.34042608428268,True,2,-2.4507809763394164,2.4507809763394164,2.4507809763394164,6.006327393987183,12,4,0,Q4
R0002636,2026-02-06 12:00:00,M008,east,industrial,0,52.19816132855298,53.13400807445819,True,2,0.9358467459052093,-0.9358467459052093,0.9358467459052093,0.8758091318213694,12,4,0,Q1
R0002637,2026-02-06 12:00:00,M009,north,residential,0,69.49634370766117,79.73266899050007,True,2,10.236325282838905,-10.236325282838905,10.236325282838905,104.78235529608699,12,4,0,Q2
R0002638,2026-02-06 12:00:00,M010,south,commercial,0,72.67242766884435,71.25585727844197,True,2,-1.4165703904023843,1.4165703904023843,1.4165703904023843,2.0066716709647636,12,4,0,Q3
R0002639,2026-02-06 12:00:00,M011,east,industrial,0,95.63426008198552,90.96657150881694,True,2,-4.667688573168576,4.667688573168576,4.667688573168576,21.787316616088496,12,4,0,Q4
R0002640,2026-02-06 12:00:00,M012,north,residential,0,85.79606315794126,84.35996733782082,True,2,-1.4360958201204426,1.4360958201204426,1.4360958201204426,2.0623712045674067,12,4,0,Q3
R0002641,2026-02-06 12:00:00,M013,south,commercial,0,99.21841042718084,90.16015846580632,True,2,-9.058251961374523,9.058251961374523,9.058251961374523,82.0519285957454,12,4,0,Q5
R0002642,2026-02-06 12:00:00,M014,east,industrial,0,67.36492167319973,70.8923660002188,True,2,3.5274443270190687,-3.5274443270190687,3.5274443270190687,12.44286348021901,12,4,0,Q2
R0002643,2026-02-06 12:00:00,M015,north,residential,0,55.471754025737184,54.13100369661552,True,2,-1.3407503291216614,1.3407503291216614,1.3407503291216614,1.7976114450398433,12,4,0,Q1
R0002644,2026-02-06 12:00:00,M016,south,commercial,0,76.44653688668765,72.19212945909521,True,2,-4.25440742759244,4.25440742759244,4.25440742759244,18.099982559953723,12,4,0,Q3
R0002645,2026-02-06 12:00:00,M017,east,industrial,0,40.94726817133096,45.085702394511365,True,2,4.138434223180404,-4.138434223180404,4.138434223180404,17.126637819590794,12,4,0,Q1
R0002646,2026-02-06 18:00:00,M000,north,residential,0,98.14868528443616,85.2327614827814,True,2,-12.915923801654756,12.915923801654756,12.915923801654756,166.82108765015184,18,4,0,Q5
R0002647,2026-02-06 18:00:00,M001,south,commercial,0,74.03042678786029,71.26297420811075,True,2,-2.767452579749545,2.767452579749545,2.767452579749545,7.6587937811624105,18,4,0,Q3
R0002648,2026-02-06 18:00:00,M002,east,industrial,0,93.15933819095476,94.0561527927835,True,2,0.8968146018287371,-0.8968146018287371,0.8968146018287371,0.8042764300532362,18,4,0,Q4
R0002649,2026-02-06 18:00:00,M003,north,residential,0,94.05671742444424,93.52905580566956,True,2,-0.5276616187746868,0.5276616187746868,0.5276616187746868,0.27842678392792286,18,4,0,Q4
R0002650,2026-02-06 18:00:00,M004,south,commercial,0,65.13160844810203,54.15793696888295,True,2,-10.973671479219078,10.973671479219078,10.973671479219078,120.42146573382622,18,4,0,Q2
R0002651,2026-02-06 18:00:00,M005,east,industrial,1,91.77137484414835,106.8703414334322,True,2,15.098966589283847,-15.098966589283847,15.098966589283847,227.97879206430989,18,4,0,Q4
R0002652,2026-02-06 18:00:00,M006,north,residential,0,93.24739253958512,94.01924359110508,True,2,0.7718510515199597,-0.7718510515199597,0.7718510515199597,0.5957540457324675,18,4,0,Q4
R0002653,2026-02-06 18:00:00,M007,south,commercial,0,93.26499547304634,82.99094463298357,True,2,-10.27405084006277,10.27405084006277,10.27405084006277,105.55612066419452,18,4,0,Q4
R0002654,2026-02-06 18:00:00,M008,east,industrial,0,55.24724171816301,50.14920271504788,True,2,-5.098039003115133,5.098039003115133,5.098039003115133,25.99000167728314,18,4,0,Q1
R0002655,2026-02-06 18:00:00,M009,north,residential,0,77.21748259493599,72.5598916593491,True,2,-4.657590935586882,4.657590935586882,4.657590935586882,21.693153323261082,18,4,0,Q3
R0002656,2026-02-06 18:00:00,M010,south,commercial,0,70.7863039397197,74.8738750327036,True,2,4.087571092983893,-4.087571092983893,4.087571092983893,16.70823744019754,18,4,0,Q2
R0002657,2026-02-06 18:00:00,M011,east,industrial,1,90.97663621327943,95.55362443208338,True,2,4.5769882188039475,-4.5769882188039475,4.5769882188039475,20.94882115507013,18,4,0,Q4
R0002658,2026-02-06 18:00:00,M012,north,residential,0,96.5963601963804,92.34039501305116,True,2,-4.255965183329238,4.255965183329238,4.255965183329238,18.113239641710674,18,4,0,Q5
R0002659,2026-02-06 18:00:00,M013,south,commercial,0,100.20347285537242,93.43187939603727,True,2,-6.7715934593351506,6.7715934593351506,6.7715934593351506,45.854477978510594,18,4,0,Q5
R0002660,2026-02-06 18:00:00,M014,east,industrial,0,65.86985625107062,72.67013561134668,True,2,6.800279360276065,-6.800279360276065,6.800279360276065,46.24379937779664,18,4,0,Q2
R0002661,2026-02-06 18:00:00,M015,north,residential,0,64.81039905850628,66.23986531990884,True,2,1.4294662614025668,-1.4294662614025668,1.4294662614025668,2.0433737924882314,18,4,0,Q2
R0002662,2026-02-06 18:00:00,M016,south,commercial,0,75.639246507824,71.72905472197809,True,2,-3.9101917858459103,3.9101917858459103,3.9101917858459103,15.289599802096829,18,4,0,Q3
R0002663,2026-02-06 18:00:00,M017,east,industrial,0,42.08062561440238,44.57934839694356,True,2,2.4987227825411793,-2.4987227825411793,2.4987227825411793,6.243615543990334,18,4,0,Q1
R0002664,2026-02-07 00:00:00,M000,north,residential,0,107.0971342738512,87.48770723863299,True,2,-19.609427035218204,19.609427035218204,19.609427035218204,384.52962864954657,0,5,1,Q5
R0002665,2026-02-07 00:00:00,M001,south,commercial,0,52.06526328256912,52.6436300903846,True,2,0.5783668078154776,-0.5783668078154776,0.5783668078154776,0.33450816438266556,0,5,1,Q1
R0002666,2026-02-07 00:00:00,M002,east,industrial,0,102.11760064504924,95.26860738535314,True,2,-6.848993259696101,6.848993259696101,6.848993259696101,46.908708671362625,0,5,1,Q5
R0002667,2026-02-07 00:00:00,M003,north,residential,0,101.28001145247131,94.09254948062014,True,2,-7.187461971851178,7.187461971851178,7.187461971851178,51.659609596806824,0,5,1,Q5
R0002668,2026-02-07 00:00:00,M004,south,commercial,0,45.98738794038472,45.61558722634588,True,2,-0.37180071403884085,0.37180071403884085,0.37180071403884085,0.13823577095979192,0,5,1,Q1
R0002669,2026-02-07 00:00:00,M005,east,industrial,0,113.6449408323427,110.17857120626864,True,2,-3.466369626074055,3.466369626074055,3.466369626074055,12.015718384568784,0,5,1,Q5
R0002670,2026-02-07 00:00:00,M006,north,residential,0,102.1049344632642,95.18636083582422,True,2,-6.918573627439983,6.918573627439983,6.918573627439983,47.866661038308045,0,5,1,Q5
R0002671,2026-02-07 00:00:00,M007,south,commercial,0,76.70575870298657,77.580493456486,True,2,0.8747347534994248,-0.8747347534994248,0.8747347534994248,0.7651608889796994,0,5,1,Q3
R0002672,2026-02-07 00:00:00,M008,east,industrial,0,54.72792907792752,53.71164938805058,True,2,-1.0162796898769386,1.0162796898769386,1.0162796898769386,1.0328244080563664,0,5,1,Q1
R0002673,2026-02-07 00:00:00,M009,north,residential,0,80.11632888291561,73.86759734318174,True,2,-6.248731539733868,6.248731539733868,6.248731539733868,39.04664585566479,0,5,1,Q3
R0002674,2026-02-07 00:00:00,M010,south,commercial,0,49.98823666850075,60.73935439083156,True,2,10.751117722330811,-10.751117722330811,10.751117722330811,115.58653227941565,0,5,1,Q1
R0002675,2026-02-07 00:00:00,M011,east,industrial,0,112.31841127912928,97.73141847527144,True,2,-14.58699280385784,14.58699280385784,14.58699280385784,212.7803590598004,0,5,1,Q5
R0002676,2026-02-07 00:00:00,M012,north,residential,0,99.57519511788608,91.50533943812684,True,2,-8.069855679759243,8.069855679759243,8.069855679759243,65.12257069214252,0,5,1,Q5
R0002677,2026-02-07 00:00:00,M013,south,commercial,0,84.56413750685489,80.96964084049696,True,2,-3.5944966663579265,3.5944966663579265,3.5944966663579265,12.920406284458247,0,5,1,Q3
R0002678,2026-02-07 00:00:00,M014,east,industrial,0,70.6592844190189,72.41444991835479,True,2,1.755165499335888,-1.755165499335888,1.755165499335888,3.080605930058997,0,5,1,Q2
R0002679,2026-02-07 00:00:00,M015,north,residential,0,72.30654397263464,66.03240332120419,True,2,-6.274140651430457,6.274140651430457,6.274140651430457,39.3648409139322,0,5,1,Q3
R0002680,2026-02-07 00:00:00,M016,south,commercial,0,57.051891966438326,64.77640552343914,True,2,7.724513557000812,-7.724513557000812,7.724513557000812,59.668109692289335,0,5,1,Q2
R0002681,2026-02-07 00:00:00,M017,east,industrial,0,46.93311398685336,47.94896903319815,True,2,1.0158550463447966,-1.0158550463447966,1.0158550463447966,1.0319614751841888,0,5,1,Q1
R0002682,2026-02-07 06:00:00,M000,north,residential,0,103.73836107463374,83.06992165381047,True,2,-20.668439420823276,20.668439420823276,20.668439420823276,427.1843880922416,6,5,1,Q5
R0002683,2026-02-07 06:00:00,M001,south,commercial,0,55.38513957598481,51.44033879438518,True,2,-3.944800781599632,3.944800781599632,3.944800781599632,15.561453206509068,6,5,1,Q1
R0002684,2026-02-07 06:00:00,M002,east,industrial,0,96.3642575075257,93.64414813995946,True,2,-2.720109367566252,2.720109367566252,2.720109367566252,7.398994971521676,6,5,1,Q5
R0002685,2026-02-07 06:00:00,M003,north,residential,0,94.24633769256168,92.34100968933606,True,2,-1.9053280032256197,1.9053280032256197,1.9053280032256197,3.630274799875727,6,5,1,Q4
R0002686,2026-02-07 06:00:00,M004,south,commercial,0,44.55957470058578,46.31528260638496,True,2,1.7557079057991842,-1.7557079057991842,1.7557079057991842,3.082510250485757,6,5,1,Q1
R0002687,2026-02-07 06:00:00,M005,east,industrial,0,113.24918366976266,109.89879243315627,True,2,-3.3503912366063844,3.3503912366063844,3.3503912366063844,11.225121438328857,6,5,1,Q5
R0002688,2026-02-07 06:00:00,M006,north,residential,0,105.49805011455712,92.13860541688938,True,2,-13.35944469766774,13.35944469766774,13.35944469766774,178.4747626300427,6,5,1,Q5
R0002689,2026-02-07 06:00:00,M007,south,commercial,0,73.4333858729342,77.36174042428625,True,2,3.928354551352058,-3.928354551352058,3.928354551352058,15.431969481128428,6,5,1,Q3
R0002690,2026-02-07 06:00:00,M008,east,industrial,0,57.52193505703488,54.12118514881541,True,2,-3.400749908219474,3.400749908219474,3.400749908219474,11.565099938254761,6,5,1,Q2
R0002691,2026-02-07 06:00:00,M009,north,residential,0,78.97719845527745,75.7531198467178,True,2,-3.224078608559651,3.224078608559651,3.224078608559651,10.394682874171936,6,5,1,Q3
R0002692,2026-02-07 06:00:00,M010,south,commercial,0,53.57833525835186,61.81308786504712,True,2,8.23475260669526,-8.23475260669526,8.23475260669526,67.81115049347437,6,5,1,Q1
R0002693,2026-02-07 06:00:00,M011,east,industrial,0,112.73673934312356,85.13949442971762,True,2,-27.597244913405945,27.597244913405945,27.597244913405945,761.6079268105103,6,5,1,Q5
R0002694,2026-02-07 06:00:00,M012,north,residential,0,101.99622061084548,92.84426750005989,True,2,-9.151953110785598,9.151953110785598,9.151953110785598,83.75824574201819,6,5,1,Q5
R0002695,2026-02-07 06:00:00,M013,south,commercial,0,79.88157188999234,77.99924465662131,True,2,-1.8823272333710293,1.8823272333710293,1.8823272333710293,3.543155813490233,6,5,1,Q3
R0002696,2026-02-07 06:00:00,M014,east,industrial,0,73.40193001469231,73.4844518832785,True,2,0.08252186858618415,-0.08252186858618415,0.08252186858618415,0.006809858794955447,6,5,1,Q3
R0002697,2026-02-07 06:00:00,M015,north,residential,0,72.28982492793578,68.25718088703462,True,2,-4.032644040901161,4.032644040901161,4.032644040901161,16.262217960615644,6,5,1,Q3
R0002698,2026-02-07 06:00:00,M016,south,commercial,0,62.32606781394514,60.31115472978364,True,2,-2.014913084161499,2.014913084161499,2.014913084161499,4.059874736725204,6,5,1,Q2
R0002699,2026-02-07 06:00:00,M017,east,industrial,0,53.71430058141785,47.24188291788939,True,2,-6.472417663528461,6.472417663528461,6.472417663528461,41.89219041115522,6,5,1,Q1
R0002700,2026-02-07 12:00:00,M000,north,residential,0,90.29766318878596,74.78372962411623,True,2,-15.513933564669728,15.513933564669728,15.513933564669728,240.68213464898596,12,5,1,Q4
R0002701,2026-02-07 12:00:00,M001,south,commercial,0,69.4486894135013,71.25326980161678,True,2,1.8045803881154825,-1.8045803881154825,1.8045803881154825,3.2565103771710255,12,5,1,Q2
R0002702,2026-02-07 12:00:00,M002,east,industrial,0,96.51324584765472,89.1759113989932,True,2,-7.337334448661522,7.337334448661522,7.337334448661522,53.836476811515084,12,5,1,Q5
R0002703,2026-02-07 12:00:00,M003,north,residential,0,87.14052940416555,88.46070222112522,True,2,1.3201728169596691,-1.3201728169596691,1.3201728169596691,1.742856266639228,12,5,1,Q4
R0002704,2026-02-07 12:00:00,M004,south,commercial,0,51.53222861509303,49.66242224613699,True,2,-1.8698063689560414,1.8698063689560414,1.8698063689560414,3.4961758573885757,12,5,1,Q1
R0002705,2026-02-07 12:00:00,M005,east,industrial,0,106.09761800595676,103.54572550112933,True,2,-2.5518925048274355,2.5518925048274355,2.5518925048274355,6.512155356194443,12,5,1,Q5
R0002706,2026-02-07 12:00:00,M006,north,residential,0,87.3907454366051,90.20406910093926,True,2,2.8133236643341633,-2.8133236643341633,2.8133236643341633,7.914790040302604,12,5,1,Q4
R0002707,2026-02-07 12:00:00,M007,south,commercial,0,87.13368165181113,88.66198181752752,True,2,1.528300165716388,-1.528300165716388,1.528300165716388,2.335701396528739,12,5,1,Q4
R0002708,2026-02-07 12:00:00,M008,east,industrial,0,51.169590936234286,52.50168926974014,True,2,1.3320983335058543,-1.3320983335058543,1.3320983335058543,1.774485970129074,12,5,1,Q1
R0002709,2026-02-07 12:00:00,M009,north,residential,1,52.56534817558087,68.68172904295247,True,2,16.116380867371596,-16.116380867371596,16.116380867371596,259.7377322621812,12,5,1,Q1
R0002710,2026-02-07 12:00:00,M010,south,commercial,0,65.7062595103086,68.52605514457518,True,2,2.8197956342665833,-2.8197956342665833,2.8197956342665833,7.951247419028883,12,5,1,Q2
R0002711,2026-02-07 12:00:00,M011,east,industrial,0,102.56705554235972,93.64140270004069,True,2,-8.925652842319039,8.925652842319039,8.925652842319039,79.66727866159793,12,5,1,Q5
R0002712,2026-02-07 12:00:00,M012,north,residential,0,89.7380239047354,89.33627152654496,True,2,-0.4017523781904373,0.4017523781904373,0.4017523781904373,0.16140497338167215,12,5,1,Q4
R0002713,2026-02-07 12:00:00,M013,south,commercial,0,94.90881378042874,86.16824045672185,True,2,-8.740573323706897,8.740573323706897,8.740573323706897,76.39762202709663,12,5,1,Q4
R0002714,2026-02-07 12:00:00,M014,east,industrial,0,74.67051600437667,70.00257641132451,True,2,-4.667939593052154,4.667939593052154,4.667939593052154,21.789660044383908,12,5,1,Q3
R0002715,2026-02-07 12:00:00,M015,north,residential,0,62.20280419612289,62.80390534540132,True,2,0.6011011492784277,-0.6011011492784277,0.6011011492784277,0.36132259166384667,12,5,1,Q2
R0002716,2026-02-07 12:00:00,M016,south,commercial,0,67.72632305557023,69.52832511741849,True,2,1.8020020618482562,-1.8020020618482562,1.8020020618482562,3.2472114309053666,12,5,1,Q2
R0002717,2026-02-07 12:00:00,M017,east,industrial,0,41.93966101361097,45.5378821536502,True,2,3.5982211400392288,-3.5982211400392288,3.5982211400392288,12.947195372625208,12,5,1,Q1
R0002718,2026-02-07 18:00:00,M000,north,residential,0,103.67111302667853,83.72281790482798,True,2,-19.94829512185055,19.94829512185055,19.94829512185055,397.9344782684464,18,5,1,Q5
R0002719,2026-02-07 18:00:00,M001,south,commercial,0,71.3714082104362,68.8722409866942,True,2,-2.499167223742006,2.499167223742006,2.499167223742006,6.245836812226327,18,5,1,Q3
R0002720,2026-02-07 18:00:00,M002,east,industrial,0,99.13802683043356,94.80399463125772,True,2,-4.334032199175837,4.334032199175837,4.334032199175837,18.783835103492944,18,5,1,Q5
R0002721,2026-02-07 18:00:00,M003,north,residential,0,95.3092404922172,90.83651806094478,True,2,-4.472722431272416,4.472722431272416,4.472722431272416,20.00524594720743,18,5,1,Q4
R0002722,2026-02-07 18:00:00,M004,south,commercial,0,47.10590278707747,48.85379110864684,True,2,1.74788832156937,-1.74788832156937,1.74788832156937,3.055113584678589,18,5,1,Q1
R0002723,2026-02-07 18:00:00,M005,east,industrial,0,107.82823974031014,106.69763217634448,True,2,-1.130607563965654,1.130607563965654,1.130607563965654,1.2782734636963506,18,5,1,Q5
R0002724,2026-02-07 18:00:00,M006,north,residential,0,99.1174513536461,89.08304097548142,True,2,-10.03441037816468,10.03441037816468,10.03441037816468,100.68939163741902,18,5,1,Q5
R0002725,2026-02-07 18:00:00,M007,south,commercial,0,92.82800415953676,88.36325241642605,True,2,-4.46475174311071,4.46475174311071,4.46475174311071,19.934008127610127,18,5,1,Q4
R0002726,2026-02-07 18:00:00,M008,east,industrial,0,54.43432321239186,49.9203441988833,True,2,-4.5139790135085605,4.5139790135085605,4.5139790135085605,20.376006534395717,18,5,1,Q1
R0002727,2026-02-07 18:00:00,M009,north,residential,0,80.5226489695668,72.9949372711395,True,2,-7.5277116984272965,7.5277116984272965,7.5277116984272965,56.666443414639176,18,5,1,Q3
R0002728,2026-02-07 18:00:00,M010,south,commercial,0,63.70861023262479,69.10130934734933,True,2,5.392699114724536,-5.392699114724536,5.392699114724536,29.081203741950794,18,5,1,Q2
R0002729,2026-02-07 18:00:00,M011,east,industrial,0,97.17020005189464,98.5051043848975,True,2,1.3349043330028678,-1.3349043330028678,1.3349043330028678,1.7819695782698315,18,5,1,Q5
R0002730,2026-02-07 18:00:00,M012,north,residential,0,95.95738334917888,83.91313000111532,True,2,-12.044253348063563,12.044253348063563,12.044253348063563,145.06403871234036,18,5,1,Q5
R0002731,2026-02-07 18:00:00,M013,south,commercial,0,92.74276346987486,89.11765862678116,True,2,-3.6251048430936947,3.6251048430936947,3.6251048430936947,13.141385123421362,18,5,1,Q4
R0002732,2026-02-07 18:00:00,M014,east,industrial,0,74.32712680623149,71.96516839125415,True,2,-2.3619584149773374,2.3619584149773374,2.3619584149773374,5.578847554082256,18,5,1,Q3
R0002733,2026-02-07 18:00:00,M015,north,residential,0,62.78820505070364,63.51646871940042,True,2,0.7282636686967834,-0.7282636686967834,0.7282636686967834,0.5303679711436983,18,5,1,Q2
R0002734,2026-02-07 18:00:00,M016,south,commercial,0,73.51890157515129,69.96668231976787,True,2,-3.55221925538342,3.55221925538342,3.55221925538342,12.61826163831674,18,5,1,Q3
R0002735,2026-02-07 18:00:00,M017,east,industrial,0,45.91386793075292,44.83827926143145,True,2,-1.0755886693214691,1.0755886693214691,1.0755886693214691,1.1568909855727287,18,5,1,Q1
R0002736,2026-02-08 00:00:00,M000,north,residential,0,103.61041705383344,89.02244076814073,True,2,-14.587976285692719,14.587976285692719,14.587976285692719,212.80905211193314,0,6,1,Q5
R0002737,2026-02-08 00:00:00,M001,south,commercial,0,52.06777231104991,61.541375874395605,True,2,9.473603563345698,-9.473603563345698,9.473603563345698,89.7491644754363,0,6,1,Q1
R0002738,2026-02-08 00:00:00,M002,east,industrial,0,96.17443242101382,95.81939580172045,True,2,-0.35503661929337227,0.35503661929337227,0.35503661929337227,0.12605100103926695,0,6,1,Q5
R0002739,2026-02-08 00:00:00,M003,north,residential,0,97.50102636579696,96.1359166842634,True,2,-1.3651096815335535,1.3651096815335535,1.3651096815335535,1.8635244426166397,0,6,1,Q5
R0002740,2026-02-08 00:00:00,M004,south,commercial,0,39.300490845674105,47.73250871069727,True,2,8.432017865023163,-8.432017865023163,8.432017865023163,71.09892527606978,0,6,1,Q1
R0002741,2026-02-08 00:00:00,M005,east,industrial,0,115.931165269458,108.88972178649875,True,2,-7.041443482959252,7.041443482959252,7.041443482959252,49.581926323709325,0,6,1,Q5
R0002742,2026-02-08 00:00:00,M006,north,residential,0,100.14013265656212,93.08168769180844,True,2,-7.058444964753676,7.058444964753676,7.058444964753676,49.82164532045652,0,6,1,Q5
R0002743,2026-02-08 00:00:00,M007,south,commercial,0,75.44287198362102,80.90927202169222,True,2,5.4664000380712,-5.4664000380712,5.4664000380712,29.88152937622481,0,6,1,Q3
R0002744,2026-02-08 00:00:00,M008,east,industrial,0,52.99710525974309,52.08075490969421,True,2,-0.9163503500488801,0.9163503500488801,0.9163503500488801,0.8396979640347051,0,6,1,Q1
R0002745,2026-02-08 00:00:00,M009,north,residential,0,80.85933396115634,74.88854036652641,True,2,-5.970793594629924,5.970793594629924,5.970793594629924,35.65037614967373,0,6,1,Q3
R0002746,2026-02-08 00:00:00,M010,south,commercial,0,44.481005636402,62.16083493622726,True,2,17.679829299825258,-17.679829299825258,17.679829299825258,312.57636407095964,0,6,1,Q1
R0002747,2026-02-08 00:00:00,M011,east,industrial,0,112.45607164630182,97.97199148191324,True,2,-14.484080164388587,14.484080164388587,14.484080164388587,209.7885782084349,0,6,1,Q5
R0002748,2026-02-08 00:00:00,M012,north,residential,0,98.26989374886494,87.58422079333694,True,2,-10.685672955528005,10.685672955528005,10.685672955528005,114.18360651250262,0,6,1,Q5
R0002749,2026-02-08 00:00:00,M013,south,commercial,0,77.25272902939709,80.34900162504053,True,2,3.096272595643441,-3.096272595643441,3.096272595643441,9.586903986532572,0,6,1,Q3
R0002750,2026-02-08 00:00:00,M014,east,industrial,0,73.55780364389602,71.62641633160534,True,2,-1.9313873122906813,1.9313873122906813,1.9313873122906813,3.7302569500774214,0,6,1,Q3
R0002751,2026-02-08 00:00:00,M015,north,residential,0,68.02236872720293,66.44322919714774,True,2,-1.579139530055187,1.579139530055187,1.579139530055187,2.4936816553829164,0,6,1,Q2
R0002752,2026-02-08 00:00:00,M016,south,commercial,0,54.77578513381661,53.61519881230456,True,2,-1.1605863215120493,1.1605863215120493,1.1605863215120493,1.34696060968087,0,6,1,Q1
R0002753,2026-02-08 00:00:00,M017,east,industrial,0,48.92640725424796,47.55749290748868,True,2,-1.3689143467592828,1.3689143467592828,1.3689143467592828,1.873926488763394,0,6,1,Q1
R0002754,2026-02-08 06:00:00,M000,north,residential,0,102.1926184081524,95.28918012199294,True,2,-6.9034382861594565,6.9034382861594565,6.9034382861594565,47.657460170812215,6,6,1,Q5
R0002755,2026-02-08 06:00:00,M001,south,commercial,0,52.320393150336365,60.08147722160575,True,2,7.761084071269387,-7.761084071269387,7.761084071269387,60.23442596131141,6,6,1,Q1
R0002756,2026-02-08 06:00:00,M002,east,industrial,0,99.11948723241436,94.61204024433742,True,2,-4.507446988076936,4.507446988076936,4.507446988076936,20.31707835032384,6,6,1,Q5
R0002757,2026-02-08 06:00:00,M003,north,residential,0,100.31881177098631,94.35077174522752,True,2,-5.968040025758796,5.968040025758796,5.968040025758796,35.61750174905905,6,6,1,Q5
R0002758,2026-02-08 06:00:00,M004,south,commercial,0,44.353683935919335,46.30290239168572,True,2,1.9492184557663847,-1.9492184557663847,1.9492184557663847,3.7994525883002894,6,6,1,Q1
R0002759,2026-02-08 06:00:00,M005,east,industrial,1,101.96488328533196,110.2405630248192,True,2,8.27567973948723,-8.27567973948723,8.27567973948723,68.48687515055944,6,6,1,Q5
R0002760,2026-02-08 06:00:00,M006,north,residential,0,101.43911239785326,95.7139631498178,True,2,-5.725149248035464,5.725149248035464,5.725149248035464,32.777333912281044,6,6,1,Q5
R0002761,2026-02-08 06:00:00,M007,south,commercial,0,70.50712471006287,77.85212101283852,True,2,7.344996302775655,-7.344996302775655,7.344996302775655,53.94897068778805,6,6,1,Q2
R0002762,2026-02-08 06:00:00,M008,east,industrial,0,59.37040741558679,53.92316726508524,True,2,-5.44724015050155,5.44724015050155,5.44724015050155,29.672425257236146,6,6,1,Q2
R0002763,2026-02-08 06:00:00,M009,north,residential,0,79.2208670546682,76.23750231204629,True,2,-2.983364742621916,2.983364742621916,2.983364742621916,8.900465187519531,6,6,1,Q3
R0002764,2026-02-08 06:00:00,M010,south,commercial,0,49.07146242811282,59.14470468188328,True,2,10.073242253770466,-10.073242253770466,10.073242253770466,101.4702095031467,6,6,1,Q1
R0002765,2026-02-08 06:00:00,M011,east,industrial,0,108.50574285338608,97.46267473431428,True,2,-11.043068119071805,11.043068119071805,11.043068119071805,121.94935348246008,6,6,1,Q5
R0002766,2026-02-08 06:00:00,M012,north,residential,0,100.68547727879928,91.74385766679188,True,2,-8.9416196120074,8.9416196120074,8.9416196120074,79.95256128583537,6,6,1,Q5
R0002767,2026-02-08 06:00:00,M013,south,commercial,0,78.7708783300127,85.8904867658901,True,2,7.119608435877396,-7.119608435877396,7.119608435877396,50.68882428021658,6,6,1,Q3
R0002768,2026-02-08 06:00:00,M014,east,industrial,0,79.10799054480508,73.65979775598643,True,2,-5.448192788818645,5.448192788818645,5.448192788818645,29.68280466413548,6,6,1,Q3
R0002769,2026-02-08 06:00:00,M015,north,residential,0,69.77304553743954,65.87079186820891,True,2,-3.9022536692306318,3.9022536692306318,3.9022536692306318,15.22758369902393,6,6,1,Q2
R0002770,2026-02-08 06:00:00,M016,south,commercial,0,61.613494566563695,56.76111083669457,True,2,-4.852383729869125,4.852383729869125,4.852383729869125,23.5456278618986,6,6,1,Q2
R0002771,2026-02-08 06:00:00,M017,east,industrial,0,51.591381179905824,46.907596781596254,True,2,-4.6837843983095695,4.6837843983095695,4.6837843983095695,21.937836289848136,6,6,1,Q1
R0002772,2026-02-08 12:00:00,M000,north,residential,0,94.44086303719575,88.4674475988406,True,2,-5.973415438355161,5.973415438355161,5.973415438355161,35.68169199917978,12,6,1,Q4
R0002773,2026-02-08 12:00:00,M001,south,commercial,0,67.3786660071626,66.00680828178376,True,2,-1.371857725378831,1.371857725378831,1.371857725378831,1.8819936186815804,12,6,1,Q2
R0002774,2026-02-08 12:00:00,M002,east,industrial,0,97.10068898060332,92.6812392641784,True,2,-4.419449716424921,4.419449716424921,4.419449716424921,19.531535796008317,12,6,1,Q5
R0002775,2026-02-08 12:00:00,M003,north,residential,0,83.02202854483028,84.42205189812127,True,2,1.4000233532909903,-1.4000233532909903,1.4000233532909903,1.960065389760149,12,6,1,Q3
R0002776,2026-02-08 12:00:00,M004,south,commercial,0,50.64560126776365,48.8824395657909,True,2,-1.7631617019727557,1.7631617019727557,1.7631617019727557,3.1087391873034647,12,6,1,Q1
R0002777,2026-02-08 12:00:00,M005,east,industrial,0,106.68743481805105,103.87730738292314,True,2,-2.81012743512791,2.81012743512791,2.81012743512791,7.8968162016585675,12,6,1,Q5
R0002778,2026-02-08 12:00:00,M006,north,residential,0,87.73393903442353,84.4260058488338,True,2,-3.3079331855897323,3.3079331855897323,3.3079331855897323,10.942421960325834,12,6,1,Q4
R0002779,2026-02-08 12:00:00,M007,south,commercial,0,86.92375834598899,84.54920139544889,True,2,-2.3745569505400965,2.3745569505400965,2.3745569505400965,5.638520711358282,12,6,1,Q4
R0002780,2026-02-08 12:00:00,M008,east,industrial,0,54.37131639432634,57.72395698153418,True,2,3.352640587207837,-3.352640587207837,3.352640587207837,11.24019890699331,12,6,1,Q1
R0002781,2026-02-08 12:00:00,M009,north,residential,0,69.3934410681572,67.06774841384969,True,2,-2.3256926543075167,2.3256926543075167,2.3256926543075167,5.408846322299943,12,6,1,Q2
R0002782,2026-02-08 12:00:00,M010,south,commercial,0,67.00089832599288,70.82408082532655,True,2,3.8231824993336687,-3.8231824993336687,3.8231824993336687,14.616724423211238,12,6,1,Q2
R0002783,2026-02-08 12:00:00,M011,east,industrial,0,98.62908335290636,99.6522760002468,True,2,1.0231926473404371,-1.0231926473404371,1.0231926473404371,1.0469231935715322,12,6,1,Q5
R0002784,2026-02-08 12:00:00,M012,north,residential,0,86.77809296757489,83.47362515902249,True,2,-3.3044678085524026,3.3044678085524026,3.3044678085524026,10.919507497759119,12,6,1,Q3
R0002785,2026-02-08 12:00:00,M013,south,commercial,0,94.40934499485464,87.73452932604164,True,2,-6.674815668812997,6.674815668812997,6.674815668812997,44.55316421263149,12,6,1,Q4
R0002786,2026-02-08 12:00:00,M014,east,industrial,0,74.71120436147035,70.61577343625501,True,2,-4.095430925215339,4.095430925215339,4.095430925215339,16.77255446321017,12,6,1,Q3
R0002787,2026-02-08 12:00:00,M015,north,residential,0,60.49331872093998,62.88164689905743,True,2,2.3883281781174475,-2.3883281781174475,2.3883281781174475,5.704111486389806,12,6,1,Q2
R0002788,2026-02-08 12:00:00,M016,south,commercial,0,69.61050205280661,75.15587625018566,True,2,5.545374197379047,-5.545374197379047,5.545374197379047,30.75117498895731,12,6,1,Q2
R0002789,2026-02-08 12:00:00,M017,east,industrial,0,45.240115236245046,44.52090671011543,True,2,-0.7192085261296128,0.7192085261296128,0.7192085261296128,0.51726090405753,12,6,1,Q1
R0002790,2026-02-08 18:00:00,M000,north,residential,0,106.0460443408873,98.110541429551,True,2,-7.9355029113363,7.9355029113363,7.9355029113363,62.9722064558269,18,6,1,Q5
R0002791,2026-02-08 18:00:00,M001,south,commercial,0,67.12353084860713,69.79692589700262,True,2,2.6733950483954914,-2.6733950483954914,2.6733950483954914,7.147041084785531,18,6,1,Q2
R0002792,2026-02-08 18:00:00,M002,east,industrial,0,96.56889272146783,93.1222489989947,True,2,-3.4466437224731266,3.4466437224731266,3.4466437224731266,11.87935294966341,18,6,1,Q5
R0002793,2026-02-08 18:00:00,M003,north,residential,0,94.77581379639966,93.53954845082424,True,2,-1.2362653455754185,1.2362653455754185,1.2362653455754185,1.5283520046707089,18,6,1,Q4
R0002794,2026-02-08 18:00:00,M004,south,commercial,0,46.62417383351155,49.17164628896856,True,2,2.5474724554570116,-2.5474724554570116,2.5474724554570116,6.489615911312176,18,6,1,Q1
R0002795,2026-02-08 18:00:00,M005,east,industrial,0,101.10014884250442,101.26563884591452,True,2,0.165490003410099,-0.165490003410099,0.165490003410099,0.02738694122867458,18,6,1,Q5
R0002796,2026-02-08 18:00:00,M006,north,residential,0,98.90943448207872,94.42501830492505,True,2,-4.484416177153676,4.484416177153676,4.484416177153676,20.10998844991759,18,6,1,Q5
R0002797,2026-02-08 18:00:00,M007,south,commercial,0,89.88457985112153,88.67020136090642,True,2,-1.2143784902151111,1.2143784902151111,1.2143784902151111,1.4747151174971327,18,6,1,Q4
R0002798,2026-02-08 18:00:00,M008,east,industrial,0,51.366503203842136,49.18294421391688,True,2,-2.1835589899252525,2.1835589899252525,2.1835589899252525,4.767929862483389,18,6,1,Q1
R0002799,2026-02-08 18:00:00,M009,north,residential,0,80.76270295101615,71.72909272054552,True,2,-9.033610230470629,9.033610230470629,9.033610230470629,81.60611379606361,18,6,1,Q3
R0002800,2026-02-08 18:00:00,M010,south,commercial,0,66.8898290646572,72.4110801301208,True,2,5.521251065463588,-5.521251065463588,5.521251065463588,30.484213327882802,18,6,1,Q2
R0002801,2026-02-08 18:00:00,M011,east,industrial,0,96.95156746890883,95.95066058813804,True,2,-1.000906880770799,1.000906880770799,1.000906880770799,1.0018145839743304,18,6,1,Q5
R0002802,2026-02-08 18:00:00,M012,north,residential,0,96.1468265179702,93.2061329247355,True,2,-2.9406935932346983,2.9406935932346983,2.9406935932346983,8.647678809291602,18,6,1,Q5
R0002803,2026-02-08 18:00:00,M013,south,commercial,0,94.8350653603269,92.36127278406067,True,2,-2.47379257626622,2.47379257626622,2.47379257626622,6.119649710389862,18,6,1,Q4
R0002804,2026-02-08 18:00:00,M014,east,industrial,0,68.55927391200682,72.33846982899671,True,2,3.7791959169898917,-3.7791959169898917,3.7791959169898917,14.282321778993069,18,6,1,Q2
R0002805,2026-02-08 18:00:00,M015,north,residential,0,69.17966390943808,68.23516243661312,True,2,-0.9445014728249532,0.9445014728249532,0.9445014728249532,0.8920830321685058,18,6,1,Q2
R0002806,2026-02-08 18:00:00,M016,south,commercial,0,72.5310173019002,73.02097907524416,True,2,0.48996177334394986,-0.48996177334394986,0.48996177334394986,0.2400625393383481,18,6,1,Q3
R0002807,2026-02-08 18:00:00,M017,east,industrial,0,42.61033319494568,45.082980337593845,True,2,2.4726471426481638,-2.4726471426481638,2.4726471426481638,6.113983892046129,18,6,1,Q1
R0002808,2026-02-09 00:00:00,M000,north,residential,0,103.26233465633014,100.19576646918306,True,2,-3.066568187147084,3.066568187147084,3.066568187147084,9.403840446422551,0,0,0,Q5
R0002809,2026-02-09 00:00:00,M001,south,commercial,0,62.206354823552,62.6373303843005,True,2,0.4309755607485002,-0.4309755607485002,0.4309755607485002,0.18573993396248417,0,0,0,Q2
R0002810,2026-02-09 00:00:00,M002,east,industrial,0,103.15342240100853,94.14010673599948,True,2,-9.013315665009046,9.013315665009046,9.013315665009046,81.23985927709745,0,0,0,Q5
R0002811,2026-02-09 00:00:00,M003,north,residential,0,97.22964724795496,95.36207981695529,True,2,-1.8675674309996708,1.8675674309996708,1.8675674309996708,3.48780810933071,0,0,0,Q5
R0002812,2026-02-09 00:00:00,M004,south,commercial,0,48.06977809644947,44.95287104319623,True,2,-3.116907053253236,3.116907053253236,3.116907053253236,9.71510957861977,0,0,0,Q1
R0002813,2026-02-09 00:00:00,M005,east,industrial,0,104.72019648333348,108.8999338487768,True,2,4.179737365443316,-4.179737365443316,4.179737365443316,17.47020444408303,0,0,0,Q5
R0002814,2026-02-09 00:00:00,M006,north,residential,0,104.69555117541664,96.67003092212144,True,2,-8.025520253295198,8.025520253295198,8.025520253295198,64.40897533605143,0,0,0,Q5
R0002815,2026-02-09 00:00:00,M007,south,commercial,1,71.46842353897617,79.12785093163349,True,2,7.659427392657321,-7.659427392657321,7.659427392657321,58.666827983389325,0,0,0,Q3
R0002816,2026-02-09 00:00:00,M008,east,industrial,0,57.76266152978529,52.24969573588975,True,2,-5.512965793895539,5.512965793895539,5.512965793895539,30.39279184466227,0,0,0,Q2
R0002817,2026-02-09 00:00:00,M009,north,residential,0,70.53939629474296,74.18220714552089,True,2,3.642810850777934,-3.642810850777934,3.642810850777934,13.270070894545457,0,0,0,Q2
R0002818,2026-02-09 00:00:00,M010,south,commercial,0,58.05929052047383,66.90281680648296,True,2,8.84352628600913,-8.84352628600913,8.84352628600913,78.20795717133444,0,0,0,Q2
R0002819,2026-02-09 00:00:00,M011,east,industrial,0,106.14431418487096,103.61457114608926,True,2,-2.529743038781703,2.529743038781703,2.529743038781703,6.399599842264485,0,0,0,Q5
R0002820,2026-02-09 00:00:00,M012,north,residential,0,98.40331006293351,94.41754356429836,True,2,-3.985766498635158,3.985766498635158,3.985766498635158,15.886334581642366,0,0,0,Q5
R0002821,2026-02-09 00:00:00,M013,south,commercial,0,91.8472997202214,89.26941075199078,True,2,-2.5778889682306243,2.5778889682306243,2.5778889682306243,6.645511532525153,0,0,0,Q4
R0002822,2026-02-09 00:00:00,M014,east,industrial,0,72.45197902373617,72.28892440692508,True,2,-0.16305461681109534,0.16305461681109534,0.16305461681109534,0.026586808063413136,0,0,0,Q3
R0002823,2026-02-09 00:00:00,M015,north,residential,0,69.86177185571525,64.47218508331915,True,2,-5.3895867723961,5.3895867723961,5.3895867723961,29.047645577187016,0,0,0,Q2
R0002824,2026-02-09 00:00:00,M016,south,commercial,0,63.10286516601323,78.21418725847211,True,2,15.111322092458877,-15.111322092458877,15.111322092458877,228.35205538203576,0,0,0,Q2
R0002825,2026-02-09 00:00:00,M017,east,industrial,0,44.5075338105324,48.00792362267621,True,2,3.5003898121438084,-3.5003898121438084,3.5003898121438084,12.252728836960166,0,0,0,Q1
R0002826,2026-02-09 06:00:00,M000,north,residential,0,101.5145432094954,96.3829274917298,True,2,-5.131615717765598,5.131615717765598,5.131615717765598,26.333479874818934,6,0,0,Q5
R0002827,2026-02-09 06:00:00,M001,south,commercial,0,62.77172217128774,54.1788295438221,True,2,-8.592892627465645,8.592892627465645,8.592892627465645,73.83780370715343,6,0,0,Q2
R0002828,2026-02-09 06:00:00,M002,east,industrial,0,100.13278886406847,93.23124014217278,True,2,-6.9015487218956935,6.9015487218956935,6.9015487218956935,47.63137476070008,6,0,0,Q5
R0002829,2026-02-09 06:00:00,M003,north,residential,0,97.24193756742773,93.8449959753771,True,2,-3.3969415920506236,3.3969415920506236,3.3969415920506236,11.539212179803425,6,0,0,Q5
R0002830,2026-02-09 06:00:00,M004,south,commercial,0,47.00788390157782,46.70829028767833,True,2,-0.29959361389948924,0.29959361389948924,0.29959361389948924,0.08975633348935623,6,0,0,Q1
R0002831,2026-02-09 06:00:00,M005,east,industrial,0,114.77151089905024,109.2060772869126,True,2,-5.565433612137639,5.565433612137639,5.565433612137639,30.974051291111408,6,0,0,Q5
R0002832,2026-02-09 06:00:00,M006,north,residential,0,93.04423297571182,94.60572586911522,True,2,1.561492893403397,-1.561492893403397,1.561492893403397,2.4382600561493124,6,0,0,Q4
R0002833,2026-02-09 06:00:00,M007,south,commercial,0,85.77986858002203,80.16519567608721,True,2,-5.614672903934817,5.614672903934817,5.614672903934817,31.524551818179834,6,0,0,Q3
R0002834,2026-02-09 06:00:00,M008,east,industrial,0,61.51880364553325,53.73959624533559,True,2,-7.779207400197656,7.779207400197656,7.779207400197656,60.51606777528997,6,0,0,Q2
R0002835,2026-02-09 06:00:00,M009,north,residential,0,77.61357800093084,73.21028139084324,True,2,-4.403296610087608,4.403296610087608,4.403296610087608,19.38902103640902,6,0,0,Q3
R0002836,2026-02-09 06:00:00,M010,south,commercial,0,59.55012927330017,57.299011384239,True,2,-2.2511178890611703,2.2511178890611703,2.2511178890611703,5.067531750451219,6,0,0,Q2
R0002837,2026-02-09 06:00:00,M011,east,industrial,0,104.74410794889876,102.31018855161794,True,2,-2.4339193972808175,2.4339193972808175,2.4339193972808175,5.923963632459818,6,0,0,Q5
R0002838,2026-02-09 06:00:00,M012,north,residential,0,94.7019496756477,92.32760806439244,True,2,-2.374341611255261,2.374341611255261,2.374341611255261,5.637498086938228,6,0,0,Q4
R0002839,2026-02-09 06:00:00,M013,south,commercial,0,87.63193082516389,89.23431529437929,True,2,1.6023844692153943,-1.6023844692153943,1.6023844692153943,2.567635987182701,6,0,0,Q4
R0002840,2026-02-09 06:00:00,M014,east,industrial,0,73.70064995819357,73.1304546989476,True,2,-0.5701952592459634,0.5701952592459634,0.5701952592459634,0.3251226336665714,6,0,0,Q3
R0002841,2026-02-09 06:00:00,M015,north,residential,0,69.23293591717805,65.10047421133349,True,2,-4.1324617058445625,4.1324617058445625,4.1324617058445625,17.07723975027175,6,0,0,Q2
R0002842,2026-02-09 06:00:00,M016,south,commercial,0,63.98976851869691,82.91889133842177,True,2,18.92912281972486,-18.92912281972486,18.92912281972486,358.3116907242284,6,0,0,Q2
R0002843,2026-02-09 06:00:00,M017,east,industrial,0,53.1775302543281,47.18870718776639,True,2,-5.988823066561707,5.988823066561707,5.988823066561707,35.86600172258157,6,0,0,Q1
R0002844,2026-02-09 12:00:00,M000,north,residential,0,89.22990807674331,91.9392454514056,True,2,2.709337374662283,-2.709337374662283,2.709337374662283,7.340509009741912,12,0,0,Q4
R0002845,2026-02-09 12:00:00,M001,south,commercial,0,67.51375718436462,69.83578389980451,True,2,2.3220267154398897,-2.3220267154398897,2.3220267154398897,5.391808067216562,12,0,0,Q2
R0002846,2026-02-09 12:00:00,M002,east,industrial,0,96.85441551612044,88.45582321611815,True,2,-8.398592300002292,8.398592300002292,8.398592300002292,70.5363526216578,12,0,0,Q5
R0002847,2026-02-09 12:00:00,M003,north,residential,0,81.40335607994606,83.90874707851809,True,2,2.5053909985720253,-2.5053909985720253,2.5053909985720253,6.27698405572573,12,0,0,Q3
R0002848,2026-02-09 12:00:00,M004,south,commercial,0,54.89792315424096,55.0290656896892,True,2,0.13114253544824095,-0.13114253544824095,0.13114253544824095,0.017198364603793134,12,0,0,Q1
R0002849,2026-02-09 12:00:00,M005,east,industrial,0,104.68936662092553,102.38911616444192,True,2,-2.30025045648361,2.30025045648361,2.30025045648361,5.291152162553057,12,0,0,Q5
R0002850,2026-02-09 12:00:00,M006,north,residential,0,86.9695520663092,87.98039573120334,True,2,1.0108436648941392,-1.0108436648941392,1.0108436648941392,1.0218049148566148,12,0,0,Q4
R0002851,2026-02-09 12:00:00,M007,south,commercial,0,90.79241395824369,89.86129620765253,True,2,-0.9311177505911559,0.9311177505911559,0.9311177505911559,0.866980265465934,12,0,0,Q4
R0002852,2026-02-09 12:00:00,M008,east,industrial,0,46.577111560055606,49.6721707757283,True,2,3.0950592156726913,-3.0950592156726913,3.0950592156726913,9.579391548520455,12,0,0,Q1
R0002853,2026-02-09 12:00:00,M009,north,residential,0,62.46202196070378,70.43074066791033,True,2,7.968718707206548,-7.968718707206548,7.968718707206548,63.500477834583606,12,0,0,Q2
R0002854,2026-02-09 12:00:00,M010,south,commercial,1,62.00038453961126,71.58771063692087,True,2,9.587326097309614,-9.587326097309614,9.587326097309614,91.91682169615399,12,0,0,Q2
R0002855,2026-02-09 12:00:00,M011,east,industrial,0,101.37392503609824,96.73474221904344,True,2,-4.639182817054802,4.639182817054802,4.639182817054802,21.522017210056532,12,0,0,Q5
R0002856,2026-02-09 12:00:00,M012,north,residential,0,79.31801637325148,87.0313878232176,True,2,7.713371449966118,-7.713371449966118,7.713371449966118,59.49609912515241,12,0,0,Q3
R0002857,2026-02-09 12:00:00,M013,south,commercial,0,99.81617347647628,89.49935443228767,True,2,-10.316819044188605,10.316819044188605,10.316819044188605,106.4367551905327,12,0,0,Q5
R0002858,2026-02-09 12:00:00,M014,east,industrial,0,71.06939874612829,70.1858027217104,True,2,-0.8835960244178835,0.8835960244178835,0.8835960244178835,0.780741934367089,12,0,0,Q2
R0002859,2026-02-09 12:00:00,M015,north,residential,0,55.35502673391461,73.0133184415072,True,2,17.658291707592582,-17.658291707592582,17.658291707592582,311.81526603043295,12,0,0,Q1
R0002860,2026-02-09 12:00:00,M016,south,commercial,0,71.10169969403327,84.1066594268203,True,2,13.004959732787029,-13.004959732787029,13.004959732787029,169.12897765141207,12,0,0,Q2
R0002861,2026-02-09 12:00:00,M017,east,industrial,0,39.39182020278681,42.31084277294833,True,2,2.9190225701615162,-2.9190225701615162,2.9190225701615162,8.520692765112344,12,0,0,Q1
R0002862,2026-02-09 18:00:00,M000,north,residential,0,93.7314423176669,92.21733090318423,True,2,-1.5141114144826702,1.5141114144826702,1.5141114144826702,2.292533375466712,18,0,0,Q4
R0002863,2026-02-09 18:00:00,M001,south,commercial,0,76.05895532089527,72.56008804660581,True,2,-3.498867274289452,3.498867274289452,3.498867274289452,12.2420722030937,18,0,0,Q3
R0002864,2026-02-09 18:00:00,M002,east,industrial,0,91.57543985135042,93.0012354120869,True,2,1.425795560736475,-1.425795560736475,1.425795560736475,2.032892981015839,18,0,0,Q4
R0002865,2026-02-09 18:00:00,M003,north,residential,0,89.19130619136446,88.02673183385551,True,2,-1.164574357508954,1.164574357508954,1.164574357508954,1.356233434167393,18,0,0,Q4
R0002866,2026-02-09 18:00:00,M004,south,commercial,0,60.52282138937818,58.10293714269101,True,2,-2.419884246687168,2.419884246687168,2.419884246687168,5.855839767364723,18,0,0,Q2
R0002867,2026-02-09 18:00:00,M005,east,industrial,0,98.69040849811826,101.49920657836138,True,2,2.808798080243122,-2.808798080243122,2.808798080243122,7.889346655577446,18,0,0,Q5
R0002868,2026-02-09 18:00:00,M006,north,residential,0,97.3724067839396,93.03183444332208,True,2,-4.340572340617513,4.340572340617513,4.340572340617513,18.84056824413379,18,0,0,Q5
R0002869,2026-02-09 18:00:00,M007,south,commercial,0,92.9917562340199,91.87109539949851,True,2,-1.120660834521388,1.120660834521388,1.120660834521388,1.2558807060301738,18,0,0,Q4
R0002870,2026-02-09 18:00:00,M008,east,industrial,0,46.592724230968734,59.57342181094252,True,2,12.980697579973786,-12.980697579973786,12.980697579973786,168.4985096627373,18,0,0,Q1
R0002871,2026-02-09 18:00:00,M009,north,residential,0,75.73974479054966,71.23624396627295,True,2,-4.503500824276713,4.503500824276713,4.503500824276713,20.281519674261038,18,0,0,Q3
R0002872,2026-02-09 18:00:00,M010,south,commercial,0,76.74924453225023,70.43086030370422,True,2,-6.318384228546009,6.318384228546009,6.318384228546009,39.92197925953894,18,0,0,Q3
R0002873,2026-02-09 18:00:00,M011,east,industrial,0,103.56184365712475,96.5334998175794,True,2,-7.028343839545357,7.028343839545357,7.028343839545357,49.397617126875176,18,0,0,Q5
R0002874,2026-02-09 18:00:00,M012,north,residential,0,89.89342667917361,93.12017311273212,True,2,3.226746433558503,-3.226746433558503,3.226746433558503,10.41189254648252,18,0,0,Q4
R0002875,2026-02-09 18:00:00,M013,south,commercial,0,99.58055714769408,90.94118074644337,True,2,-8.639376401250715,8.639376401250715,8.639376401250715,74.63882460248776,18,0,0,Q5
R0002876,2026-02-09 18:00:00,M014,east,industrial,0,69.06889865869115,69.84066197678159,True,2,0.7717633180904357,-0.7717633180904357,0.7717633180904357,0.5956186191499591,18,0,0,Q2
R0002877,2026-02-09 18:00:00,M015,north,residential,0,67.10831259243909,63.643278637975605,True,2,-3.465033954463486,3.465033954463486,3.465033954463486,12.006460305584865,18,0,0,Q2
R0002878,2026-02-09 18:00:00,M016,south,commercial,0,70.80224824019328,71.9790943413366,True,2,1.176846101143326,-1.176846101143326,1.176846101143326,1.3849667457762476,18,0,0,Q2
R0002879,2026-02-09 18:00:00,M017,east,industrial,0,41.61611789978092,41.86648963621039,True,2,0.2503717364294715,-0.2503717364294715,0.2503717364294715,0.06268600640270876,18,0,0,Q1
R0002880,2026-02-10 00:00:00,M000,north,residential,0,101.749288768062,100.8277745217168,True,2,-0.9215142463451969,0.9215142463451969,0.9215142463451969,0.8491885062171561,0,1,0,Q5
R0002881,2026-02-10 00:00:00,M001,south,commercial,0,57.83934253496493,61.76826381055541,True,2,3.9289212755904828,-3.9289212755904828,3.9289212755904828,15.436422389787547,0,1,0,Q2
R0002882,2026-02-10 00:00:00,M002,east,industrial,0,95.70033117432976,94.90771594314953,True,2,-0.7926152311802355,0.7926152311802355,0.7926152311802355,0.6282389046988981,0,1,0,Q4
R0002883,2026-02-10 00:00:00,M003,north,residential,0,93.00827674650569,81.26753117498214,True,2,-11.740745571523547,11.740745571523547,11.740745571523547,137.8451065752498,0,1,0,Q4
R0002884,2026-02-10 00:00:00,M004,south,commercial,0,48.54965838080086,46.65978001640257,True,2,-1.8898783643982853,1.8898783643982853,1.8898783643982853,3.571640232220738,0,1,0,Q1
R0002885,2026-02-10 00:00:00,M005,east,industrial,0,113.66257140650184,107.93350519107906,True,2,-5.729066215422776,5.729066215422776,5.729066215422776,32.82219970069865,0,1,0,Q5
R0002886,2026-02-10 00:00:00,M006,north,residential,0,98.5617536546888,93.04191783850192,True,2,-5.519835816186884,5.519835816186884,5.519835816186884,30.468587437659522,0,1,0,Q5
R0002887,2026-02-10 00:00:00,M007,south,commercial,0,82.63748662709229,83.13293310815567,True,2,0.4954464810633823,-0.4954464810633823,0.4954464810633823,0.24546721559808843,0,1,0,Q3
R0002888,2026-02-10 00:00:00,M008,east,industrial,0,53.883040627059735,53.09932991901999,True,2,-0.7837107080397416,0.7837107080397416,0.7837107080397416,0.6142024738961531,0,1,0,Q1
R0002889,2026-02-10 00:00:00,M009,north,residential,0,74.65561773977716,72.96780553625346,True,2,-1.6878122035236913,1.6878122035236913,1.6878122035236913,2.8487100343634983,0,1,0,Q3
R0002890,2026-02-10 00:00:00,M010,south,commercial,0,56.786826452935166,57.72293271627595,True,2,0.9361062633407826,-0.9361062633407826,0.9361062633407826,0.8762949362658426,0,1,0,Q2
R0002891,2026-02-10 00:00:00,M011,east,industrial,0,105.8040056726021,103.49584134447488,True,2,-2.3081643281272193,2.3081643281272193,2.3081643281272193,5.327622565638977,0,1,0,Q5
R0002892,2026-02-10 00:00:00,M012,north,residential,0,97.24571638671418,92.66077545607789,True,2,-4.584940930636293,4.584940930636293,4.584940930636293,21.021683337423998,0,1,0,Q5
R0002893,2026-02-10 00:00:00,M013,south,commercial,0,88.56792569688294,90.57601804060236,True,2,2.008092343719426,-2.008092343719426,2.008092343719426,4.032434860904576,0,1,0,Q4
R0002894,2026-02-10 00:00:00,M014,east,industrial,0,68.88888274262386,70.25955971788149,True,2,1.3706769752576236,-1.3706769752576236,1.3706769752576236,1.878755370501388,0,1,0,Q2
R0002895,2026-02-10 00:00:00,M015,north,residential,0,67.56866362370477,67.38862851211937,True,2,-0.1800351115853971,0.1800351115853971,0.1800351115853971,0.03241264140356638,0,1,0,Q2
R0002896,2026-02-10 00:00:00,M016,south,commercial,0,66.46981042679185,61.05077690232263,True,2,-5.419033524469221,5.419033524469221,5.419033524469221,29.365924339321303,0,1,0,Q2
R0002897,2026-02-10 00:00:00,M017,east,industrial,0,49.15589246875508,47.24083553370056,True,2,-1.9150569350545155,1.9150569350545155,1.9150569350545155,3.667443064500395,0,1,0,Q1
R0002898,2026-02-10 06:00:00,M000,north,residential,0,99.1223820934472,98.35956534022434,True,2,-0.7628167532228645,0.7628167532228645,0.7628167532228645,0.5818893989974725,6,1,0,Q5
R0002899,2026-02-10 06:00:00,M001,south,commercial,0,59.857982837734696,63.06183380458501,True,2,3.203850966850311,-3.203850966850311,3.203850966850311,10.264661017787672,6,1,0,Q2
R0002900,2026-02-10 06:00:00,M002,east,industrial,0,102.4837836919723,93.71849964764792,True,2,-8.765284044324389,8.765284044324389,8.765284044324389,76.83020437768772,6,1,0,Q5
R0002901,2026-02-10 06:00:00,M003,north,residential,0,94.17323693702104,88.72704135321945,True,2,-5.446195583801597,5.446195583801597,5.446195583801597,29.661046337020014,6,1,0,Q4
R0002902,2026-02-10 06:00:00,M004,south,commercial,0,44.15842160488889,46.15128205711118,True,2,1.9928604522222884,-1.9928604522222884,1.9928604522222884,3.9714927820316235,6,1,0,Q1
R0002903,2026-02-10 06:00:00,M005,east,industrial,0,113.64917707586652,109.8399939017323,True,2,-3.809183174134219,3.809183174134219,3.809183174134219,14.509876454107244,6,1,0,Q5
R0002904,2026-02-10 06:00:00,M006,north,residential,0,93.83199992633422,90.01880193776229,True,2,-3.813197988571929,3.813197988571929,3.813197988571929,14.540478900049004,6,1,0,Q4
R0002905,2026-02-10 06:00:00,M007,south,commercial,0,84.72647416812812,82.91695496678845,True,2,-1.8095192013396684,1.8095192013396684,1.8095192013396684,3.2743597400169513,6,1,0,Q3
R0002906,2026-02-10 06:00:00,M008,east,industrial,0,54.040787701049375,54.34541063408176,True,2,0.30462293303238397,-0.30462293303238397,0.30462293303238397,0.0927951313292523,6,1,0,Q1
R0002907,2026-02-10 06:00:00,M009,north,residential,0,78.5033022342025,75.1614895515547,True,2,-3.3418126826477987,3.3418126826477987,3.3418126826477987,11.167712005905678,6,1,0,Q3
R0002908,2026-02-10 06:00:00,M010,south,commercial,0,56.18036644751096,56.57710815647116,True,2,0.39674170896019945,-0.39674170896019945,0.39674170896019945,0.1574039836286596,6,1,0,Q1
R0002909,2026-02-10 06:00:00,M011,east,industrial,0,106.21660194745084,105.91470008293471,True,2,-0.30190186451612533,0.30190186451612533,0.30190186451612533,0.09114473579831289,6,1,0,Q5
R0002910,2026-02-10 06:00:00,M012,north,residential,0,93.8374279317872,88.94851616020429,True,2,-4.888911771582912,4.888911771582912,4.888911771582912,23.901458310321964,6,1,0,Q4
R0002911,2026-02-10 06:00:00,M013,south,commercial,0,92.22300115058135,90.32854662881488,True,2,-1.8944545217664768,1.8944545217664768,1.8944545217664768,3.58895793504145,6,1,0,Q4
R0002912,2026-02-10 06:00:00,M014,east,industrial,0,71.22763472313561,71.53233572692305,True,2,0.3047010037874429,-0.3047010037874429,0.3047010037874429,0.0928427017090753,6,1,0,Q2
R0002913,2026-02-10 06:00:00,M015,north,residential,0,65.3586572294964,85.0571566539515,True,2,19.698499424455093,-19.698499424455093,19.698499424455093,388.03087957525764,6,1,0,Q2
R0002914,2026-02-10 06:00:00,M016,south,commercial,0,66.65546390661217,59.92324767384395,True,2,-6.7322162327682165,6.7322162327682165,6.7322162327682165,45.322735404747874,6,1,0,Q2
R0002915,2026-02-10 06:00:00,M017,east,industrial,0,47.50879122526549,46.40570288148401,True,2,-1.1030883437814794,1.1030883437814794,1.1030883437814794,1.216803894186567,6,1,0,Q1
R0002916,2026-02-10 12:00:00,M000,north,residential,0,84.2353932213354,87.98893311598196,True,2,3.753539894646565,-3.753539894646565,3.753539894646565,14.089061740703345,12,1,0,Q3
R0002917,2026-02-10 12:00:00,M001,south,commercial,0,67.78981802673779,73.86932687718199,True,2,6.079508850444199,-6.079508850444199,6.079508850444199,36.960427862629345,12,1,0,Q2
R0002918,2026-02-10 12:00:00,M002,east,industrial,0,96.29136646349777,87.97683666687313,True,2,-8.31452979662464,8.31452979662464,8.31452979662464,69.13140573895899,12,1,0,Q5
R0002919,2026-02-10 12:00:00,M003,north,residential,0,82.37500717042042,78.59162175677973,True,2,-3.783385413640687,3.783385413640687,3.783385413640687,14.314005188149112,12,1,0,Q3
R0002920,2026-02-10 12:00:00,M004,south,commercial,1,50.65188269049949,58.71304696091131,True,2,8.061164270411822,-8.061164270411822,8.061164270411822,64.98236939456417,12,1,0,Q1
R0002921,2026-02-10 12:00:00,M005,east,industrial,0,103.30981194781748,102.99559592055726,True,2,-0.31421602726021547,0.31421602726021547,0.31421602726021547,0.09873171178719248,12,1,0,Q5
R0002922,2026-02-10 12:00:00,M006,north,residential,0,85.98516709897491,87.29003753766736,True,2,1.304870438692447,-1.304870438692447,1.304870438692447,1.7026868617734192,12,1,0,Q3
R0002923,2026-02-10 12:00:00,M007,south,commercial,0,95.14227429204254,89.45212114359968,True,2,-5.69015314844286,5.69015314844286,5.69015314844286,32.3778428527342,12,1,0,Q4
R0002924,2026-02-10 12:00:00,M008,east,industrial,0,55.80326601522377,49.40468625409773,True,2,-6.398579761126037,6.398579761126037,6.398579761126037,40.94182295949173,12,1,0,Q1
R0002925,2026-02-10 12:00:00,M009,north,residential,0,59.52437690725307,67.37940781474298,True,2,7.855030907489905,-7.855030907489905,7.855030907489905,61.701510557621674,12,1,0,Q2
R0002926,2026-02-10 12:00:00,M010,south,commercial,0,72.12219843795981,70.2377580427906,True,2,-1.8844403951692072,1.8844403951692072,1.8844403951692072,3.551115602945478,12,1,0,Q3
R0002927,2026-02-10 12:00:00,M011,east,industrial,0,95.75345522930444,97.40583302743048,True,2,1.6523777981260395,-1.6523777981260395,1.6523777981260395,2.7303523877398583,12,1,0,Q4
R0002928,2026-02-10 12:00:00,M012,north,residential,0,81.23025259193628,83.37631163738351,True,2,2.146059045447231,-2.146059045447231,2.146059045447231,4.60556942654588,12,1,0,Q3
R0002929,2026-02-10 12:00:00,M013,south,commercial,0,98.7949630133374,89.46131253474796,True,2,-9.333650478589433,9.333650478589433,9.333650478589433,87.11703125647276,12,1,0,Q5
R0002930,2026-02-10 12:00:00,M014,east,industrial,0,68.21333372793609,68.2019288536462,True,2,-0.011404874289894451,0.011404874289894451,0.011404874289894451,0.00013007115756829546,12,1,0,Q2
R0002931,2026-02-10 12:00:00,M015,north,residential,0,56.14758491393556,77.74577839133444,True,2,21.59819347739888,-21.59819347739888,21.59819347739888,466.4819614871555,12,1,0,Q1
R0002932,2026-02-10 12:00:00,M016,south,commercial,0,76.27066093821077,73.46398688636377,True,2,-2.806674051846997,2.806674051846997,2.806674051846997,7.877419233311239,12,1,0,Q3
R0002933,2026-02-10 12:00:00,M017,east,industrial,0,38.637742640180775,42.50664711081863,True,2,3.868904470637858,-3.868904470637858,3.868904470637858,14.968421802921606,12,1,0,Q1
R0002934,2026-02-10 18:00:00,M000,north,residential,0,97.336373020962,94.67588989666406,True,2,-2.66048312429794,2.66048312429794,2.66048312429794,7.078170454674129,18,1,0,Q5
R0002935,2026-02-10 18:00:00,M001,south,commercial,0,73.61897018636479,75.0158024665352,True,2,1.3968322801704147,-1.3968322801704147,1.3968322801704147,1.95114041892608,18,1,0,Q3
R0002936,2026-02-10 18:00:00,M002,east,industrial,0,87.97350562740853,89.33442537881051,True,2,1.3609197514019797,-1.3609197514019797,1.3609197514019797,1.8521025697560263,18,1,0,Q4
R0002937,2026-02-10 18:00:00,M003,north,residential,0,96.39801623466256,83.79515374551389,True,2,-12.602862489148677,12.602862489148677,12.602862489148677,158.8321429203908,18,1,0,Q5
R0002938,2026-02-10 18:00:00,M004,south,commercial,0,62.22081055629303,57.54811799204922,True,2,-4.67269256424381,4.67269256424381,4.67269256424381,21.834055799939396,18,1,0,Q2
R0002939,2026-02-10 18:00:00,M005,east,industrial,0,101.3359311147544,100.89584181790056,True,2,-0.44008929685384146,0.44008929685384146,0.44008929685384146,0.1936785892053086,18,1,0,Q5
R0002940,2026-02-10 18:00:00,M006,north,residential,0,96.75325021712992,91.81658622591485,True,2,-4.93666399121507,4.93666399121507,4.93666399121507,24.370651362159506,18,1,0,Q5
R0002941,2026-02-10 18:00:00,M007,south,commercial,0,95.6096010657996,92.11934160380606,True,2,-3.4902594619935314,3.4902594619935314,3.4902594619935314,12.181911112035376,18,1,0,Q4
R0002942,2026-02-10 18:00:00,M008,east,industrial,0,52.091208877990994,48.79127485119445,True,2,-3.2999340267965422,3.2999340267965422,3.2999340267965422,10.889564581209642,18,1,0,Q1
R0002943,2026-02-10 18:00:00,M009,north,residential,0,78.42669233838055,72.47486505541745,True,2,-5.9518272829630945,5.9518272829630945,5.9518272829630945,35.42424800622385,18,1,0,Q3
R0002944,2026-02-10 18:00:00,M010,south,commercial,0,73.86417526328191,71.77620377060757,True,2,-2.087971492674342,2.087971492674342,2.087971492674342,4.359624954220719,18,1,0,Q3
R0002945,2026-02-10 18:00:00,M011,east,industrial,0,95.8359822229344,97.03326963728068,True,2,1.1972874143462775,-1.1972874143462775,1.1972874143462775,1.4334971525519948,18,1,0,Q4
R0002946,2026-02-10 18:00:00,M012,north,residential,0,89.31486012668066,90.179897627938,True,2,0.8650375012573477,-0.8650375012573477,0.8650375012573477,0.7482898785815558,18,1,0,Q4
R0002947,2026-02-10 18:00:00,M013,south,commercial,0,100.801063665172,92.4348828675552,True,2,-8.366180797616792,8.366180797616792,8.366180797616792,69.99298113841195,18,1,0,Q5
R0002948,2026-02-10 18:00:00,M014,east,industrial,1,55.90550568670917,68.46746546722726,True,2,12.561959780518087,-12.561959780518087,12.561959780518087,157.80283352735404,18,1,0,Q1
R0002949,2026-02-10 18:00:00,M015,north,residential,0,64.87780056492534,84.9697393087187,True,2,20.091938743793364,-20.091938743793364,20.091938743793364,403.68600248434484,18,1,0,Q2
R0002950,2026-02-10 18:00:00,M016,south,commercial,0,75.95452234201517,77.54393144144515,True,2,1.5894090994299859,-1.5894090994299859,1.5894090994299859,2.5262212853508386,18,1,0,Q3
R0002951,2026-02-10 18:00:00,M017,east,industrial,0,46.29524186413526,43.8798099113659,True,2,-2.415431952769353,2.415431952769353,2.415431952769353,5.83431151845917,18,1,0,Q1
R0002952,2026-02-11 00:00:00,M000,north,residential,0,100.80661071310506,99.57615009190016,True,2,-1.230460621204898,1.230460621204898,1.230460621204898,1.5140333403359436,0,2,0,Q5
R0002953,2026-02-11 00:00:00,M001,south,commercial,0,56.43594930587914,71.35675713120604,True,2,14.920807825326897,-14.920807825326897,14.920807825326897,222.63050616033635,0,2,0,Q2
R0002954,2026-02-11 00:00:00,M002,east,industrial,0,93.4706290412987,95.17430020767272,True,2,1.703671166374022,-1.703671166374022,1.703671166374022,2.902495443134221,0,2,0,Q4
R0002955,2026-02-11 00:00:00,M003,north,residential,0,92.02671516320294,89.20261660815791,True,2,-2.824098555045026,2.824098555045026,2.824098555045026,7.9755326486074045,0,2,0,Q4
R0002956,2026-02-11 00:00:00,M004,south,commercial,0,47.52110009026901,44.63895000292222,True,2,-2.882150087346787,2.882150087346787,2.882150087346787,8.306789125993092,0,2,0,Q1
R0002957,2026-02-11 00:00:00,M005,east,industrial,1,101.20256228623036,107.83060682677863,True,2,6.628044540548274,-6.628044540548274,6.628044540548274,43.93097443149178,0,2,0,Q5
R0002958,2026-02-11 00:00:00,M006,north,residential,0,98.95470637151188,94.29707722486586,True,2,-4.657629146646016,4.657629146646016,4.657629146646016,21.693509267686498,0,2,0,Q5
R0002959,2026-02-11 00:00:00,M007,south,commercial,0,81.67238827819463,80.97967286129887,True,2,-0.6927154168957657,0.6927154168957657,0.6927154168957657,0.4798546488050744,0,2,0,Q3
R0002960,2026-02-11 00:00:00,M008,east,industrial,0,52.575660701631456,51.62988737629957,True,2,-0.945773325331885,0.945773325331885,0.945773325331885,0.8944871829093315,0,2,0,Q1
R0002961,2026-02-11 00:00:00,M009,north,residential,0,73.21419895021124,74.59201094932118,True,2,1.3778119991099373,-1.3778119991099373,1.3778119991099373,1.898365904891322,0,2,0,Q3
R0002962,2026-02-11 00:00:00,M010,south,commercial,0,63.49405707147047,57.01517882990824,True,2,-6.478878241562235,6.478878241562235,6.478878241562235,41.97586326898856,0,2,0,Q2
R0002963,2026-02-11 00:00:00,M011,east,industrial,0,106.2773008677303,101.75932646880077,True,2,-4.517974398929539,4.517974398929539,4.517974398929539,20.412092669382726,0,2,0,Q5
R0002964,2026-02-11 00:00:00,M012,north,residential,0,95.99851359220682,93.44253900633522,True,2,-2.5559745858715957,2.5559745858715957,2.5559745858715957,6.5330060836214745,0,2,0,Q5
R0002965,2026-02-11 00:00:00,M013,south,commercial,0,88.96815141314394,89.77065145615099,True,2,0.8025000430070435,-0.8025000430070435,0.8025000430070435,0.6440063190263067,0,2,0,Q4
R0002966,2026-02-11 00:00:00,M014,east,industrial,0,71.73322125986822,70.25232526766057,True,2,-1.4808959922076497,1.4808959922076497,1.4808959922076497,2.1930529397366794,0,2,0,Q3
R0002967,2026-02-11 00:00:00,M015,north,residential,0,64.07369198179495,76.48546270913091,True,2,12.411770727335963,-12.411770727335963,12.411770727335963,154.05205258795388,0,2,0,Q2
R0002968,2026-02-11 00:00:00,M016,south,commercial,0,63.72264004401554,61.97356978993189,True,2,-1.7490702540836551,1.7490702540836551,1.7490702540836551,3.059246753720262,0,2,0,Q2
R0002969,2026-02-11 00:00:00,M017,east,industrial,0,47.05060680005402,48.45076832814613,True,2,1.400161528092113,-1.400161528092113,1.400161528092113,1.9604523047492408,0,2,0,Q1
R0002970,2026-02-11 06:00:00,M000,north,residential,0,99.20873434376404,97.5188657585166,True,2,-1.6898685852474387,1.6898685852474387,1.6898685852474387,2.85565583540618,6,2,0,Q5
R0002971,2026-02-11 06:00:00,M001,south,commercial,0,54.68490717024129,81.79769098314122,True,2,27.112783812899934,-27.112783812899934,27.112783812899934,735.1030460850487,6,2,0,Q1
R0002972,2026-02-11 06:00:00,M002,east,industrial,0,102.59350517243828,93.88315195370366,True,2,-8.710353218734625,8.710353218734625,8.710353218734625,75.87025319512064,6,2,0,Q5
R0002973,2026-02-11 06:00:00,M003,north,residential,0,95.81278457429808,94.48643360572952,True,2,-1.326350968568562,1.326350968568562,1.326350968568562,1.7592068918227624,6,2,0,Q4
R0002974,2026-02-11 06:00:00,M004,south,commercial,0,47.650822776142505,44.69430996029744,True,2,-2.956512815845066,2.956512815845066,2.956512815845066,8.740968030256122,6,2,0,Q1
R0002975,2026-02-11 06:00:00,M005,east,industrial,0,108.00006279635282,109.22171011267616,True,2,1.2216473163233417,-1.2216473163233417,1.2216473163233417,1.492422165480023,6,2,0,Q5
R0002976,2026-02-11 06:00:00,M006,north,residential,0,92.9250067968327,90.8355216302148,True,2,-2.089485166617905,2.089485166617905,2.089485166617905,4.365948261516254,6,2,0,Q4
R0002977,2026-02-11 06:00:00,M007,south,commercial,0,79.14202565771356,83.0174396432566,True,2,3.875413985543034,-3.875413985543034,3.875413985543034,15.018833559342543,6,2,0,Q3
R0002978,2026-02-11 06:00:00,M008,east,industrial,0,54.35182889904451,53.48465497651849,True,2,-0.8671739225260211,0.8671739225260211,0.8671739225260211,0.7519906119091656,6,2,0,Q1
R0002979,2026-02-11 06:00:00,M009,north,residential,0,77.75305548235809,76.19551509534861,True,2,-1.5575403870094817,1.5575403870094817,1.5575403870094817,2.425932057165646,6,2,0,Q3
R0002980,2026-02-11 06:00:00,M010,south,commercial,0,58.40841320780084,59.762251101074064,True,2,1.353837893273223,-1.353837893273223,1.353837893273223,1.8328770412624784,6,2,0,Q2
R0002981,2026-02-11 06:00:00,M011,east,industrial,0,105.76233032642804,105.55950131935768,True,2,-0.20282900707036333,0.20282900707036333,0.20282900707036333,0.0411396061091495,6,2,0,Q5
R0002982,2026-02-11 06:00:00,M012,north,residential,0,96.56305622672782,86.0359149103485,True,2,-10.527141316379328,10.527141316379328,10.527141316379328,110.8207042950207,6,2,0,Q5
R0002983,2026-02-11 06:00:00,M013,south,commercial,0,92.1260948482946,90.81073885662506,True,2,-1.3153559916695343,1.3153559916695343,1.3153559916695343,1.730161384820944,6,2,0,Q4
R0002984,2026-02-11 06:00:00,M014,east,industrial,0,74.33954454414967,71.5232794488807,True,2,-2.8162650952689745,2.8162650952689745,2.8162650952689745,7.931349086830366,6,2,0,Q3
R0002985,2026-02-11 06:00:00,M015,north,residential,0,69.22511926564161,62.89251612873456,True,2,-6.332603136907046,6.332603136907046,6.332603136907046,40.101862489564965,6,2,0,Q2
R0002986,2026-02-11 06:00:00,M016,south,commercial,0,63.091476100934216,67.77639043143236,True,2,4.684914330498145,-4.684914330498145,4.684914330498145,21.948422284106886,6,2,0,Q2
R0002987,2026-02-11 06:00:00,M017,east,industrial,0,41.87131526137805,46.370015153189726,True,2,4.498699891811675,-4.498699891811675,4.498699891811675,20.23830071658638,6,2,0,Q1
R0002988,2026-02-11 12:00:00,M000,north,residential,0,87.15439199993872,85.11265405723374,True,2,-2.0417379427049838,2.0417379427049838,2.0417379427049838,4.16869382668118,12,2,0,Q4
R0002989,2026-02-11 12:00:00,M001,south,commercial,0,69.35080276776365,73.80826573084,True,2,4.4574629630763525,-4.4574629630763525,4.4574629630763525,19.868976067197416,12,2,0,Q2
R0002990,2026-02-11 12:00:00,M002,east,industrial,0,90.7814857262686,87.96772682224278,True,2,-2.8137589040258177,2.8137589040258177,2.8137589040258177,7.917239169984571,12,2,0,Q4
R0002991,2026-02-11 12:00:00,M003,north,residential,0,81.1646660164593,84.73930772686828,True,2,3.574641710408983,-3.574641710408983,3.574641710408983,12.77806335779566,12,2,0,Q3
R0002992,2026-02-11 12:00:00,M004,south,commercial,0,57.26684194057941,55.41470003744096,True,2,-1.8521419031384525,1.8521419031384525,1.8521419031384525,3.430429629361329,12,2,0,Q2
R0002993,2026-02-11 12:00:00,M005,east,industrial,0,103.91105817017868,103.1496826180057,True,2,-0.7613755521729786,0.7613755521729786,0.7613755521729786,0.5796927314467081,12,2,0,Q5
R0002994,2026-02-11 12:00:00,M006,north,residential,0,86.4246351424485,86.71269871701573,True,2,0.2880635745672322,-0.2880635745672322,0.2880635745672322,0.08298062299245135,12,2,0,Q3
R0002995,2026-02-11 12:00:00,M007,south,commercial,0,98.13954812106552,89.15555947153598,True,2,-8.983988649529536,8.983988649529536,8.983988649529536,80.71205205487554,12,2,0,Q5
R0002996,2026-02-11 12:00:00,M008,east,industrial,0,43.178818965435,47.6903600986394,True,2,4.511541133204403,-4.511541133204403,4.511541133204403,20.35400339659527,12,2,0,Q1
R0002997,2026-02-11 12:00:00,M009,north,residential,0,63.23716468382145,70.66289678206898,True,2,7.425732098247536,-7.425732098247536,7.425732098247536,55.14149719494376,12,2,0,Q2
R0002998,2026-02-11 12:00:00,M010,south,commercial,0,79.83147480778928,69.39571649798977,True,2,-10.43575830979951,10.43575830979951,10.43575830979951,108.90505150054953,12,2,0,Q3
R0002999,2026-02-11 12:00:00,M011,east,industrial,0,100.30546965730667,91.66201130235802,True,2,-8.643458354948649,8.643458354948649,8.643458354948649,74.70937233373161,12,2,0,Q5
R0003000,2026-02-11 12:00:00,M012,north,residential,0,82.04983051486735,86.26880683905048,True,2,4.2189763241831315,-4.2189763241831315,4.2189763241831315,17.799761224017807,12,2,0,Q3
R0003001,2026-02-11 12:00:00,M013,south,commercial,0,99.43198542974642,89.89465982730069,True,2,-9.537325602445733,9.537325602445733,9.537325602445733,90.96057964706687,12,2,0,Q5
R0003002,2026-02-11 12:00:00,M014,east,industrial,0,67.86196424770866,68.50616958410835,True,2,0.6442053363996934,-0.6442053363996934,0.6442053363996934,0.4150005154458421,12,2,0,Q2
R0003003,2026-02-11 12:00:00,M015,north,residential,0,49.81208947728004,54.10731275591124,True,2,4.295223278631198,-4.295223278631198,4.295223278631198,18.448943013295338,12,2,0,Q1
R0003004,2026-02-11 12:00:00,M016,south,commercial,0,74.37888491149738,82.89121181211142,True,2,8.512326900614042,-8.512326900614042,8.512326900614042,72.45970926291746,12,2,0,Q3
R0003005,2026-02-11 12:00:00,M017,east,industrial,0,42.65518190424661,43.18000509199378,True,2,0.5248231877471667,-0.5248231877471667,0.5248231877471667,0.2754393783970978,12,2,0,Q1
R0003006,2026-02-11 18:00:00,M000,north,residential,0,92.41835180014029,91.55048268334704,True,2,-0.8678691167932442,0.8678691167932442,0.8678691167932442,0.7531968038834858,18,2,0,Q4
R0003007,2026-02-11 18:00:00,M001,south,commercial,0,70.48360591511933,75.90061682778006,True,2,5.417010912660729,-5.417010912660729,5.417010912660729,29.34400722788542,18,2,0,Q2
R0003008,2026-02-11 18:00:00,M002,east,industrial,0,93.98911233510296,89.94217486236046,True,2,-4.046937472742499,4.046937472742499,4.046937472742499,16.377702908287446,18,2,0,Q4
R0003009,2026-02-11 18:00:00,M003,north,residential,0,91.01588017685108,89.85169906054671,True,2,-1.164181116304377,1.164181116304377,1.164181116304377,1.3553176715597053,18,2,0,Q4
R0003010,2026-02-11 18:00:00,M004,south,commercial,0,58.70372930552577,57.73528488321468,True,2,-0.9684444223110873,0.9684444223110873,0.9684444223110873,0.9378845991054556,18,2,0,Q2
R0003011,2026-02-11 18:00:00,M005,east,industrial,0,101.7429883627974,102.58303836071592,True,2,0.8400499979185128,-0.8400499979185128,0.8400499979185128,0.7056839990028932,18,2,0,Q5
R0003012,2026-02-11 18:00:00,M006,north,residential,0,94.54703952815576,90.1578596515706,True,2,-4.38917987658516,4.38917987658516,4.38917987658516,19.264899989020122,18,2,0,Q4
R0003013,2026-02-11 18:00:00,M007,south,commercial,0,93.29348291136252,91.09298689156326,True,2,-2.2004960197992602,2.2004960197992602,2.2004960197992602,4.842182733152386,18,2,0,Q4
R0003014,2026-02-11 18:00:00,M008,east,industrial,0,49.344244433133554,46.81888182929031,True,2,-2.5253626038432415,2.5253626038432415,2.5253626038432415,6.377456280889917,18,2,0,Q1
R0003015,2026-02-11 18:00:00,M009,north,residential,0,76.17744756426838,73.33678560701851,True,2,-2.840661957249864,2.840661957249864,2.840661957249864,8.069360355366628,18,2,0,Q3
R0003016,2026-02-11 18:00:00,M010,south,commercial,0,67.71218124984908,70.71362657947091,True,2,3.0014453296218306,-3.0014453296218306,3.0014453296218306,9.0086740667087,18,2,0,Q2
R0003017,2026-02-11 18:00:00,M011,east,industrial,0,95.94420108247796,95.1994071660745,True,2,-0.7447939164034665,0.7447939164034665,0.7447939164034665,0.5547179779116138,18,2,0,Q4
R0003018,2026-02-11 18:00:00,M012,north,residential,0,91.240474613289,89.13589706817034,True,2,-2.1045775451186586,2.1045775451186586,2.1045775451186586,4.429246643417679,18,2,0,Q4
R0003019,2026-02-11 18:00:00,M013,south,commercial,0,97.62513581878518,89.31376298489471,True,2,-8.311372833890474,8.311372833890474,8.311372833890474,69.07891838393256,18,2,0,Q5
R0003020,2026-02-11 18:00:00,M014,east,industrial,0,67.03687377989954,70.40827650190536,True,2,3.3714027220058256,-3.3714027220058256,3.3714027220058256,11.36635631394829,18,2,0,Q2
R0003021,2026-02-11 18:00:00,M015,north,residential,1,53.9810351321157,56.94055007865331,True,2,2.9595149465376096,-2.9595149465376096,2.9595149465376096,8.75872871877951,18,2,0,Q1
R0003022,2026-02-11 18:00:00,M016,south,commercial,0,78.29447567952191,81.82688911390181,True,2,3.5324134343799045,-3.5324134343799045,3.5324134343799045,12.477944671387633,18,2,0,Q3
R0003023,2026-02-11 18:00:00,M017,east,industrial,0,43.13868420470809,42.71112639364042,True,2,-0.4275578110676719,0.4275578110676719,0.4275578110676719,0.182805681804979,18,2,0,Q1
R0003024,2026-02-12 00:00:00,M000,north,residential,0,102.46377095140416,96.75555615089772,True,2,-5.70821480050644,5.70821480050644,5.70821480050644,32.58371620872077,0,3,0,Q5
R0003025,2026-02-12 00:00:00,M001,south,commercial,0,52.436371689562506,60.47954361471496,True,2,8.043171925152457,-8.043171925152457,8.043171925152457,64.69261461756068,0,3,0,Q1
R0003026,2026-02-12 00:00:00,M002,east,industrial,0,98.85886474684688,96.11190543005053,True,2,-2.7469593167963495,2.7469593167963495,2.7469593167963495,7.545785488134268,0,3,0,Q5
R0003027,2026-02-12 00:00:00,M003,north,residential,0,96.83858881067196,97.21244340995057,True,2,0.37385459927860154,-0.37385459927860154,0.37385459927860154,0.13976726140176374,0,3,0,Q5
R0003028,2026-02-12 00:00:00,M004,south,commercial,0,43.14751365482236,45.372532131834646,True,2,2.2250184770122843,-2.2250184770122843,2.2250184770122843,4.950707223046065,0,3,0,Q1
R0003029,2026-02-12 00:00:00,M005,east,industrial,0,109.7915507658787,108.7665178713122,True,2,-1.0250328945664933,1.0250328945664933,1.0250328945664933,1.0506924349433637,0,3,0,Q5
R0003030,2026-02-12 00:00:00,M006,north,residential,0,100.29952138248386,95.5906571583526,True,2,-4.708864224131261,4.708864224131261,4.708864224131261,22.173402281303304,0,3,0,Q5
R0003031,2026-02-12 00:00:00,M007,south,commercial,0,82.94955285940591,82.30499987690061,True,2,-0.6445529825053029,0.6445529825053029,0.6445529825053029,0.41544854725648134,0,3,0,Q3
R0003032,2026-02-12 00:00:00,M008,east,industrial,0,55.19899920626814,51.51287356025656,True,2,-3.6861256460115825,3.6861256460115825,3.6861256460115825,13.587522278184307,0,3,0,Q1
R0003033,2026-02-12 00:00:00,M009,north,residential,0,77.37627073408923,74.82307709175898,True,2,-2.553193642330257,2.553193642330257,2.553193642330257,6.518797775235643,0,3,0,Q3
R0003034,2026-02-12 00:00:00,M010,south,commercial,0,59.301607318654014,57.0579511811474,True,2,-2.243656137506612,2.243656137506612,2.243656137506612,5.033992863371089,0,3,0,Q2
R0003035,2026-02-12 00:00:00,M011,east,industrial,0,100.9960064264156,95.24500755485757,True,2,-5.750998871558039,5.750998871558039,5.750998871558039,33.07398802066184,0,3,0,Q5
R0003036,2026-02-12 00:00:00,M012,north,residential,0,94.54251748224134,90.59897197327716,True,2,-3.9435455089641778,3.9435455089641778,3.9435455089641778,15.551551181271536,0,3,0,Q4
R0003037,2026-02-12 00:00:00,M013,south,commercial,0,86.98039578880416,89.4862812794799,True,2,2.5058854906757375,-2.5058854906757375,2.5058854906757375,6.279462092379182,0,3,0,Q4
R0003038,2026-02-12 00:00:00,M014,east,industrial,0,73.70488014545768,69.6959851910011,True,2,-4.008894954456579,4.008894954456579,4.008894954456579,16.07123875586742,0,3,0,Q3
R0003039,2026-02-12 00:00:00,M015,north,residential,0,62.622386120899286,60.85037579298012,True,2,-1.772010327919169,1.772010327919169,1.772010327919169,3.140020602252201,0,3,0,Q2
R0003040,2026-02-12 00:00:00,M016,south,commercial,0,64.1221102735489,60.59214533859979,True,2,-3.5299649349491062,3.5299649349491062,3.5299649349491062,12.460652441970248,0,3,0,Q2
R0003041,2026-02-12 00:00:00,M017,east,industrial,0,46.11625034759152,47.76273949864355,True,2,1.6464891510520303,-1.6464891510520303,1.6464891510520303,2.7109265245320353,0,3,0,Q1
R0003042,2026-02-12 06:00:00,M000,north,residential,0,100.3700399169624,95.4525318352482,True,2,-4.917508081714203,4.917508081714203,4.917508081714203,24.181885733724503,6,3,0,Q5
R0003043,2026-02-12 06:00:00,M001,south,commercial,0,56.5684388741582,59.24169667972616,True,2,2.673257805567964,-2.673257805567964,2.673257805567964,7.146307295030046,6,3,0,Q2
R0003044,2026-02-12 06:00:00,M002,east,industrial,0,94.77456302309534,92.0942885763246,True,2,-2.6802744467707385,2.6802744467707385,2.6802744467707385,7.183871110012188,6,3,0,Q4
R0003045,2026-02-12 06:00:00,M003,north,residential,0,93.59864992064016,88.88545086022079,True,2,-4.71319906041937,4.71319906041937,4.71319906041937,22.214245383138035,6,3,0,Q4
R0003046,2026-02-12 06:00:00,M004,south,commercial,0,46.924428385512414,45.08869528722901,True,2,-1.8357330982834057,1.8357330982834057,1.8357330982834057,3.3699160081331923,6,3,0,Q1
R0003047,2026-02-12 06:00:00,M005,east,industrial,0,106.3818148616016,104.96265707407328,True,2,-1.4191577875283201,1.4191577875283201,1.4191577875283201,2.0140088259022764,6,3,0,Q5
R0003048,2026-02-12 06:00:00,M006,north,residential,0,97.37106871587704,94.43037644526176,True,2,-2.940692270615287,2.940692270615287,2.940692270615287,8.647671030456491,6,3,0,Q5
R0003049,2026-02-12 06:00:00,M007,south,commercial,0,73.65742040512815,82.98521524258067,True,2,9.327794837452515,-9.327794837452515,9.327794837452515,87.0077565296058,6,3,0,Q3
R0003050,2026-02-12 06:00:00,M008,east,industrial,0,51.97495140427611,54.36479748430646,True,2,2.3898460800303454,-2.3898460800303454,2.3898460800303454,5.711364286236408,6,3,0,Q1
R0003051,2026-02-12 06:00:00,M009,north,residential,0,71.3012973957265,74.2185154065936,True,2,2.917218010867103,-2.917218010867103,2.917218010867103,8.510160922927417,6,3,0,Q2
R0003052,2026-02-12 06:00:00,M010,south,commercial,0,58.06326932768068,56.9115100672001,True,2,-1.1517592604805813,1.1517592604805813,1.1517592604805813,1.3265493941027755,6,3,0,Q2
R0003053,2026-02-12 06:00:00,M011,east,industrial,0,104.42041105974684,100.6815839023987,True,2,-3.7388271573481404,3.7388271573481404,3.7388271573481404,13.978828512523977,6,3,0,Q5
R0003054,2026-02-12 06:00:00,M012,north,residential,0,95.87078604540388,86.68838620930379,True,2,-9.182399836100089,9.182399836100089,9.182399836100089,84.31646675001095,6,3,0,Q4
R0003055,2026-02-12 06:00:00,M013,south,commercial,0,91.23726728313976,83.73031597831068,True,2,-7.506951304829073,7.506951304829073,7.506951304829073,56.35431789307492,6,3,0,Q4
R0003056,2026-02-12 06:00:00,M014,east,industrial,0,71.27920172759067,71.9292222626538,True,2,0.6500205350631205,-0.6500205350631205,0.6500205350631205,0.4225266960037455,6,3,0,Q2
R0003057,2026-02-12 06:00:00,M015,north,residential,0,66.54057651128373,60.538464881832425,True,2,-6.002111629451306,6.002111629451306,6.002111629451306,36.02534401239462,6,3,0,Q2
R0003058,2026-02-12 06:00:00,M016,south,commercial,0,61.1012388078201,59.53740764688358,True,2,-1.5638311609365232,1.5638311609365232,1.5638311609365232,2.4455678999160737,6,3,0,Q2
R0003059,2026-02-12 06:00:00,M017,east,industrial,0,46.200932944925256,46.734083195467406,True,2,0.5331502505421497,-0.5331502505421497,0.5331502505421497,0.284249189653157,6,3,0,Q1
R0003060,2026-02-12 12:00:00,M000,north,residential,0,89.1031259305741,85.14168028212002,True,2,-3.961445648454074,3.961445648454074,3.961445648454074,15.693051625655718,12,3,0,Q4
R0003061,2026-02-12 12:00:00,M001,south,commercial,0,75.79067239302545,69.97369578246048,True,2,-5.816976610564964,5.816976610564964,5.816976610564964,33.83721688785986,12,3,0,Q3
R0003062,2026-02-12 12:00:00,M002,east,industrial,0,89.11359307015462,88.69474528012039,True,2,-0.4188477900342349,0.4188477900342349,0.4188477900342349,0.17543347121656253,12,3,0,Q4
R0003063,2026-02-12 12:00:00,M003,north,residential,0,85.13127666024657,85.31822816025176,True,2,0.18695150000519334,-0.18695150000519334,0.18695150000519334,0.034950863354191807,12,3,0,Q3
R0003064,2026-02-12 12:00:00,M004,south,commercial,0,57.24962411793867,55.25271927189908,True,2,-1.996904846039591,1.996904846039591,1.996904846039591,3.987628964136403,12,3,0,Q2
R0003065,2026-02-12 12:00:00,M005,east,industrial,0,103.39133038611575,101.18011879498296,True,2,-2.2112115911327948,2.2112115911327948,2.2112115911327948,4.889456700760026,12,3,0,Q5
R0003066,2026-02-12 12:00:00,M006,north,residential,0,83.59603834251536,85.0452211197124,True,2,1.4491827771970378,-1.4491827771970378,1.4491827771970378,2.1001307217245193,12,3,0,Q3
R0003067,2026-02-12 12:00:00,M007,south,commercial,0,92.9745608498172,89.54321084663435,True,2,-3.4313500031828426,3.4313500031828426,3.4313500031828426,11.774162844342893,12,3,0,Q4
R0003068,2026-02-12 12:00:00,M008,east,industrial,0,37.55095465651216,47.97401663125343,True,2,10.423061974741266,-10.423061974741266,10.423061974741266,108.6402209292973,12,3,0,Q1
R0003069,2026-02-12 12:00:00,M009,north,residential,0,70.1803258250564,69.97486251877606,True,2,-0.20546330628033616,0.20546330628033616,0.20546330628033616,0.042215170227647224,12,3,0,Q2
R0003070,2026-02-12 12:00:00,M010,south,commercial,0,68.87906397468865,69.11532116679133,True,2,0.23625719210268414,-0.23625719210268414,0.23625719210268414,0.0558174608202446,12,3,0,Q2
R0003071,2026-02-12 12:00:00,M011,east,industrial,0,95.48611513546436,97.16769706862276,True,2,1.681581933158398,-1.681581933158398,1.681581933158398,2.8277177979247354,12,3,0,Q4
R0003072,2026-02-12 12:00:00,M012,north,residential,0,79.63887433111583,78.33843381833883,True,2,-1.3004405127770013,1.3004405127770013,1.3004405127770013,1.6911455272717102,12,3,0,Q3
R0003073,2026-02-12 12:00:00,M013,south,commercial,0,94.24969306810084,91.4282192333136,True,2,-2.8214738347872412,2.8214738347872412,2.8214738347872412,7.960714600389021,12,3,0,Q4
R0003074,2026-02-12 12:00:00,M014,east,industrial,0,68.45859128503832,70.95572674050027,True,2,2.497135455461944,-2.497135455461944,2.497135455461944,6.235685482925129,12,3,0,Q2
R0003075,2026-02-12 12:00:00,M015,north,residential,0,54.08126241397365,55.75507478220605,True,2,1.6738123682324044,-1.6738123682324044,1.6738123682324044,2.8016478440477703,12,3,0,Q1
R0003076,2026-02-12 12:00:00,M016,south,commercial,0,72.96698899454404,74.68780585321224,True,2,1.7208168586682007,-1.7208168586682007,1.7208168586682007,2.961210661076694,12,3,0,Q3
R0003077,2026-02-12 12:00:00,M017,east,industrial,0,43.24923890666034,42.21803649009789,True,2,-1.0312024165624507,1.0312024165624507,1.0312024165624507,1.063378423924238,12,3,0,Q1
R0003078,2026-02-12 18:00:00,M000,north,residential,0,94.81092556716872,90.98085272603517,True,2,-3.830072841133557,3.830072841133557,3.830072841133557,14.669457968388876,18,3,0,Q4
R0003079,2026-02-12 18:00:00,M001,south,commercial,0,74.83940629348633,74.85238375186786,True,2,0.01297745838152764,-0.01297745838152764,0.01297745838152764,0.000168414426044282,18,3,0,Q3
R0003080,2026-02-12 18:00:00,M002,east,industrial,1,73.53469597715606,86.6606700126284,True,2,13.125974035472339,-13.125974035472339,13.125974035472339,172.291194379894,18,3,0,Q3
R0003081,2026-02-12 18:00:00,M003,north,residential,0,89.87826819734653,89.26890275982257,True,2,-0.6093654375239623,0.6093654375239623,0.6093654375239623,0.37132623644877005,18,3,0,Q4
R0003082,2026-02-12 18:00:00,M004,south,commercial,0,57.030143363352416,56.32906448422911,True,2,-0.7010788791233082,0.7010788791233082,0.7010788791233082,0.49151159475279427,18,3,0,Q2
R0003083,2026-02-12 18:00:00,M005,east,industrial,0,97.12831729225948,101.73943206451888,True,2,4.611114772259398,-4.611114772259398,4.611114772259398,21.262379442948845,18,3,0,Q5
R0003084,2026-02-12 18:00:00,M006,north,residential,0,89.28923166905615,89.84606807398204,True,2,0.5568364049258889,-0.5568364049258889,0.5568364049258889,0.31006678185078856,18,3,0,Q4
R0003085,2026-02-12 18:00:00,M007,south,commercial,0,91.88967119960104,90.5443301491228,True,2,-1.3453410504782397,1.3453410504782397,1.3453410504782397,1.8099425421018935,18,3,0,Q4
R0003086,2026-02-12 18:00:00,M008,east,industrial,0,46.797879818412966,47.8595444302074,True,2,1.0616646117944342,-1.0616646117944342,1.0616646117944342,1.1271317479366265,18,3,0,Q1
R0003087,2026-02-12 18:00:00,M009,north,residential,0,73.39480564648738,74.5384779182526,True,2,1.1436722717652117,-1.1436722717652117,1.1436722717652117,1.3079862652046002,18,3,0,Q3
R0003088,2026-02-12 18:00:00,M010,south,commercial,0,70.9352108524798,69.40691600132794,True,2,-1.5282948511518555,1.5282948511518555,1.5282948511518555,2.335685152057272,18,3,0,Q2
R0003089,2026-02-12 18:00:00,M011,east,industrial,0,92.6208598841667,97.24880918317012,True,2,4.627949299003419,-4.627949299003419,4.627949299003419,21.41791471414623,18,3,0,Q4
R0003090,2026-02-12 18:00:00,M012,north,residential,0,91.899436542229,77.61111536854047,True,2,-14.28832117368853,14.28832117368853,14.28832117368853,204.15612196247596,18,3,0,Q4
R0003091,2026-02-12 18:00:00,M013,south,commercial,0,101.5460443584876,89.79207951407882,True,2,-11.753964844408785,11.753964844408785,11.753964844408785,138.15568956359763,18,3,0,Q5
R0003092,2026-02-12 18:00:00,M014,east,industrial,0,60.11267595476248,69.33873782864501,True,2,9.226061873882529,-9.226061873882529,9.226061873882529,85.12021770070879,18,3,0,Q2
R0003093,2026-02-12 18:00:00,M015,north,residential,0,58.89356127830148,58.61162019559233,True,2,-0.2819410827091531,0.2819410827091531,0.2819410827091531,0.0794907741192095,18,3,0,Q2
R0003094,2026-02-12 18:00:00,M016,south,commercial,0,77.7321503212266,72.93488101234415,True,2,-4.7972693088824485,4.7972693088824485,4.7972693088824485,23.013792821945486,18,3,0,Q3
R0003095,2026-02-12 18:00:00,M017,east,industrial,0,45.2989406280662,43.9931778609163,True,2,-1.3057627671499006,1.3057627671499006,1.3057627671499006,1.7050164040749656,18,3,0,Q1
R0003096,2026-02-13 00:00:00,M000,north,residential,0,93.69248350031536,96.45475906280608,True,2,2.7622755624907143,-2.7622755624907143,2.7622755624907143,7.630166283133392,0,4,0,Q4
R0003097,2026-02-13 00:00:00,M001,south,commercial,0,61.92384210118413,65.95035944465916,True,2,4.026517343475028,-4.026517343475028,4.026517343475028,16.212841917305198,0,4,0,Q2
R0003098,2026-02-13 00:00:00,M002,east,industrial,0,99.55133077901355,95.20906731959282,True,2,-4.342263459420735,4.342263459420735,4.342263459420735,18.85525195102053,0,4,0,Q5
R0003099,2026-02-13 00:00:00,M003,north,residential,0,91.96054683146708,95.09588583431268,True,2,3.1353390028455976,-3.1353390028455976,3.1353390028455976,9.830350662764827,0,4,0,Q4
R0003100,2026-02-13 00:00:00,M004,south,commercial,0,50.47703429895012,46.645791761418,True,2,-3.8312425375321197,3.8312425375321197,3.8312425375321197,14.678419381395557,0,4,0,Q1
R0003101,2026-02-13 00:00:00,M005,east,industrial,0,107.94410664257344,105.40203951141396,True,2,-2.5420671311594845,2.5420671311594845,2.5420671311594845,6.462105299321411,0,4,0,Q5
R0003102,2026-02-13 00:00:00,M006,north,residential,0,95.1468483131098,91.81308850120162,True,2,-3.3337598119081804,3.3337598119081804,3.3337598119081804,11.113954483494066,0,4,0,Q4
R0003103,2026-02-13 00:00:00,M007,south,commercial,0,77.82988692117534,82.36431230338778,True,2,4.534425382212433,-4.534425382212433,4.534425382212433,20.56101354685237,0,4,0,Q3
R0003104,2026-02-13 00:00:00,M008,east,industrial,0,56.26368184344606,52.20942548656306,True,2,-4.054256356882995,4.054256356882995,4.054256356882995,16.436994607326174,0,4,0,Q1
R0003105,2026-02-13 00:00:00,M009,north,residential,0,78.53226085305174,76.76999992712817,True,2,-1.7622609259235702,1.7622609259235702,1.7622609259235702,3.105563571036999,0,4,0,Q3
R0003106,2026-02-13 00:00:00,M010,south,commercial,0,61.27911341542863,60.93946225439625,True,2,-0.3396511610323856,0.3396511610323856,0.3396511610323856,0.11536291119064751,0,4,0,Q2
R0003107,2026-02-13 00:00:00,M011,east,industrial,0,105.60214124555462,101.993894885795,True,2,-3.608246359759619,3.608246359759619,3.608246359759619,13.01944179271854,0,4,0,Q5
R0003108,2026-02-13 00:00:00,M012,north,residential,0,93.33205123880764,82.37918037282398,True,2,-10.952870865983655,10.952870865983655,10.952870865983655,119.96538020691355,0,4,0,Q4
R0003109,2026-02-13 00:00:00,M013,south,commercial,0,94.76730264643716,86.01819692004321,True,2,-8.74910572639395,8.74910572639395,8.74910572639395,76.5468510116194,0,4,0,Q4
R0003110,2026-02-13 00:00:00,M014,east,industrial,0,74.95020283632574,72.02903564975101,True,2,-2.921167186574735,2.921167186574735,2.921167186574735,8.533217731920951,0,4,0,Q3
R0003111,2026-02-13 00:00:00,M015,north,residential,0,67.4173050528531,63.7563353978984,True,2,-3.660969654954698,3.660969654954698,3.660969654954698,13.402698814499121,0,4,0,Q2
R0003112,2026-02-13 00:00:00,M016,south,commercial,0,60.60744143591003,59.72772829698231,True,2,-0.8797131389277197,0.8797131389277197,0.8797131389277197,0.7738952068020616,0,4,0,Q2
R0003113,2026-02-13 00:00:00,M017,east,industrial,0,41.20675527465355,46.310455741282105,True,2,5.103700466628553,-5.103700466628553,5.103700466628553,26.047758453064507,0,4,0,Q1
R0003114,2026-02-13 06:00:00,M000,north,residential,0,95.36033758320818,96.43548501925916,True,2,1.0751474360509832,-1.0751474360509832,1.0751474360509832,1.155942009247003,6,4,0,Q4
R0003115,2026-02-13 06:00:00,M001,south,commercial,0,55.96609347166262,59.64319638659929,True,2,3.6771029149366754,-3.6771029149366754,3.6771029149366754,13.521085847035796,6,4,0,Q1
R0003116,2026-02-13 06:00:00,M002,east,industrial,0,98.62192113791154,94.22886287561371,True,2,-4.393058262297828,4.393058262297828,4.393058262297828,19.29896089594321,6,4,0,Q5
R0003117,2026-02-13 06:00:00,M003,north,residential,0,94.27127807716776,95.6355199129906,True,2,1.3642418358228383,-1.3642418358228383,1.3642418358228383,1.861155786609268,6,4,0,Q4
R0003118,2026-02-13 06:00:00,M004,south,commercial,0,40.47778767677958,40.8103383406085,True,2,0.3325506638289255,-0.3325506638289255,0.3325506638289255,0.11058994401305902,6,4,0,Q1
R0003119,2026-02-13 06:00:00,M005,east,industrial,0,107.37223132980787,105.8897704519023,True,2,-1.4824608779055808,1.4824608779055808,1.4824608779055808,2.197690254520585,6,4,0,Q5
R0003120,2026-02-13 06:00:00,M006,north,residential,0,94.08104922663767,93.02777769892658,True,2,-1.0532715277110896,1.0532715277110896,1.0532715277110896,1.1093809110868524,6,4,0,Q4
R0003121,2026-02-13 06:00:00,M007,south,commercial,0,82.1380400288028,78.63894230850916,True,2,-3.4990977202936477,3.4990977202936477,3.4990977202936477,12.243684856164203,6,4,0,Q3
R0003122,2026-02-13 06:00:00,M008,east,industrial,0,50.11393016480944,50.828357240628,True,2,0.7144270758185627,-0.7144270758185627,0.7144270758185627,0.5104060466626623,6,4,0,Q1
R0003123,2026-02-13 06:00:00,M009,north,residential,0,76.39862631789858,77.94037408918486,True,2,1.541747771286282,-1.541747771286282,1.541747771286282,2.3769861902662175,6,4,0,Q3
R0003124,2026-02-13 06:00:00,M010,south,commercial,0,56.34551692691364,57.88885992718685,True,2,1.543343000273211,-1.543343000273211,1.543343000273211,2.3819076164923163,6,4,0,Q2
R0003125,2026-02-13 06:00:00,M011,east,industrial,0,99.95935868117884,101.57833092855252,True,2,1.6189722473736765,-1.6189722473736765,1.6189722473736765,2.621071137766173,6,4,0,Q5
R0003126,2026-02-13 06:00:00,M012,north,residential,0,97.9503944750462,83.28767595652265,True,2,-14.662718518523548,14.662718518523548,14.662718518523548,214.99531435345338,6,4,0,Q5
R0003127,2026-02-13 06:00:00,M013,south,commercial,0,86.22529930418911,88.31683664968686,True,2,2.0915373454977555,-2.0915373454977555,2.0915373454977555,4.374528467611797,6,4,0,Q3
R0003128,2026-02-13 06:00:00,M014,east,industrial,0,69.5486470412159,70.88240890191966,True,2,1.3337618607037598,-1.3337618607037598,1.3337618607037598,1.7789207010679555,6,4,0,Q2
R0003129,2026-02-13 06:00:00,M015,north,residential,0,67.1931319093182,59.46321110750341,True,2,-7.729920801814785,7.729920801814785,7.729920801814785,59.75167560232893,6,4,0,Q2
R0003130,2026-02-13 06:00:00,M016,south,commercial,0,61.242283505216186,60.18083358222152,True,2,-1.0614499229946688,1.0614499229946688,1.0614499229946688,1.1266759390253882,6,4,0,Q2
R0003131,2026-02-13 06:00:00,M017,east,industrial,0,48.31847162793096,45.44239474060671,True,2,-2.8760768873242526,2.8760768873242526,2.8760768873242526,8.271818261800762,6,4,0,Q1
R0003132,2026-02-13 12:00:00,M000,north,residential,0,82.7386474020962,87.62652852227144,True,2,4.887881120175237,-4.887881120175237,4.887881120175237,23.89138184496553,12,4,0,Q3
R0003133,2026-02-13 12:00:00,M001,south,commercial,0,72.94250526060873,71.08560769407063,True,2,-1.8568975665380947,1.8568975665380947,1.8568975665380947,3.4480685726150977,12,4,0,Q3
R0003134,2026-02-13 12:00:00,M002,east,industrial,0,95.28778427376,88.1452477414107,True,2,-7.142536532349297,7.142536532349297,7.142536532349297,51.015828115944316,12,4,0,Q4
R0003135,2026-02-13 12:00:00,M003,north,residential,0,79.59812039818873,84.15855800924648,True,2,4.5604376110577505,-4.5604376110577505,4.5604376110577505,20.797591204350123,12,4,0,Q3
R0003136,2026-02-13 12:00:00,M004,south,commercial,0,57.16501281439111,54.84835133335684,True,2,-2.3166614810342736,2.3166614810342736,2.3166614810342736,5.366920417707914,12,4,0,Q2
R0003137,2026-02-13 12:00:00,M005,east,industrial,1,86.85601913774046,98.30028230074268,True,2,11.44426316300222,-11.44426316300222,11.44426316300222,130.97115934404957,12,4,0,Q4
R0003138,2026-02-13 12:00:00,M006,north,residential,0,89.90456927475493,83.28240398109942,True,2,-6.622165293655513,6.622165293655513,6.622165293655513,43.853073176495606,12,4,0,Q4
R0003139,2026-02-13 12:00:00,M007,south,commercial,0,97.72419700169952,90.20711842890468,True,2,-7.517078572794844,7.517078572794844,7.517078572794844,56.50647026957137,12,4,0,Q5
R0003140,2026-02-13 12:00:00,M008,east,industrial,0,48.450219550192216,49.96053339414077,True,2,1.510313843948552,-1.510313843948552,1.510313843948552,2.281047907222651,12,4,0,Q1
R0003141,2026-02-13 12:00:00,M009,north,residential,0,62.21382635718665,68.93724242979815,True,2,6.723416072611499,-6.723416072611499,6.723416072611499,45.20432368545064,12,4,0,Q2
R0003142,2026-02-13 12:00:00,M010,south,commercial,0,68.46693521142663,70.81205644030986,True,2,2.3451212288832295,-2.3451212288832295,2.3451212288832295,5.499593578158788,12,4,0,Q2
R0003143,2026-02-13 12:00:00,M011,east,industrial,0,98.28787016567166,96.61726598092446,True,2,-1.670604184747205,1.670604184747205,1.670604184747205,2.7909183420948738,12,4,0,Q5
R0003144,2026-02-13 12:00:00,M012,north,residential,0,74.95671294535674,73.39427609096668,True,2,-1.5624368543900573,1.5624368543900573,1.5624368543900573,2.4412089239562973,12,4,0,Q3
R0003145,2026-02-13 12:00:00,M013,south,commercial,0,92.83510039674896,89.51872263645002,True,2,-3.316377760298934,3.316377760298934,3.316377760298934,10.998361449005374,12,4,0,Q4
R0003146,2026-02-13 12:00:00,M014,east,industrial,0,67.27454968366523,71.26945821343871,True,2,3.9949085297734825,-3.9949085297734825,3.9949085297734825,15.959294161256928,12,4,0,Q2
R0003147,2026-02-13 12:00:00,M015,north,residential,0,54.02298725990797,65.0257902148467,True,2,11.002802954938723,-11.002802954938723,11.002802954938723,121.0616728652083,12,4,0,Q1
R0003148,2026-02-13 12:00:00,M016,south,commercial,0,76.24218510523545,71.78211787107088,True,2,-4.460067234164569,4.460067234164569,4.460067234164569,19.892199733268388,12,4,0,Q3
R0003149,2026-02-13 12:00:00,M017,east,industrial,0,40.669188583670085,41.624338482565285,True,2,0.9551498988952005,-0.9551498988952005,0.9551498988952005,0.9123113293595118,12,4,0,Q1
R0003150,2026-02-13 18:00:00,M000,north,residential,0,96.19985046388328,93.66644223731652,True,2,-2.5334082265667632,2.5334082265667632,2.5334082265667632,6.418157242436152,18,4,0,Q5
R0003151,2026-02-13 18:00:00,M001,south,commercial,0,68.87259208308886,74.47848092999607,True,2,5.605888846907206,-5.605888846907206,5.605888846907206,31.425989763878604,18,4,0,Q2
R0003152,2026-02-13 18:00:00,M002,east,industrial,0,89.16997830762698,90.3384841457896,True,2,1.1685058381626163,-1.1685058381626163,1.1685058381626163,1.3654058938201186,18,4,0,Q4
R0003153,2026-02-13 18:00:00,M003,north,residential,0,91.3091632997578,90.20642953518735,True,2,-1.102733764570445,1.102733764570445,1.102733764570445,1.2160217555237054,18,4,0,Q4
R0003154,2026-02-13 18:00:00,M004,south,commercial,0,56.03332695660207,56.38939330917133,True,2,0.35606635256926467,-0.35606635256926467,0.35606635256926467,0.12678324743197988,18,4,0,Q1
R0003155,2026-02-13 18:00:00,M005,east,industrial,0,103.282501823359,102.31907340313668,True,2,-0.9634284202223142,0.9634284202223142,0.9634284202223142,0.9281943208920641,18,4,0,Q5
R0003156,2026-02-13 18:00:00,M006,north,residential,0,90.27783630081498,90.64563467359184,True,2,0.36779837277686056,-0.36779837277686056,0.36779837277686056,0.1352756430173065,18,4,0,Q4
R0003157,2026-02-13 18:00:00,M007,south,commercial,0,92.36667192091991,91.4148633246041,True,2,-0.9518085963158143,0.9518085963158143,0.9518085963158143,0.9059396040206807,18,4,0,Q4
R0003158,2026-02-13 18:00:00,M008,east,industrial,0,41.10198129840394,47.52763610812789,True,2,6.425654809723952,-6.425654809723952,6.425654809723952,41.28903973372855,18,4,0,Q1
R0003159,2026-02-13 18:00:00,M009,north,residential,0,68.9220006514347,71.94270982773448,True,2,3.020709176299775,-3.020709176299775,3.020709176299775,9.124683927781664,18,4,0,Q2
R0003160,2026-02-13 18:00:00,M010,south,commercial,0,70.15499329057437,72.72657870766145,True,2,2.5715854170870784,-2.5715854170870784,2.5715854170870784,6.613051557374924,18,4,0,Q2
R0003161,2026-02-13 18:00:00,M011,east,industrial,0,94.25728403866329,97.61063421350724,True,2,3.3533501748439534,-3.3533501748439534,3.3533501748439534,11.244957395125972,18,4,0,Q4
R0003162,2026-02-13 18:00:00,M012,north,residential,0,86.88577990614328,81.82976245630904,True,2,-5.056017449834243,5.056017449834243,5.056017449834243,25.563312453028367,18,4,0,Q4
R0003163,2026-02-13 18:00:00,M013,south,commercial,0,93.35664491345396,91.65965302899636,True,2,-1.6969918844576029,1.6969918844576029,1.6969918844576029,2.879781455914966,18,4,0,Q4
R0003164,2026-02-13 18:00:00,M014,east,industrial,0,68.88936071768508,67.16156467849342,True,2,-1.7277960391916594,1.7277960391916594,1.7277960391916594,2.985279153046386,18,4,0,Q2
R0003165,2026-02-13 18:00:00,M015,north,residential,0,64.45921377388923,62.62435990470595,True,2,-1.8348538691832843,1.8348538691832843,1.8348538691832843,3.366688721256869,18,4,0,Q2
R0003166,2026-02-13 18:00:00,M016,south,commercial,0,71.10398005274057,71.02223071348179,True,2,-0.08174933925877781,0.08174933925877781,0.08174933925877781,0.0066829544692467505,18,4,0,Q2
R0003167,2026-02-13 18:00:00,M017,east,industrial,0,39.40628485490968,42.42787099400984,True,2,3.021586139100158,-3.021586139100158,3.021586139100158,9.129982796002201,18,4,0,Q1
R0003168,2026-02-14 00:00:00,M000,north,residential,0,104.64572638907666,100.92851909960868,True,2,-3.7172072894679786,3.7172072894679786,3.7172072894679786,13.817630032873877,0,5,1,Q5
R0003169,2026-02-14 00:00:00,M001,south,commercial,0,51.07289115096344,59.194461518324,True,2,8.121570367360555,-8.121570367360555,8.121570367360555,65.95990523198905,0,5,1,Q1
R0003170,2026-02-14 00:00:00,M002,east,industrial,0,94.576956335985,93.32747070947052,True,2,-1.2494856265144847,1.2494856265144847,1.2494856265144847,1.5612143308662942,0,5,1,Q4
R0003171,2026-02-14 00:00:00,M003,north,residential,0,95.759527129282,95.612918083976,True,2,-0.1466090453060076,0.1466090453060076,0.1466090453060076,0.02149421216553899,0,5,1,Q4
R0003172,2026-02-14 00:00:00,M004,south,commercial,0,41.531040653428754,46.36888394050971,True,2,4.837843287080958,-4.837843287080958,4.837843287080958,23.404727670354283,0,5,1,Q1
R0003173,2026-02-14 00:00:00,M005,east,industrial,0,112.47710860689811,108.52861288532712,True,2,-3.9484957215709926,3.9484957215709926,3.9484957215709926,15.590618463264434,0,5,1,Q5
R0003174,2026-02-14 00:00:00,M006,north,residential,0,96.1401412795766,94.0276897245098,True,2,-2.112451555066798,2.112451555066798,2.112451555066798,4.462451572504133,0,5,1,Q5
R0003175,2026-02-14 00:00:00,M007,south,commercial,0,74.38432519357498,80.0741389613175,True,2,5.689813767742521,-5.689813767742521,5.689813767742521,32.373980711592345,0,5,1,Q3
R0003176,2026-02-14 00:00:00,M008,east,industrial,0,54.59772922287529,52.44761482281562,True,2,-2.150114400059664,2.150114400059664,2.150114400059664,4.622991933343928,0,5,1,Q1
R0003177,2026-02-14 00:00:00,M009,north,residential,0,74.89227124269303,75.10541894844742,True,2,0.21314770575439468,-0.21314770575439468,0.21314770575439468,0.04543194446836202,0,5,1,Q3
R0003178,2026-02-14 00:00:00,M010,south,commercial,0,48.77725335382945,56.8611362852989,True,2,8.083882931469446,-8.083882931469446,8.083882931469446,65.34916324970305,0,5,1,Q1
R0003179,2026-02-14 00:00:00,M011,east,industrial,0,99.4681312764556,103.14602793275596,True,2,3.677896656300362,-3.677896656300362,3.677896656300362,13.526923814425384,0,5,1,Q5
R0003180,2026-02-14 00:00:00,M012,north,residential,0,99.4272375525789,94.6924479586044,True,2,-4.734789593974497,4.734789593974497,4.734789593974497,22.418232499209186,0,5,1,Q5
R0003181,2026-02-14 00:00:00,M013,south,commercial,0,82.609718388637,88.14514629348464,True,2,5.535427904847637,-5.535427904847637,5.535427904847637,30.640962089765903,0,5,1,Q3
R0003182,2026-02-14 00:00:00,M014,east,industrial,0,70.96835014174876,71.18726029866164,True,2,0.21891015691288374,-0.21891015691288374,0.21891015691288374,0.04792165679962338,0,5,1,Q2
R0003183,2026-02-14 00:00:00,M015,north,residential,0,65.83010844547043,65.6027134871231,True,2,-0.22739495834733248,0.22739495834733248,0.22739495834733248,0.05170846708178507,0,5,1,Q2
R0003184,2026-02-14 00:00:00,M016,south,commercial,0,57.3966731979243,51.65238818418133,True,2,-5.744285013742967,5.744285013742967,5.744285013742967,32.99681031911204,0,5,1,Q2
R0003185,2026-02-14 00:00:00,M017,east,industrial,0,51.32079824836398,46.12805400475886,True,2,-5.192744243605119,5.192744243605119,5.192744243605119,26.964592779494104,0,5,1,Q1
R0003186,2026-02-14 06:00:00,M000,north,residential,0,95.59978505333828,90.43904663269868,True,2,-5.160738420639603,5.160738420639603,5.160738420639603,26.63322104626575,6,5,1,Q4
R0003187,2026-02-14 06:00:00,M001,south,commercial,0,50.14701663287453,51.5881325375824,True,2,1.4411159047078712,-1.4411159047078712,1.4411159047078712,2.076815050801986,6,5,1,Q1
R0003188,2026-02-14 06:00:00,M002,east,industrial,0,97.15888709048365,92.79168151384538,True,2,-4.36720557663827,4.36720557663827,4.36720557663827,19.0724845486204,6,5,1,Q5
R0003189,2026-02-14 06:00:00,M003,north,residential,0,93.05873220601376,90.97182303558488,True,2,-2.086909170428882,2.086909170428882,2.086909170428882,4.355189885620165,6,5,1,Q4
R0003190,2026-02-14 06:00:00,M004,south,commercial,0,35.93115127545856,38.276064968794905,True,2,2.344913693336345,-2.344913693336345,2.344913693336345,5.498620229196297,6,5,1,Q1
R0003191,2026-02-14 06:00:00,M005,east,industrial,0,107.01681919258446,103.8733382353312,True,2,-3.14348095725326,3.14348095725326,3.14348095725326,9.881472528613871,6,5,1,Q5
R0003192,2026-02-14 06:00:00,M006,north,residential,0,96.74112571773838,93.51065189966364,True,2,-3.230473818074742,3.230473818074742,3.230473818074742,10.435961089266401,6,5,1,Q5
R0003193,2026-02-14 06:00:00,M007,south,commercial,0,72.06447780882976,76.93596924978125,True,2,4.871491440951488,-4.871491440951488,4.871491440951488,23.731428859263602,6,5,1,Q3
R0003194,2026-02-14 06:00:00,M008,east,industrial,0,50.33102364405297,51.69418581345838,True,2,1.3631621694054132,-1.3631621694054132,1.3631621694054132,1.8582111000980726,6,5,1,Q1
R0003195,2026-02-14 06:00:00,M009,north,residential,0,71.93718379557222,74.5235364130675,True,2,2.5863526174952796,-2.5863526174952796,2.5863526174952796,6.689219862024684,6,5,1,Q3
R0003196,2026-02-14 06:00:00,M010,south,commercial,0,50.52599848858939,57.09240410951632,True,2,6.566405620926936,-6.566405620926936,6.566405620926936,43.11768277854086,6,5,1,Q1
R0003197,2026-02-14 06:00:00,M011,east,industrial,0,102.44281839117524,102.9129356522103,True,2,0.4701172610350568,-0.4701172610350568,0.4701172610350568,0.22101023912310375,6,5,1,Q5
R0003198,2026-02-14 06:00:00,M012,north,residential,0,101.63037473125009,93.57543675754222,True,2,-8.054937973707865,8.054937973707865,8.054937973707865,64.88202576028097,6,5,1,Q5
R0003199,2026-02-14 06:00:00,M013,south,commercial,0,81.42663501555565,81.0114166216595,True,2,-0.41521839389614,0.41521839389614,0.41521839389614,0.17240631462969008,6,5,1,Q3
R0003200,2026-02-14 06:00:00,M014,east,industrial,0,72.74234865254763,70.22630272402724,True,2,-2.5160459285203984,2.5160459285203984,2.5160459285203984,6.3304871144240735,6,5,1,Q3
R0003201,2026-02-14 06:00:00,M015,north,residential,0,73.51723674952655,64.99463889387417,True,2,-8.522597855652378,8.522597855652378,8.522597855652378,72.63467420917053,6,5,1,Q3
R0003202,2026-02-14 06:00:00,M016,south,commercial,0,57.18748957166255,63.858746375408224,True,2,6.6712568037456705,-6.6712568037456705,6.6712568037456705,44.5056673415229,6,5,1,Q2
R0003203,2026-02-14 06:00:00,M017,east,industrial,0,46.04184224380623,44.64518798501743,True,2,-1.3966542587888,1.3966542587888,1.3966542587888,1.9506431185928923,6,5,1,Q1
R0003204,2026-02-14 12:00:00,M000,north,residential,0,80.33988890365957,87.23916067930162,True,2,6.899271775642049,-6.899271775642049,6.899271775642049,47.59995103417099,12,5,1,Q3
R0003205,2026-02-14 12:00:00,M001,south,commercial,0,64.52424385584912,66.49360507171228,True,2,1.9693612158631595,-1.9693612158631595,1.9693612158631595,3.878383598546022,12,5,1,Q2
R0003206,2026-02-14 12:00:00,M002,east,industrial,0,90.67124103196092,88.91811951238718,True,2,-1.7531215195737389,1.7531215195737389,1.7531215195737389,3.073435062392535,12,5,1,Q4
R0003207,2026-02-14 12:00:00,M003,north,residential,0,86.18511750833537,86.91252998665483,True,2,0.7274124783194651,-0.7274124783194651,0.7274124783194651,0.5291289136148662,12,5,1,Q3
R0003208,2026-02-14 12:00:00,M004,south,commercial,0,46.08755881130006,54.41615741270032,True,2,8.328598601400259,-8.328598601400259,8.328598601400259,69.36555466324634,12,5,1,Q1
R0003209,2026-02-14 12:00:00,M005,east,industrial,0,100.33908641477038,101.61728095178395,True,2,1.2781945370135759,-1.2781945370135759,1.2781945370135759,1.6337812744513496,12,5,1,Q5
R0003210,2026-02-14 12:00:00,M006,north,residential,0,83.48227559651116,81.76683234339819,True,2,-1.7154432531129657,1.7154432531129657,1.7154432531129657,2.9427455546507946,12,5,1,Q3
R0003211,2026-02-14 12:00:00,M007,south,commercial,0,88.47336672026537,86.57999167560986,True,2,-1.8933750446555138,1.8933750446555138,1.8933750446555138,3.584869059724269,12,5,1,Q4
R0003212,2026-02-14 12:00:00,M008,east,industrial,0,50.64148498048274,52.35923030759376,True,2,1.7177453271110252,-1.7177453271110252,1.7177453271110252,2.950649008811763,12,5,1,Q1
R0003213,2026-02-14 12:00:00,M009,north,residential,0,67.13791940819989,67.47484211120812,True,2,0.33692270300822713,-0.33692270300822713,0.33692270300822713,0.11351690780237002,12,5,1,Q2
R0003214,2026-02-14 12:00:00,M010,south,commercial,0,59.2077830790528,69.86853385883268,True,2,10.660750779779875,-10.660750779779875,10.660750779779875,113.6516071885772,12,5,1,Q2
R0003215,2026-02-14 12:00:00,M011,east,industrial,0,98.8154471012422,97.71248146858224,True,2,-1.1029656326599593,1.1029656326599593,1.1029656326599593,1.2165331868289841,12,5,1,Q5
R0003216,2026-02-14 12:00:00,M012,north,residential,0,79.12734125442094,83.6266030015302,True,2,4.499261747109259,-4.499261747109259,4.499261747109259,20.243356269000657,12,5,1,Q3
R0003217,2026-02-14 12:00:00,M013,south,commercial,0,91.03358220454707,83.04569050421735,True,2,-7.987891700329726,7.987891700329726,7.987891700329726,63.806413816196525,12,5,1,Q4
R0003218,2026-02-14 12:00:00,M014,east,industrial,0,66.98920295868953,70.5252218559206,True,2,3.5360188972310738,-3.5360188972310738,3.5360188972310738,12.50342964157526,12,5,1,Q2
R0003219,2026-02-14 12:00:00,M015,north,residential,0,55.41707064834039,61.15465053369415,True,2,5.73757988535376,-5.73757988535376,5.73757988535376,32.91982294081607,12,5,1,Q1
R0003220,2026-02-14 12:00:00,M016,south,commercial,0,74.91907625362637,70.3842133439062,True,2,-4.534862909720175,4.534862909720175,4.534862909720175,20.564981609955733,12,5,1,Q3
R0003221,2026-02-14 12:00:00,M017,east,industrial,0,44.027423251769264,44.01741764830883,True,2,-0.010005603460434997,0.010005603460434997,0.010005603460434997,0.0001001121006074688,12,5,1,Q1
R0003222,2026-02-14 18:00:00,M000,north,residential,0,93.4099133505084,90.95423041459544,True,2,-2.455682935912961,2.455682935912961,2.455682935912961,6.030378681734099,18,5,1,Q4
R0003223,2026-02-14 18:00:00,M001,south,commercial,0,66.88480526819387,66.81444896347854,True,2,-0.07035630471533239,0.07035630471533239,0.07035630471533239,0.004950009613196702,18,5,1,Q2
R0003224,2026-02-14 18:00:00,M002,east,industrial,0,85.44026320106124,88.27300516201994,True,2,2.8327419609586997,-2.8327419609586997,2.8327419609586997,8.024427017376139,18,5,1,Q3
R0003225,2026-02-14 18:00:00,M003,north,residential,0,96.70787680801972,89.79571150817084,True,2,-6.91216529984888,6.91216529984888,6.91216529984888,47.77802913243495,18,5,1,Q5
R0003226,2026-02-14 18:00:00,M004,south,commercial,0,50.03641814529261,57.69995373474403,True,2,7.6635355894514205,-7.6635355894514205,7.6635355894514205,58.729777730788534,18,5,1,Q1
R0003227,2026-02-14 18:00:00,M005,east,industrial,0,101.42143774133376,101.54692790344046,True,2,0.1254901621067006,-0.1254901621067006,0.1254901621067006,0.015747780785565997,18,5,1,Q5
R0003228,2026-02-14 18:00:00,M006,north,residential,0,84.42108034998171,90.78639153970016,True,2,6.365311189718454,-6.365311189718454,6.365311189718454,40.51718654195496,18,5,1,Q3
R0003229,2026-02-14 18:00:00,M007,south,commercial,0,85.72864653789571,89.13397066280211,True,2,3.4053241249064,-3.4053241249064,3.4053241249064,11.59623239566954,18,5,1,Q3
R0003230,2026-02-14 18:00:00,M008,east,industrial,0,45.31348379882496,48.91672709034861,True,2,3.603243291523647,-3.603243291523647,3.603243291523647,12.983362217910166,18,5,1,Q1
R0003231,2026-02-14 18:00:00,M009,north,residential,0,79.29755795895713,71.284724158074,True,2,-8.01283380088313,8.01283380088313,8.01283380088313,64.20550552057517,18,5,1,Q3
R0003232,2026-02-14 18:00:00,M010,south,commercial,0,67.36636440547358,67.7445707520858,True,2,0.37820634661223096,-0.37820634661223096,0.37820634661223096,0.14304004061777098,18,5,1,Q2
R0003233,2026-02-14 18:00:00,M011,east,industrial,0,96.86058819523832,96.66967100073036,True,2,-0.19091719450796063,0.19091719450796063,0.19091719450796063,0.03644937515879047,18,5,1,Q5
R0003234,2026-02-14 18:00:00,M012,north,residential,0,87.29032237143659,89.17204928109503,True,2,1.8817269096584397,-1.8817269096584397,1.8817269096584397,3.5408961625327016,18,5,1,Q4
R0003235,2026-02-14 18:00:00,M013,south,commercial,0,94.8716114146514,88.85648845160884,True,2,-6.015122963042558,6.015122963042558,6.015122963042558,36.181704260521876,18,5,1,Q4
R0003236,2026-02-14 18:00:00,M014,east,industrial,0,66.99212189645392,68.83034334083757,True,2,1.8382214443836489,-1.8382214443836489,1.8382214443836489,3.379058078591908,18,5,1,Q2
R0003237,2026-02-14 18:00:00,M015,north,residential,0,69.55936554808193,58.18394623450777,True,2,-11.375419313574156,11.375419313574156,11.375419313574156,129.40016455963593,18,5,1,Q2
R0003238,2026-02-14 18:00:00,M016,south,commercial,0,69.30103708310561,67.26731299920962,True,2,-2.03372408389599,2.03372408389599,2.03372408389599,4.136033649418584,18,5,1,Q2
R0003239,2026-02-14 18:00:00,M017,east,industrial,0,43.98855951035011,43.7525128381804,True,2,-0.23604667216970654,0.23604667216970654,0.23604667216970654,0.055718031442392915,18,5,1,Q1
R0003240,2026-02-15 00:00:00,M000,north,residential,0,100.11215401820044,96.31457687937326,True,3,-3.7975771388271795,3.7975771388271795,3.7975771388271795,14.421592125342826,0,6,1,Q5
R0003241,2026-02-15 00:00:00,M001,south,commercial,0,53.72759319227765,54.17296558997586,True,3,0.4453723976982076,-0.4453723976982076,0.4453723976982076,0.19835657263145037,0,6,1,Q1
R0003242,2026-02-15 00:00:00,M002,east,industrial,0,97.52775998004375,94.43109079589917,True,3,-3.096669184144588,3.096669184144588,3.096669184144588,9.589360036030708,0,6,1,Q5
R0003243,2026-02-15 00:00:00,M003,north,residential,0,99.91322804804156,93.80586271810644,True,3,-6.107365329935121,6.107365329935121,6.107365329935121,37.299911273293525,0,6,1,Q5
R0003244,2026-02-15 00:00:00,M004,south,commercial,0,37.37146382489085,39.52799549993546,True,3,2.1565316750446044,-2.1565316750446044,2.1565316750446044,4.650628865470687,0,6,1,Q1
R0003245,2026-02-15 00:00:00,M005,east,industrial,0,107.8498494815354,104.8247428074994,True,3,-3.025106674035996,3.025106674035996,3.025106674035996,9.151270389297126,0,6,1,Q5
R0003246,2026-02-15 00:00:00,M006,north,residential,0,99.1041096506464,93.70447652330634,True,3,-5.399633127340053,5.399633127340053,5.399633127340053,29.156037909868118,0,6,1,Q5
R0003247,2026-02-15 00:00:00,M007,south,commercial,0,75.0320490557661,73.7343421027921,True,3,-1.2977069529739964,1.2977069529739964,1.2977069529739964,1.6840433357970541,0,6,1,Q3
R0003248,2026-02-15 00:00:00,M008,east,industrial,0,55.81010673335165,50.133233652565785,True,3,-5.676873080785867,5.676873080785867,5.676873080785867,32.226887975351225,0,6,1,Q1
R0003249,2026-02-15 00:00:00,M009,north,residential,0,78.06154926111502,76.35845837275608,True,3,-1.7030908883589433,1.7030908883589433,1.7030908883589433,2.9005185740112545,0,6,1,Q3
R0003250,2026-02-15 00:00:00,M010,south,commercial,0,42.1881137460642,48.37580534213658,True,3,6.1876915960723835,-6.1876915960723835,6.1876915960723835,38.2875272881048,0,6,1,Q1
R0003251,2026-02-15 00:00:00,M011,east,industrial,0,104.87553451840344,99.9419401909912,True,3,-4.933594327412237,4.933594327412237,4.933594327412237,24.340352987474205,0,6,1,Q5
R0003252,2026-02-15 00:00:00,M012,north,residential,0,90.30982929898006,92.679532332234,True,3,2.3697030332539413,-2.3697030332539413,2.3697030332539413,5.61549246581293,0,6,1,Q4
R0003253,2026-02-15 00:00:00,M013,south,commercial,0,77.16747577899669,84.97669041718875,True,3,7.80921463819206,-7.80921463819206,7.80921463819206,60.98383326535315,0,6,1,Q3
R0003254,2026-02-15 00:00:00,M014,east,industrial,0,72.66734462337458,69.37894328072714,True,3,-3.2884013426474326,3.2884013426474326,3.2884013426474326,10.813583390325437,0,6,1,Q3
R0003255,2026-02-15 00:00:00,M015,north,residential,0,63.98585455636433,66.51905072803866,True,3,2.5331961716743336,-2.5331961716743336,2.5331961716743336,6.4170828441855,0,6,1,Q2
R0003256,2026-02-15 00:00:00,M016,south,commercial,0,56.01190081825533,56.20067696533095,True,3,0.18877614707562174,-0.18877614707562174,0.18877614707562174,0.035636433704716766,0,6,1,Q1
R0003257,2026-02-15 00:00:00,M017,east,industrial,0,52.71474201448049,45.09615746406463,True,3,-7.618584550415861,7.618584550415861,7.618584550415861,58.042830551835245,0,6,1,Q1
R0003258,2026-02-15 06:00:00,M000,north,residential,0,98.44276185391938,93.5903787504338,True,3,-4.852383103485579,4.852383103485579,4.852383103485579,23.545621782992338,6,6,1,Q5
R0003259,2026-02-15 06:00:00,M001,south,commercial,0,51.0572591458479,51.5544534988984,True,3,0.49719435305049586,-0.49719435305049586,0.49719435305049586,0.24720222470530112,6,6,1,Q1
R0003260,2026-02-15 06:00:00,M002,east,industrial,0,102.213383310951,88.49548655483798,True,3,-13.71789675611302,13.71789675611302,13.71789675611302,188.18069141137613,6,6,1,Q5
R0003261,2026-02-15 06:00:00,M003,north,residential,0,96.74889557742398,88.89941404676576,True,3,-7.849481530658224,7.849481530658224,7.849481530658224,61.614360300144575,6,6,1,Q5
R0003262,2026-02-15 06:00:00,M004,south,commercial,0,32.88505542272352,34.67465598341443,True,3,1.7896005606909142,-1.7896005606909142,1.7896005606909142,3.2026701668252344,6,6,1,Q1
R0003263,2026-02-15 06:00:00,M005,east,industrial,0,109.92978062347672,104.01027029285494,True,3,-5.919510330621776,5.919510330621776,5.919510330621776,35.04060255433793,6,6,1,Q5
R0003264,2026-02-15 06:00:00,M006,north,residential,0,96.6002752418984,90.11973635156602,True,3,-6.480538890332383,6.480538890332383,6.480538890332383,41.99738430911047,6,6,1,Q5
R0003265,2026-02-15 06:00:00,M007,south,commercial,0,74.95368321278326,73.55786431086494,True,3,-1.395818901918318,1.395818901918318,1.395818901918318,1.948310406952459,6,6,1,Q3
R0003266,2026-02-15 06:00:00,M008,east,industrial,0,59.24708525183166,52.5658158168068,True,3,-6.681269435024866,6.681269435024866,6.681269435024866,44.6393612633975,6,6,1,Q2
R0003267,2026-02-15 06:00:00,M009,north,residential,0,69.88623172762539,72.91577723817853,True,3,3.029545510553149,-3.029545510553149,3.029545510553149,9.178146000512738,6,6,1,Q2
R0003268,2026-02-15 06:00:00,M010,south,commercial,0,45.69046006017079,54.87916866565897,True,3,9.18870860548818,-9.18870860548818,9.18870860548818,84.43236583657254,6,6,1,Q1
R0003269,2026-02-15 06:00:00,M011,east,industrial,0,102.7431412864291,99.10783034005684,True,3,-3.6353109463722575,3.6353109463722575,3.6353109463722575,13.215485676813959,6,6,1,Q5
R0003270,2026-02-15 06:00:00,M012,north,residential,0,89.54971202414603,89.3487373639022,True,3,-0.20097466024382982,0.20097466024382982,0.20097466024382982,0.04039081406012283,6,6,1,Q4
R0003271,2026-02-15 06:00:00,M013,south,commercial,0,65.43151729074313,78.27883026729604,True,3,12.847312976552914,-12.847312976552914,12.847312976552914,165.0534507175049,6,6,1,Q2
R0003272,2026-02-15 06:00:00,M014,east,industrial,0,71.06517720820247,68.86087197467198,True,3,-2.2043052335304907,2.2043052335304907,2.2043052335304907,4.858961562569911,6,6,1,Q2
R0003273,2026-02-15 06:00:00,M015,north,residential,0,66.64980487049745,66.1780558509435,True,3,-0.471749019553954,0.471749019553954,0.471749019553954,0.22254713745011687,6,6,1,Q2
R0003274,2026-02-15 06:00:00,M016,south,commercial,0,52.5335012244545,57.000590762250845,True,3,4.4670895377963475,-4.4670895377963475,4.4670895377963475,19.954888938689585,6,6,1,Q1
R0003275,2026-02-15 06:00:00,M017,east,industrial,0,45.65103713111611,45.90364784678719,True,3,0.25261071567107507,-0.25261071567107507,0.25261071567107507,0.06381217367185273,6,6,1,Q1
R0003276,2026-02-15 12:00:00,M000,north,residential,0,87.64394851085567,87.70604291918997,True,3,0.06209440833430335,-0.06209440833430335,0.06209440833430335,0.0038557155463872016,12,6,1,Q4
R0003277,2026-02-15 12:00:00,M001,south,commercial,0,63.99209149225515,67.99939133781963,True,3,4.007299845564482,-4.007299845564482,4.007299845564482,16.058452052261124,12,6,1,Q2
R0003278,2026-02-15 12:00:00,M002,east,industrial,0,90.40475019118948,85.97723882938081,True,3,-4.427511361808669,4.427511361808669,4.427511361808669,19.602856858944858,12,6,1,Q4
R0003279,2026-02-15 12:00:00,M003,north,residential,0,88.39936254241621,86.72454953283247,True,3,-1.674813009583744,1.674813009583744,1.674813009583744,2.8049986170709578,12,6,1,Q4
R0003280,2026-02-15 12:00:00,M004,south,commercial,0,47.64093091758022,47.836833894646624,True,3,0.19590297706640314,-0.19590297706640314,0.19590297706640314,0.038377976423479676,12,6,1,Q1
R0003281,2026-02-15 12:00:00,M005,east,industrial,0,99.84944537405536,102.33179075880984,True,3,2.482345384754481,-2.482345384754481,2.482345384754481,6.162038609211873,12,6,1,Q5
R0003282,2026-02-15 12:00:00,M006,north,residential,0,81.62386509458551,82.25209032125635,True,3,0.6282252266708355,-0.6282252266708355,0.6282252266708355,0.3946669354256226,12,6,1,Q3
R0003283,2026-02-15 12:00:00,M007,south,commercial,0,86.40547244269217,86.34459449207579,True,3,-0.06087795061638701,0.06087795061638701,0.06087795061638701,0.0037061248712512555,12,6,1,Q3
R0003284,2026-02-15 12:00:00,M008,east,industrial,0,52.878356458098985,47.44083267568966,True,3,-5.437523782409322,5.437523782409322,5.437523782409322,29.566664884266977,12,6,1,Q1
R0003285,2026-02-15 12:00:00,M009,north,residential,0,66.16298699079766,67.59459828947409,True,3,1.4316112986764296,-1.4316112986764296,1.4316112986764296,2.049510910498013,12,6,1,Q2
R0003286,2026-02-15 12:00:00,M010,south,commercial,0,65.23688843255732,66.01971920348227,True,3,0.7828307709249458,-0.7828307709249458,0.7828307709249458,0.6128240159069449,12,6,1,Q2
R0003287,2026-02-15 12:00:00,M011,east,industrial,0,99.59659864347311,97.34946695378136,True,3,-2.2471316896917557,2.2471316896917557,2.2471316896917557,5.049600830816925,12,6,1,Q5
R0003288,2026-02-15 12:00:00,M012,north,residential,0,89.38144031913535,84.4254272188958,True,3,-4.956013100239545,4.956013100239545,4.956013100239545,24.562065849745988,12,6,1,Q4
R0003289,2026-02-15 12:00:00,M013,south,commercial,0,91.19146212971926,85.02654588933771,True,3,-6.164916240381544,6.164916240381544,6.164916240381544,38.00619225092011,12,6,1,Q4
R0003290,2026-02-15 12:00:00,M014,east,industrial,0,67.4462542565911,69.24598482872449,True,3,1.7997305721333845,-1.7997305721333845,1.7997305721333845,3.2390301322715596,12,6,1,Q2
R0003291,2026-02-15 12:00:00,M015,north,residential,0,58.473008357124414,54.75073758666767,True,3,-3.7222707704567455,3.7222707704567455,3.7222707704567455,13.855299688596654,12,6,1,Q2
R0003292,2026-02-15 12:00:00,M016,south,commercial,0,70.38030811805491,68.12902692561474,True,3,-2.2512811924401746,2.2512811924401746,2.2512811924401746,5.068267007434854,12,6,1,Q2
R0003293,2026-02-15 12:00:00,M017,east,industrial,0,43.73997299937903,43.701634703832376,True,3,-0.03833829554665158,0.03833829554665158,0.03833829554665158,0.0014698249054224044,12,6,1,Q1
R0003294,2026-02-15 18:00:00,M000,north,residential,0,91.71382494971073,91.79442630474183,True,3,0.08060135503110644,-0.08060135503110644,0.08060135503110644,0.006496578432850467,18,6,1,Q4
R0003295,2026-02-15 18:00:00,M001,south,commercial,0,64.90648250911019,67.81720543957206,True,3,2.9107229304618727,-2.9107229304618727,2.9107229304618727,8.472307977916552,18,6,1,Q2
R0003296,2026-02-15 18:00:00,M002,east,industrial,0,88.90678528336079,84.19848041279835,True,3,-4.7083048705624435,4.7083048705624435,4.7083048705624435,22.16813475416203,18,6,1,Q4
R0003297,2026-02-15 18:00:00,M003,north,residential,0,88.19393552731887,90.896512820076,True,3,2.7025772927571268,-2.7025772927571268,2.7025772927571268,7.303924023326441,18,6,1,Q4
R0003298,2026-02-15 18:00:00,M004,south,commercial,0,47.88607182453472,47.94147812265049,True,3,0.055406298115769914,-0.055406298115769914,0.055406298115769914,0.0030698578708935687,18,6,1,Q1
R0003299,2026-02-15 18:00:00,M005,east,industrial,0,99.14594173070849,101.10489595134352,True,3,1.9589542206350359,-1.9589542206350359,1.9589542206350359,3.837501638543821,18,6,1,Q5
R0003300,2026-02-15 18:00:00,M006,north,residential,0,88.56659197670511,90.58024836341528,True,3,2.013656386710167,-2.013656386710167,2.013656386710167,4.054812043738646,18,6,1,Q4
R0003301,2026-02-15 18:00:00,M007,south,commercial,0,86.85006840452122,73.71369727116718,True,3,-13.136371133354046,13.136371133354046,13.136371133354046,172.5642465532175,18,6,1,Q4
R0003302,2026-02-15 18:00:00,M008,east,industrial,0,51.80110032250765,47.7543800871084,True,3,-4.046720235399249,4.046720235399249,4.046720235399249,16.375944663589753,18,6,1,Q1
R0003303,2026-02-15 18:00:00,M009,north,residential,0,79.83586439142736,74.83842592656508,True,3,-4.9974384648622845,4.9974384648622845,4.9974384648622845,24.974391210085106,18,6,1,Q3
R0003304,2026-02-15 18:00:00,M010,south,commercial,0,66.59791820396234,66.21763260939395,True,3,-0.3802855945683916,0.3802855945683916,0.3802855945683916,0.1446171334362351,18,6,1,Q2
R0003305,2026-02-15 18:00:00,M011,east,industrial,0,96.60456915234502,97.40810335871222,True,3,0.8035342063672033,-0.8035342063672033,0.8035342063672033,0.6456672208021712,18,6,1,Q5
R0003306,2026-02-15 18:00:00,M012,north,residential,0,91.14933545650273,90.3236003325354,True,3,-0.8257351239673199,0.8257351239673199,0.8257351239673199,0.681838494953325,18,6,1,Q4
R0003307,2026-02-15 18:00:00,M013,south,commercial,1,79.55590188257908,86.97691910056705,True,3,7.421017217987966,-7.421017217987966,7.421017217987966,55.07149654967385,18,6,1,Q3
R0003308,2026-02-15 18:00:00,M014,east,industrial,0,63.899424602032965,68.19972268129644,True,3,4.30029807926347,-4.30029807926347,4.30029807926347,18.492563570517092,18,6,1,Q2
R0003309,2026-02-15 18:00:00,M015,north,residential,0,62.28987534129475,65.5131804639399,True,3,3.223305122645151,-3.223305122645151,3.223305122645151,10.38969591367047,18,6,1,Q2
R0003310,2026-02-15 18:00:00,M016,south,commercial,0,65.92392905029601,68.29152303159306,True,3,2.3675939812970483,-2.3675939812970483,2.3675939812970483,5.605501260274008,18,6,1,Q2
R0003311,2026-02-15 18:00:00,M017,east,industrial,0,47.05264928810428,42.95078804505843,True,3,-4.101861243045846,4.101861243045846,4.101861243045846,16.825265657201612,18,6,1,Q1
R0003312,2026-02-16 00:00:00,M000,north,residential,0,100.34045748565224,94.04385721287628,True,3,-6.296600272775962,6.296600272775962,6.296600272775962,39.64717499512231,0,0,0,Q5
R0003313,2026-02-16 00:00:00,M001,south,commercial,0,53.90604553927481,59.67267497589147,True,3,5.766629436616661,-5.766629436616661,5.766629436616661,33.25401505925379,0,0,0,Q1
R0003314,2026-02-16 00:00:00,M002,east,industrial,0,92.8066407018478,85.17670981368455,True,3,-7.629930888163244,7.629930888163244,7.629930888163244,58.215845358147554,0,0,0,Q4
R0003315,2026-02-16 00:00:00,M003,north,residential,0,91.64089306409493,92.43413405399978,True,3,0.7932409899048594,-0.7932409899048594,0.7932409899048594,0.6292312680652412,0,0,0,Q4
R0003316,2026-02-16 00:00:00,M004,south,commercial,0,42.20745620924888,38.3243203012762,True,3,-3.8831359079726795,3.8831359079726795,3.8831359079726795,15.078744479786806,0,0,0,Q1
R0003317,2026-02-16 00:00:00,M005,east,industrial,0,105.0964231144832,104.53335962935668,True,3,-0.5630634851265199,0.5630634851265199,0.5630634851265199,0.3170404882828227,0,0,0,Q5
R0003318,2026-02-16 00:00:00,M006,north,residential,0,100.25850914371364,94.72923795662322,True,3,-5.529271187090416,5.529271187090416,5.529271187090416,30.572839860388253,0,0,0,Q5
R0003319,2026-02-16 00:00:00,M007,south,commercial,0,78.9092257970672,77.60430458225811,True,3,-1.3049212148090845,1.3049212148090845,1.3049212148090845,1.702819376858817,0,0,0,Q3
R0003320,2026-02-16 00:00:00,M008,east,industrial,0,51.22892245592116,50.48207449977448,True,3,-0.7468479561466808,0.7468479561466808,0.7468479561466808,0.5577818696004744,0,0,0,Q1
R0003321,2026-02-16 00:00:00,M009,north,residential,0,76.12367449797458,75.72921649747363,True,3,-0.39445800050094704,0.39445800050094704,0.39445800050094704,0.15559711415920513,0,0,0,Q3
R0003322,2026-02-16 00:00:00,M010,south,commercial,0,52.32090476866632,57.81841968172808,True,3,5.497514913061764,-5.497514913061764,5.497514913061764,30.222670219336493,0,0,0,Q1
R0003323,2026-02-16 00:00:00,M011,east,industrial,0,100.44879509384089,99.20844278020654,True,3,-1.2403523136343466,1.2403523136343466,1.2403523136343466,1.5384738619380764,0,0,0,Q5
R0003324,2026-02-16 00:00:00,M012,north,residential,0,95.5435532534359,91.5065426347819,True,3,-4.0370106186540085,4.0370106186540085,4.0370106186540085,16.29745473512522,0,0,0,Q4
R0003325,2026-02-16 00:00:00,M013,south,commercial,0,88.46710584541141,83.4410989246009,True,3,-5.0260069208105165,5.0260069208105165,5.0260069208105165,25.260745568035208,0,0,0,Q4
R0003326,2026-02-16 00:00:00,M014,east,industrial,0,66.03841360672347,70.08004676518436,True,3,4.041633158460897,-4.041633158460897,4.041633158460897,16.334798587570607,0,0,0,Q2
R0003327,2026-02-16 00:00:00,M015,north,residential,0,60.18706330138181,63.18075759561346,True,3,2.993694294231645,-2.993694294231645,2.993694294231645,8.962205527315106,0,0,0,Q2
R0003328,2026-02-16 00:00:00,M016,south,commercial,0,59.70804966235252,56.967257630469135,True,3,-2.7407920318833874,2.7407920318833874,2.7407920318833874,7.511940962035467,0,0,0,Q2
R0003329,2026-02-16 00:00:00,M017,east,industrial,0,47.59231652017707,42.22832457436914,True,3,-5.363991945807932,5.363991945807932,5.363991945807932,28.772409594692363,0,0,0,Q1
R0003330,2026-02-16 06:00:00,M000,north,residential,0,96.83864783979936,90.15652501036448,True,3,-6.6821228294348884,6.6821228294348884,6.6821228294348884,44.65076550765492,6,0,0,Q5
R0003331,2026-02-16 06:00:00,M001,south,commercial,0,56.83647763297172,63.44467925116759,True,3,6.608201618195871,-6.608201618195871,6.608201618195871,43.66832862672653,6,0,0,Q2
R0003332,2026-02-16 06:00:00,M002,east,industrial,0,89.68735025291178,84.09437409644435,True,3,-5.592976156467429,5.592976156467429,5.592976156467429,31.28138228681318,6,0,0,Q4
R0003333,2026-02-16 06:00:00,M003,north,residential,0,90.65381483364573,87.90902335457669,True,3,-2.744791479069036,2.744791479069036,2.744791479069036,7.533880263569987,6,0,0,Q4
R0003334,2026-02-16 06:00:00,M004,south,commercial,0,36.342404813421446,39.19799097732857,True,3,2.8555861639071267,-2.8555861639071267,2.8555861639071267,8.154372339497819,6,0,0,Q1
R0003335,2026-02-16 06:00:00,M005,east,industrial,0,105.24930137636278,104.62026989296702,True,3,-0.6290314833957638,0.6290314833957638,0.6290314833957638,0.395680607103075,6,0,0,Q5
R0003336,2026-02-16 06:00:00,M006,north,residential,0,88.28038111129243,88.74935490349364,True,3,0.4689737922012114,-0.4689737922012114,0.4689737922012114,0.21993641777158499,6,0,0,Q4
R0003337,2026-02-16 06:00:00,M007,south,commercial,0,82.5685410273262,78.89119473505058,True,3,-3.6773462922756295,3.6773462922756295,3.6773462922756295,13.52287575331332,6,0,0,Q3
R0003338,2026-02-16 06:00:00,M008,east,industrial,0,56.49907708563767,50.60965743889619,True,3,-5.88941964674148,5.88941964674148,5.88941964674148,34.68526377542454,6,0,0,Q2
R0003339,2026-02-16 06:00:00,M009,north,residential,0,75.56470860088841,74.67046338436238,True,3,-0.8942452165260306,0.8942452165260306,0.8942452165260306,0.7996745072796874,6,0,0,Q3
R0003340,2026-02-16 06:00:00,M010,south,commercial,0,50.34613665061563,55.48456452652093,True,3,5.1384278759053,-5.1384278759053,5.1384278759053,26.403441035880657,6,0,0,Q1
R0003341,2026-02-16 06:00:00,M011,east,industrial,1,88.91666021835294,94.92408210004665,True,3,6.007421881693702,-6.007421881693702,6.007421881693702,36.0891176646523,6,0,0,Q4
R0003342,2026-02-16 06:00:00,M012,north,residential,0,96.21763306901433,89.51085349495747,True,3,-6.706779574056853,6.706779574056853,6.706779574056853,44.980892254986216,6,0,0,Q5
R0003343,2026-02-16 06:00:00,M013,south,commercial,0,83.83751575594178,83.71315257583278,True,3,-0.12436318010900038,0.12436318010900038,0.12436318010900038,0.015466200566823669,6,0,0,Q3
R0003344,2026-02-16 06:00:00,M014,east,industrial,0,75.0031884623101,69.25316238430135,True,3,-5.750026078008759,5.750026078008759,5.750026078008759,33.062799897780785,6,0,0,Q3
R0003345,2026-02-16 06:00:00,M015,north,residential,0,62.6863807954479,66.11244349524598,True,3,3.4260626997980808,-3.4260626997980808,3.4260626997980808,11.737905622947714,6,0,0,Q2
R0003346,2026-02-16 06:00:00,M016,south,commercial,0,57.153775598675225,57.05435708846576,True,3,-0.09941851020946757,0.09941851020946757,0.09941851020946757,0.009884040172270007,6,0,0,Q2
R0003347,2026-02-16 06:00:00,M017,east,industrial,0,44.86405447512352,43.66395500989442,True,3,-1.2000994652290942,1.2000994652290942,1.2000994652290942,1.4402387264431578,6,0,0,Q1
R0003348,2026-02-16 12:00:00,M000,north,residential,0,79.7725901803718,87.49823489505451,True,3,7.725644714682716,-7.725644714682716,7.725644714682716,59.68558625750498,12,0,0,Q3
R0003349,2026-02-16 12:00:00,M001,south,commercial,0,78.21291885711739,72.31613749047263,True,3,-5.89678136664476,5.89678136664476,5.89678136664476,34.77203048600884,12,0,0,Q3
R0003350,2026-02-16 12:00:00,M002,east,industrial,0,88.58097329198736,84.85651598591686,True,3,-3.724457306070505,3.724457306070505,3.724457306070505,13.871582224741964,12,0,0,Q4
R0003351,2026-02-16 12:00:00,M003,north,residential,0,84.51117483922883,85.86231044500612,True,3,1.3511356057772872,-1.3511356057772872,1.3511356057772872,1.825567425199157,12,0,0,Q3
R0003352,2026-02-16 12:00:00,M004,south,commercial,0,55.12484662271808,55.83766760618818,True,3,0.7128209834700954,-0.7128209834700954,0.7128209834700954,0.508113754475274,12,0,0,Q1
R0003353,2026-02-16 12:00:00,M005,east,industrial,0,98.86441476782667,103.59576779729812,True,3,4.73135302947145,-4.73135302947145,4.73135302947145,22.385701489488664,12,0,0,Q5
R0003354,2026-02-16 12:00:00,M006,north,residential,0,88.01127599039191,86.5931881957054,True,3,-1.4180877946865138,1.4180877946865138,1.4180877946865138,2.0109729934388603,12,0,0,Q4
R0003355,2026-02-16 12:00:00,M007,south,commercial,0,91.04768532303792,90.51462427871056,True,3,-0.5330610443273684,0.5330610443273684,0.5330610443273684,0.28415407697938466,12,0,0,Q4
R0003356,2026-02-16 12:00:00,M008,east,industrial,0,48.53335355956271,45.38893149301747,True,3,-3.144422066545239,3.144422066545239,3.144422066545239,9.887390132576632,12,0,0,Q1
R0003357,2026-02-16 12:00:00,M009,north,residential,0,67.12311688982935,70.1069719047497,True,3,2.9838550149203513,-2.9838550149203513,2.9838550149203513,8.90339075006533,12,0,0,Q2
R0003358,2026-02-16 12:00:00,M010,south,commercial,0,71.41752373190103,70.0141701845451,True,3,-1.403353547355934,1.403353547355934,1.403353547355934,1.9694011788764836,12,0,0,Q3
R0003359,2026-02-16 12:00:00,M011,east,industrial,0,94.37477234709138,96.80407614150388,True,3,2.4293037944125047,-2.4293037944125047,2.4293037944125047,5.901516925546993,12,0,0,Q4
R0003360,2026-02-16 12:00:00,M012,north,residential,0,78.83036689835632,84.38458132860963,True,3,5.55421443025331,-5.55421443025331,5.55421443025331,30.849297937234105,12,0,0,Q3
R0003361,2026-02-16 12:00:00,M013,south,commercial,0,94.608544888664,91.66957606278577,True,3,-2.9389688258782343,2.9389688258782343,2.9389688258782343,8.637537759484086,12,0,0,Q4
R0003362,2026-02-16 12:00:00,M014,east,industrial,0,69.87968483666968,68.31360310654868,True,3,-1.5660817301209988,1.5660817301209988,1.5660817301209988,2.452611985418781,12,0,0,Q2
R0003363,2026-02-16 12:00:00,M015,north,residential,0,56.91050797411299,59.17426481392168,True,3,2.2637568398086927,-2.2637568398086927,2.2637568398086927,5.1245950297806395,12,0,0,Q2
R0003364,2026-02-16 12:00:00,M016,south,commercial,0,75.75357865771693,73.92332540373567,True,3,-1.8302532539812546,1.8302532539812546,1.8302532539812546,3.349826973708971,12,0,0,Q3
R0003365,2026-02-16 12:00:00,M017,east,industrial,0,41.73106129856579,41.41531705200311,True,3,-0.3157442465626801,0.3157442465626801,0.3157442465626801,0.0996944292374345,12,0,0,Q1
R0003366,2026-02-16 18:00:00,M000,north,residential,0,98.73760562677415,91.3762635748142,True,3,-7.3613420519599515,7.3613420519599515,7.3613420519599515,54.18935680595395,18,0,0,Q5
R0003367,2026-02-16 18:00:00,M001,south,commercial,0,66.17448582268278,71.72380071515292,True,3,5.549314892470136,-5.549314892470136,5.549314892470136,30.794895775790835,18,0,0,Q2
R0003368,2026-02-16 18:00:00,M002,east,industrial,0,83.551244368436,87.03702439412301,True,3,3.4857800256870064,-3.4857800256870064,3.4857800256870064,12.150662387478507,18,0,0,Q3
R0003369,2026-02-16 18:00:00,M003,north,residential,0,89.90051254937725,88.46820186418181,True,3,-1.4323106851954464,1.4323106851954464,1.4323106851954464,2.051513898925049,18,0,0,Q4
R0003370,2026-02-16 18:00:00,M004,south,commercial,0,57.105600240709045,57.1978613438552,True,3,0.0922611031461571,-0.0922611031461571,0.0922611031461571,0.008512111153745838,18,0,0,Q2
R0003371,2026-02-16 18:00:00,M005,east,industrial,0,101.465515821626,98.9926601752574,True,3,-2.4728556463686004,2.4728556463686004,2.4728556463686004,6.115015047777069,18,0,0,Q5
R0003372,2026-02-16 18:00:00,M006,north,residential,0,92.60100768790554,90.33448388205996,True,3,-2.26652380584558,2.26652380584558,2.26652380584558,5.137130162464732,18,0,0,Q4
R0003373,2026-02-16 18:00:00,M007,south,commercial,0,94.06413104179956,91.1873478693738,True,3,-2.8767831724257604,2.8767831724257604,2.8767831724257604,8.275881421152022,18,0,0,Q4
R0003374,2026-02-16 18:00:00,M008,east,industrial,0,48.41429826500784,46.312562832248425,True,3,-2.101735432759412,2.101735432759412,2.101735432759412,4.417291829316393,18,0,0,Q1
R0003375,2026-02-16 18:00:00,M009,north,residential,0,75.57288028994785,74.16791736229135,True,3,-1.4049629276564986,1.4049629276564986,1.4049629276564986,1.9739208280891196,18,0,0,Q3
R0003376,2026-02-16 18:00:00,M010,south,commercial,0,76.79318254811045,69.99907314642716,True,3,-6.794109401683286,6.794109401683286,6.794109401683286,46.159922562041224,18,0,0,Q3
R0003377,2026-02-16 18:00:00,M011,east,industrial,0,96.03218281032456,96.73560684607972,True,3,0.7034240357551624,-0.7034240357551624,0.7034240357551624,0.49480537407808006,18,0,0,Q5
R0003378,2026-02-16 18:00:00,M012,north,residential,0,85.0840007461615,89.58767764477307,True,3,4.503676898611573,-4.503676898611573,4.503676898611573,20.28310560708756,18,0,0,Q3
R0003379,2026-02-16 18:00:00,M013,south,commercial,0,96.577028339652,93.209537953377,True,3,-3.3674903862750085,3.3674903862750085,3.3674903862750085,11.339991501654605,18,0,0,Q5
R0003380,2026-02-16 18:00:00,M014,east,industrial,0,57.65466733339248,68.35947764740462,True,3,10.704810314012136,-10.704810314012136,10.704810314012136,114.5929638589806,18,0,0,Q2
R0003381,2026-02-16 18:00:00,M015,north,residential,0,62.25644618932744,65.13081159534275,True,3,2.8743654060153077,-2.8743654060153077,2.8743654060153077,8.261976487297545,18,0,0,Q2
R0003382,2026-02-16 18:00:00,M016,south,commercial,0,77.59247060454193,73.62380242006851,True,3,-3.9686681844734153,3.9686681844734153,3.9686681844734153,15.750327158451514,18,0,0,Q3
R0003383,2026-02-16 18:00:00,M017,east,industrial,0,41.96184142508173,39.48032630079261,True,3,-2.4815151242891176,2.4815151242891176,2.4815151242891176,6.157917312075635,18,0,0,Q1
R0003384,2026-02-17 00:00:00,M000,north,residential,0,97.66525706456471,92.62708677785716,True,3,-5.038170286707555,5.038170286707555,5.038170286707555,25.383159837862884,0,1,0,Q5
R0003385,2026-02-17 00:00:00,M001,south,commercial,0,55.96569660462381,60.99681087027477,True,3,5.031114265650963,-5.031114265650963,5.031114265650963,25.31211075403663,0,1,0,Q1
R0003386,2026-02-17 00:00:00,M002,east,industrial,0,93.14475685992346,90.26708087207076,True,3,-2.8776759878526974,2.8776759878526974,2.8776759878526974,8.281019091063998,0,1,0,Q4
R0003387,2026-02-17 00:00:00,M003,north,residential,0,96.33890032647152,89.67703724054408,True,3,-6.661863085927436,6.661863085927436,6.661863085927436,44.38041977564262,0,1,0,Q5
R0003388,2026-02-17 00:00:00,M004,south,commercial,0,42.51090280518001,39.722454386674045,True,3,-2.788448418505965,2.788448418505965,2.788448418505965,7.775444582668416,0,1,0,Q1
R0003389,2026-02-17 00:00:00,M005,east,industrial,0,103.39507064617452,100.89272403783416,True,3,-2.5023466083403605,2.5023466083403605,2.5023466083403605,6.261738548272506,0,1,0,Q5
R0003390,2026-02-17 00:00:00,M006,north,residential,0,86.20297026409041,90.41933987167344,True,3,4.216369607583033,-4.216369607583033,4.216369607583033,17.7777726677499,0,1,0,Q3
R0003391,2026-02-17 00:00:00,M007,south,commercial,0,81.23208884319519,78.06818458743679,True,3,-3.1639042557583963,3.1639042557583963,3.1639042557583963,10.010290139606091,0,1,0,Q3
R0003392,2026-02-17 00:00:00,M008,east,industrial,0,51.82403355623729,48.802629593229874,True,3,-3.0214039630074154,3.0214039630074154,3.0214039630074154,9.128881907676915,0,1,0,Q1
R0003393,2026-02-17 00:00:00,M009,north,residential,0,75.15686659416593,72.83606268884691,True,3,-2.320803905319025,2.320803905319025,2.320803905319025,5.386130766944037,0,1,0,Q3
R0003394,2026-02-17 00:00:00,M010,south,commercial,0,53.49518855611186,57.83407793187644,True,3,4.33888937576458,-4.33888937576458,4.33888937576458,18.82596101512275,0,1,0,Q1
R0003395,2026-02-17 00:00:00,M011,east,industrial,0,101.868176447296,97.64424475833604,True,3,-4.223931688959951,4.223931688959951,4.223931688959951,17.841598913000063,0,1,0,Q5
R0003396,2026-02-17 00:00:00,M012,north,residential,0,91.71333770465812,93.2046602283783,True,3,1.4913225237201857,-1.4913225237201857,1.4913225237201857,2.2240428697551438,0,1,0,Q4
R0003397,2026-02-17 00:00:00,M013,south,commercial,0,82.01372997415729,82.6148409974147,True,3,0.6011110232574168,-0.6011110232574168,0.6011110232574168,0.3613344622815787,0,1,0,Q3
R0003398,2026-02-17 00:00:00,M014,east,industrial,0,67.56268631770169,70.91878400393877,True,3,3.356097686237078,-3.356097686237078,3.356097686237078,11.263391679565869,0,1,0,Q2
R0003399,2026-02-17 00:00:00,M015,north,residential,0,64.94545280669243,65.69800376066344,True,3,0.75255095397101,-0.75255095397101,0.75255095397101,0.5663329383226773,0,1,0,Q2
R0003400,2026-02-17 00:00:00,M016,south,commercial,0,56.07732282051395,57.25885828291493,True,3,1.18153546240098,-1.18153546240098,1.18153546240098,1.3960260489110976,0,1,0,Q1
R0003401,2026-02-17 00:00:00,M017,east,industrial,0,45.81148272980802,41.83489411704516,True,3,-3.9765886127628605,3.9765886127628605,3.9765886127628605,15.813256995155252,0,1,0,Q1
R0003402,2026-02-17 06:00:00,M000,north,residential,0,92.61031248971918,89.88817415737114,True,3,-2.722138332348038,2.722138332348038,2.722138332348038,7.410037100438558,6,1,0,Q4
R0003403,2026-02-17 06:00:00,M001,south,commercial,0,53.61374381346359,58.57702978560636,True,3,4.963285972142771,-4.963285972142771,4.963285972142771,24.634207641269207,6,1,0,Q1
R0003404,2026-02-17 06:00:00,M002,east,industrial,0,95.40153722298906,91.88190134052756,True,3,-3.5196358824615004,3.5196358824615004,3.5196358824615004,12.387836745110544,6,1,0,Q4
R0003405,2026-02-17 06:00:00,M003,north,residential,0,88.1597286279756,88.8710637686737,True,3,0.7113351406980968,-0.7113351406980968,0.7113351406980968,0.5059976823919812,6,1,0,Q4
R0003406,2026-02-17 06:00:00,M004,south,commercial,0,41.871343973580046,35.62928997400806,True,3,-6.242053999571986,6.242053999571986,6.242053999571986,38.96323813357263,6,1,0,Q1
R0003407,2026-02-17 06:00:00,M005,east,industrial,0,106.12291264244698,103.3614199668519,True,3,-2.761492675595079,2.761492675595079,2.761492675595079,7.625841797365268,6,1,0,Q5
R0003408,2026-02-17 06:00:00,M006,north,residential,0,89.18018016180432,89.70474155541712,True,3,0.5245613936127995,-0.5245613936127995,0.5245613936127995,0.2751646556690024,6,1,0,Q4
R0003409,2026-02-17 06:00:00,M007,south,commercial,0,82.1467404627936,79.26198050123476,True,3,-2.884759961558842,2.884759961558842,2.884759961558842,8.321840035812972,6,1,0,Q3
R0003410,2026-02-17 06:00:00,M008,east,industrial,0,51.457588807401365,48.05417637552716,True,3,-3.4034124318742016,3.4034124318742016,3.4034124318742016,11.583216181435867,6,1,0,Q1
R0003411,2026-02-17 06:00:00,M009,north,residential,0,74.98498806937587,71.94799072259141,True,3,-3.03699734678446,3.03699734678446,3.03699734678446,9.223352884375851,6,1,0,Q3
R0003412,2026-02-17 06:00:00,M010,south,commercial,0,56.73930758827,56.981231750934406,True,3,0.24192416266440375,-0.24192416266440375,0.24192416266440375,0.05852730048087289,6,1,0,Q2
R0003413,2026-02-17 06:00:00,M011,east,industrial,0,105.81929093210807,98.190654194031,True,3,-7.628636738077077,7.628636738077077,7.628636738077077,58.196098481539266,6,1,0,Q5
R0003414,2026-02-17 06:00:00,M012,north,residential,0,88.32952122404947,88.04182500670342,True,3,-0.28769621734605266,0.28769621734605266,0.28769621734605266,0.08276911347522717,6,1,0,Q4
R0003415,2026-02-17 06:00:00,M013,south,commercial,0,81.73279610824014,81.43994662924113,True,3,-0.2928494789990026,0.2928494789990026,0.2928494789990026,0.08576081734998726,6,1,0,Q3
R0003416,2026-02-17 06:00:00,M014,east,industrial,0,72.08233745483983,67.9653975261786,True,3,-4.116939928661225,4.116939928661225,4.116939928661225,16.94919437620509,6,1,0,Q3
R0003417,2026-02-17 06:00:00,M015,north,residential,0,62.474967210643776,65.55428376663086,True,3,3.0793165559870843,-3.0793165559870843,3.0793165559870843,9.482190451976159,6,1,0,Q2
R0003418,2026-02-17 06:00:00,M016,south,commercial,0,54.05687743792336,58.77859212577922,True,3,4.721714687855858,-4.721714687855858,4.721714687855858,22.29458959351374,6,1,0,Q1
R0003419,2026-02-17 06:00:00,M017,east,industrial,0,45.46514802630068,42.94365545945632,True,3,-2.5214925668443584,2.5214925668443584,2.5214925668443584,6.357924764651351,6,1,0,Q1
R0003420,2026-02-17 12:00:00,M000,north,residential,0,89.29649686008116,84.02764952845452,True,3,-5.268847331626645,5.268847331626645,5.268847331626645,27.76075220398922,12,1,0,Q4
R0003421,2026-02-17 12:00:00,M001,south,commercial,0,73.88398490156847,69.48269891241947,True,3,-4.401285989149002,4.401285989149002,4.401285989149002,19.37131835827931,12,1,0,Q3
R0003422,2026-02-17 12:00:00,M002,east,industrial,0,85.42841471654522,84.73695654270107,True,3,-0.6914581738441541,0.6914581738441541,0.6914581738441541,0.4781144061758924,12,1,0,Q3
R0003423,2026-02-17 12:00:00,M003,north,residential,0,86.40788119891394,84.13867281958163,True,3,-2.269208379332312,2.269208379332312,2.269208379332312,5.149306668831978,12,1,0,Q3
R0003424,2026-02-17 12:00:00,M004,south,commercial,0,57.167357016255664,56.45688085292539,True,3,-0.7104761633302772,0.7104761633302772,0.7104761633302772,0.5047763786605107,12,1,0,Q2
R0003425,2026-02-17 12:00:00,M005,east,industrial,0,96.32831053161242,102.16837298365456,True,3,5.840062452042147,-5.840062452042147,5.840062452042147,34.106329443752536,12,1,0,Q5
R0003426,2026-02-17 12:00:00,M006,north,residential,0,86.69431857170959,86.359165958079,True,3,-0.3351526136305836,0.3351526136305836,0.3351526136305836,0.11232727442341123,12,1,0,Q3
R0003427,2026-02-17 12:00:00,M007,south,commercial,0,92.45658025135307,84.50277304276528,True,3,-7.95380720858779,7.95380720858779,7.95380720858779,63.26304911138309,12,1,0,Q4
R0003428,2026-02-17 12:00:00,M008,east,industrial,0,54.740338504446505,49.00621265875085,True,3,-5.734125845695658,5.734125845695658,5.734125845695658,32.880199214274946,12,1,0,Q1
R0003429,2026-02-17 12:00:00,M009,north,residential,0,70.27801403506136,71.45201582769135,True,3,1.1740017926299942,-1.1740017926299942,1.1740017926299942,1.3782802090984398,12,1,0,Q2
R0003430,2026-02-17 12:00:00,M010,south,commercial,0,71.32614037237376,70.19245800762364,True,3,-1.1336823647501149,1.1336823647501149,1.1336823647501149,1.2852357041454125,12,1,0,Q2
R0003431,2026-02-17 12:00:00,M011,east,industrial,0,100.1272428819505,97.49600278214976,True,3,-2.631240099800735,2.631240099800735,2.631240099800735,6.923424462799381,12,1,0,Q5
R0003432,2026-02-17 12:00:00,M012,north,residential,0,88.8687168026025,85.96734535600386,True,3,-2.9013714465986453,2.9013714465986453,2.9013714465986453,8.417956271137916,12,1,0,Q4
R0003433,2026-02-17 12:00:00,M013,south,commercial,0,101.38778346163538,95.1240052730053,True,3,-6.263778188630084,6.263778188630084,6.263778188630084,39.234917196357976,12,1,0,Q5
R0003434,2026-02-17 12:00:00,M014,east,industrial,0,68.81442587365574,68.84138198240744,True,3,0.026956108751704733,-0.026956108751704733,0.026956108751704733,0.0007266317990337325,12,1,0,Q2
R0003435,2026-02-17 12:00:00,M015,north,residential,0,63.184083000314345,62.12920282041741,True,3,-1.0548801798969336,1.0548801798969336,1.0548801798969336,1.112772193939387,12,1,0,Q2
R0003436,2026-02-17 12:00:00,M016,south,commercial,0,75.75632545657368,74.17017609742533,True,3,-1.5861493591483509,1.5861493591483509,1.5861493591483509,2.5158697895267244,12,1,0,Q3
R0003437,2026-02-17 12:00:00,M017,east,industrial,0,44.31526800515287,40.450926227483386,True,3,-3.8643417776694875,3.8643417776694875,3.8643417776694875,14.933137374641774,12,1,0,Q1
R0003438,2026-02-17 18:00:00,M000,north,residential,0,90.82448701197636,92.16528128159672,True,3,1.3407942696203605,-1.3407942696203605,1.3407942696203605,1.797729273446796,18,1,0,Q4
R0003439,2026-02-17 18:00:00,M001,south,commercial,0,66.2538462556394,70.53217005814882,True,3,4.278323802509419,-4.278323802509419,4.278323802509419,18.304054559118658,18,1,0,Q2
R0003440,2026-02-17 18:00:00,M002,east,industrial,0,88.36008224424545,90.45516058835548,True,3,2.0950783441100356,-2.0950783441100356,2.0950783441100356,4.389353267958849,18,1,0,Q4
R0003441,2026-02-17 18:00:00,M003,north,residential,0,90.89441967667304,80.28874470466563,True,3,-10.605674972007407,10.605674972007407,10.605674972007407,112.4803416118643,18,1,0,Q4
R0003442,2026-02-17 18:00:00,M004,south,commercial,0,57.46725421728317,56.67121503827456,True,3,-0.7960391790086092,0.7960391790086092,0.7960391790086092,0.6336783745167006,18,1,0,Q2
R0003443,2026-02-17 18:00:00,M005,east,industrial,0,96.26182296751614,99.0056031988435,True,3,2.7437802313273636,-2.7437802313273636,2.7437802313273636,7.528329957822841,18,1,0,Q5
R0003444,2026-02-17 18:00:00,M006,north,residential,0,92.8736813327662,89.81950420943214,True,3,-3.054177123334057,3.054177123334057,3.054177123334057,9.327997900697095,18,1,0,Q4
R0003445,2026-02-17 18:00:00,M007,south,commercial,0,92.13193526031642,90.77571648085886,True,3,-1.3562187794575635,1.3562187794575635,1.3562187794575635,1.8393293777533632,18,1,0,Q4
R0003446,2026-02-17 18:00:00,M008,east,industrial,0,47.72771777536776,47.89881988150086,True,3,0.17110210613310528,-0.17110210613310528,0.17110210613310528,0.029275930723184424,18,1,0,Q1
R0003447,2026-02-17 18:00:00,M009,north,residential,0,77.34494276123752,72.68915088650328,True,3,-4.655791874734234,4.655791874734234,4.655791874734234,21.676397980841315,18,1,0,Q3
R0003448,2026-02-17 18:00:00,M010,south,commercial,0,70.2901241050504,70.24538713321314,True,3,-0.04473697183725278,0.04473697183725278,0.04473697183725278,0.0020013966491671483,18,1,0,Q2
R0003449,2026-02-17 18:00:00,M011,east,industrial,0,90.86510002955151,94.36269407188772,True,3,3.4975940423362033,-3.4975940423362033,3.4975940423362033,12.233164084985702,18,1,0,Q4
R0003450,2026-02-17 18:00:00,M012,north,residential,0,92.72079772553766,90.47218570910567,True,3,-2.2486120164319914,2.2486120164319914,2.2486120164319914,5.056256000442346,18,1,0,Q4
R0003451,2026-02-17 18:00:00,M013,south,commercial,0,101.49939700458742,93.41516599195816,True,3,-8.08423101262926,8.08423101262926,8.08423101262926,65.35479106555671,18,1,0,Q5
R0003452,2026-02-17 18:00:00,M014,east,industrial,0,65.76423902249819,66.13810675081761,True,3,0.37386772831942494,-0.37386772831942494,0.37386772831942494,0.13977707827872735,18,1,0,Q2
R0003453,2026-02-17 18:00:00,M015,north,residential,0,66.98591966471741,64.8298528398365,True,3,-2.1560668248809094,2.1560668248809094,2.1560668248809094,4.648624153352046,18,1,0,Q2
R0003454,2026-02-17 18:00:00,M016,south,commercial,0,76.24124961299285,72.76785492377404,True,3,-3.4733946892188072,3.4733946892188072,3.4733946892188072,12.064470667093415,18,1,0,Q3
R0003455,2026-02-17 18:00:00,M017,east,industrial,0,38.414351446826416,40.35200023333275,True,3,1.9376487865063368,-1.9376487865063368,1.9376487865063368,3.7544828198494793,18,1,0,Q1
R0003456,2026-02-18 00:00:00,M000,north,residential,0,92.295119323759,94.86027474918475,True,3,2.5651554254257576,-2.5651554254257576,2.5651554254257576,6.5800223565912,0,2,0,Q4
R0003457,2026-02-18 00:00:00,M001,south,commercial,0,56.312822106485925,58.34929303179576,True,3,2.0364709253098354,-2.0364709253098354,2.0364709253098354,4.147213829632297,0,2,0,Q2
R0003458,2026-02-18 00:00:00,M002,east,industrial,0,94.24960340565316,89.45990174004065,True,3,-4.789701665612512,4.789701665612512,4.789701665612512,22.94124204557127,0,2,0,Q4
R0003459,2026-02-18 00:00:00,M003,north,residential,0,95.1076619593342,88.96679323629176,True,3,-6.140868723042431,6.140868723042431,6.140868723042431,37.71026867364077,0,2,0,Q4
R0003460,2026-02-18 00:00:00,M004,south,commercial,0,40.01452995906325,37.51354403106674,True,3,-2.50098592799651,2.50098592799651,2.50098592799651,6.2549306120365635,0,2,0,Q1
R0003461,2026-02-18 00:00:00,M005,east,industrial,0,106.72232215864216,100.33865248971662,True,3,-6.383669668925535,6.383669668925535,6.383669668925535,40.75123844195985,0,2,0,Q5
R0003462,2026-02-18 00:00:00,M006,north,residential,0,92.02079314084858,88.64980484565972,True,3,-3.370988295188866,3.370988295188866,3.370988295188866,11.363562086300336,0,2,0,Q4
R0003463,2026-02-18 00:00:00,M007,south,commercial,0,75.84445988410478,66.65048793166693,True,3,-9.193971952437849,9.193971952437849,9.193971952437849,84.52912026221384,0,2,0,Q3
R0003464,2026-02-18 00:00:00,M008,east,industrial,0,45.84856161251327,49.21419872299449,True,3,3.3656371104812166,-3.3656371104812166,3.3656371104812166,11.327513159448353,0,2,0,Q1
R0003465,2026-02-18 00:00:00,M009,north,residential,0,73.2142647864707,73.8911237179815,True,3,0.6768589315108073,-0.6768589315108073,0.6768589315108073,0.45813801316595176,0,2,0,Q3
R0003466,2026-02-18 00:00:00,M010,south,commercial,0,51.66119142553006,55.92139051082736,True,3,4.260199085297295,-4.260199085297295,4.260199085297295,18.149296246367907,0,2,0,Q1
R0003467,2026-02-18 00:00:00,M011,east,industrial,0,104.00731911464165,96.9155966889519,True,3,-7.091722425689753,7.091722425689753,7.091722425689753,50.29252696303095,0,2,0,Q5
R0003468,2026-02-18 00:00:00,M012,north,residential,0,91.56351073353773,88.0698812992683,True,3,-3.4936294342694225,3.4936294342694225,3.4936294342694225,12.205446623993685,0,2,0,Q4
R0003469,2026-02-18 00:00:00,M013,south,commercial,0,83.85991330770966,85.42463860717368,True,3,1.5647252994640155,-1.5647252994640155,1.5647252994640155,2.448365262782753,0,2,0,Q3
R0003470,2026-02-18 00:00:00,M014,east,industrial,0,73.92181261996888,67.46557737648723,True,3,-6.456235243481643,6.456235243481643,6.456235243481643,41.682973519174475,0,2,0,Q3
R0003471,2026-02-18 00:00:00,M015,north,residential,0,59.00197981039728,61.68360540928071,True,3,2.6816255988834286,-2.6816255988834286,2.6816255988834286,7.191115852586907,0,2,0,Q2
R0003472,2026-02-18 00:00:00,M016,south,commercial,0,59.2077810130284,60.84113858933525,True,3,1.6333575763068495,-1.6333575763068495,1.6333575763068495,2.6678569720789858,0,2,0,Q2
R0003473,2026-02-18 00:00:00,M017,east,industrial,0,49.74873020015446,43.34803547986861,True,3,-6.4006947202858555,6.4006947202858555,6.4006947202858555,40.968892902295224,0,2,0,Q1
R0003474,2026-02-18 06:00:00,M000,north,residential,0,95.44997133711148,92.16549544850406,True,3,-3.2844758886074175,3.2844758886074175,3.2844758886074175,10.787781862843485,6,2,0,Q4
R0003475,2026-02-18 06:00:00,M001,south,commercial,0,60.94283032478477,55.269202268742326,True,3,-5.673628056042446,5.673628056042446,5.673628056042446,32.190055318311984,6,2,0,Q2
R0003476,2026-02-18 06:00:00,M002,east,industrial,0,92.44772926604293,89.82998320470433,True,3,-2.617746061338593,2.617746061338593,2.617746061338593,6.852594441653718,6,2,0,Q4
R0003477,2026-02-18 06:00:00,M003,north,residential,0,94.79263773650432,88.1467279201277,True,3,-6.645909816376616,6.645909816376616,6.645909816376616,44.168117287411064,6,2,0,Q4
R0003478,2026-02-18 06:00:00,M004,south,commercial,0,40.66212046472508,36.18687292380043,True,3,-4.475247540924649,4.475247540924649,4.475247540924649,20.027840552552114,6,2,0,Q1
R0003479,2026-02-18 06:00:00,M005,east,industrial,0,102.84793842400916,102.98859372838336,True,3,0.14065530437420648,-0.14065530437420648,0.14065530437420648,0.01978391464860067,6,2,0,Q5
R0003480,2026-02-18 06:00:00,M006,north,residential,0,89.7038015498423,88.30952673278725,True,3,-1.3942748170550487,1.3942748170550487,1.3942748170550487,1.9440022654738895,6,2,0,Q4
R0003481,2026-02-18 06:00:00,M007,south,commercial,0,77.6591453549505,65.35457005850175,True,3,-12.304575296448746,12.304575296448746,12.304575296448746,151.40257322597674,6,2,0,Q3
R0003482,2026-02-18 06:00:00,M008,east,industrial,0,46.94870711054909,48.68011351649961,True,3,1.7314064059505228,-1.7314064059505228,1.7314064059505228,2.9977681425665064,6,2,0,Q1
R0003483,2026-02-18 06:00:00,M009,north,residential,0,74.31848308308136,73.2999983498575,True,3,-1.0184847332238576,1.0184847332238576,1.0184847332238576,1.0373111518100724,6,2,0,Q3
R0003484,2026-02-18 06:00:00,M010,south,commercial,0,53.84496996366384,54.65502037902102,True,3,0.8100504153571748,-0.8100504153571748,0.8100504153571748,0.6561816754203315,6,2,0,Q1
R0003485,2026-02-18 06:00:00,M011,east,industrial,0,104.57599154613696,96.58093886544424,True,3,-7.995052680692723,7.995052680692723,7.995052680692723,63.9208673670519,6,2,0,Q5
R0003486,2026-02-18 06:00:00,M012,north,residential,0,90.00147855853427,87.86591570956813,True,3,-2.1355628489661456,2.1355628489661456,2.1355628489661456,4.5606286818844,6,2,0,Q4
R0003487,2026-02-18 06:00:00,M013,south,commercial,0,86.45573783877326,83.8625479096992,True,3,-2.5931899290740574,2.5931899290740574,2.5931899290740574,6.724634008251115,6,2,0,Q3
R0003488,2026-02-18 06:00:00,M014,east,industrial,0,63.69439363863018,71.64881223059186,True,3,7.9544185919616766,-7.9544185919616766,7.9544185919616766,63.27277513614558,6,2,0,Q2
R0003489,2026-02-18 06:00:00,M015,north,residential,0,59.09101812845196,65.1588124692057,True,3,6.067794340753743,-6.067794340753743,6.067794340753743,36.81812816168315,6,2,0,Q2
R0003490,2026-02-18 06:00:00,M016,south,commercial,0,58.02362838732872,59.58955648261477,True,3,1.565928095286047,-1.565928095286047,1.565928095286047,2.4521307996061874,6,2,0,Q2
R0003491,2026-02-18 06:00:00,M017,east,industrial,0,49.316815986819954,43.9288423189084,True,3,-5.387973667911552,5.387973667911552,5.387973667911552,29.030260246108266,6,2,0,Q1
R0003492,2026-02-18 12:00:00,M000,north,residential,0,89.36913064116732,91.4179740176942,True,3,2.0488433765268894,-2.0488433765268894,2.0488433765268894,4.197759181538105,12,2,0,Q4
R0003493,2026-02-18 12:00:00,M001,south,commercial,0,69.31159262837916,70.6418344269592,True,3,1.3302417985800474,-1.3302417985800474,1.3302417985800474,1.7695432426894795,12,2,0,Q2
R0003494,2026-02-18 12:00:00,M002,east,industrial,0,90.06125012924971,84.40011205178642,True,3,-5.661138077463292,5.661138077463292,5.661138077463292,32.04848433210478,12,2,0,Q4
R0003495,2026-02-18 12:00:00,M003,north,residential,0,81.05195058086062,76.44312281022546,True,3,-4.608827770635159,4.608827770635159,4.608827770635159,21.24129341937785,12,2,0,Q3
R0003496,2026-02-18 12:00:00,M004,south,commercial,0,52.71964508124321,57.01379677265069,True,3,4.294151691407485,-4.294151691407485,4.294151691407485,18.439738748817767,12,2,0,Q1
R0003497,2026-02-18 12:00:00,M005,east,industrial,0,107.28111799796233,101.15185940410848,True,3,-6.129258593853848,6.129258593853848,6.129258593853848,37.56781091033125,12,2,0,Q5
R0003498,2026-02-18 12:00:00,M006,north,residential,0,85.40474959192592,87.35219086036399,True,3,1.9474412684380695,-1.9474412684380695,1.9474412684380695,3.792527494015677,12,2,0,Q3
R0003499,2026-02-18 12:00:00,M007,south,commercial,0,94.72120110954488,84.02114198072385,True,3,-10.700059128821025,10.700059128821025,10.700059128821025,114.49126536026614,12,2,0,Q4
R0003500,2026-02-18 12:00:00,M008,east,industrial,0,50.08882271133698,63.20466368466194,True,3,13.115840973324957,-13.115840973324957,13.115840973324957,172.02528443754974,12,2,0,Q1
R0003501,2026-02-18 12:00:00,M009,north,residential,0,66.13266615898085,64.58159638532058,True,3,-1.5510697736602737,1.5510697736602737,1.5510697736602737,2.4058174427625327,12,2,0,Q2
R0003502,2026-02-18 12:00:00,M010,south,commercial,0,69.50851189825647,69.46519917198886,True,3,-0.043312726267615176,0.043312726267615176,0.043312726267615176,0.0018759922567333617,12,2,0,Q2
R0003503,2026-02-18 12:00:00,M011,east,industrial,0,98.09786509289926,97.95069230422008,True,3,-0.14717278867917116,0.14717278867917116,0.14717278867917116,0.021659829727603972,12,2,0,Q5
R0003504,2026-02-18 12:00:00,M012,north,residential,0,83.7080637023156,84.64953824963145,True,3,0.941474547315849,-0.941474547315849,0.941474547315849,0.8863743232435828,12,2,0,Q3
R0003505,2026-02-18 12:00:00,M013,south,commercial,0,102.16659392321124,91.68189022314212,True,3,-10.484703700069119,10.484703700069119,10.484703700069119,109.92901167824307,12,2,0,Q5
R0003506,2026-02-18 12:00:00,M014,east,industrial,0,71.72265831413058,69.0602417477455,True,3,-2.6624165663850903,2.6624165663850903,2.6624165663850903,7.088461972961774,12,2,0,Q3
R0003507,2026-02-18 12:00:00,M015,north,residential,0,52.477718746027335,58.12614877676915,True,3,5.648430030741814,-5.648430030741814,5.648430030741814,31.904761812185967,12,2,0,Q1
R0003508,2026-02-18 12:00:00,M016,south,commercial,0,78.79508096645867,72.08747609280603,True,3,-6.707604873652642,6.707604873652642,6.707604873652642,44.99196314104867,12,2,0,Q3
R0003509,2026-02-18 12:00:00,M017,east,industrial,0,44.82656115554745,41.48299316983751,True,3,-3.3435679857099387,3.3435679857099387,3.3435679857099387,11.179446875064418,12,2,0,Q1
R0003510,2026-02-18 18:00:00,M000,north,residential,0,94.49170504573304,93.17403150833368,True,3,-1.317673537399358,1.317673537399358,1.317673537399358,1.7362635511625373,18,2,0,Q4
R0003511,2026-02-18 18:00:00,M001,south,commercial,0,73.55385026188719,71.03983063340225,True,3,-2.514019628484945,2.514019628484945,2.514019628484945,6.320294692407582,18,2,0,Q3
R0003512,2026-02-18 18:00:00,M002,east,industrial,0,90.83191597929692,90.54200035212108,True,3,-0.2899156271758443,0.2899156271758443,0.2899156271758443,0.08405107088076315,18,2,0,Q4
R0003513,2026-02-18 18:00:00,M003,north,residential,0,90.69767516566448,89.08018518720624,True,3,-1.617489978458238,1.617489978458238,1.617489978458238,2.616273830412831,18,2,0,Q4
R0003514,2026-02-18 18:00:00,M004,south,commercial,0,58.227005869071846,56.26467230062776,True,3,-1.9623335684440875,1.9623335684440875,1.9623335684440875,3.8507530338425062,18,2,0,Q2
R0003515,2026-02-18 18:00:00,M005,east,industrial,0,98.48505199113656,99.01815173563443,True,3,0.5330997444978749,-0.5330997444978749,0.5330997444978749,0.28419533758369947,18,2,0,Q5
R0003516,2026-02-18 18:00:00,M006,north,residential,0,98.50598674799086,90.40950624502511,True,3,-8.096480502965747,8.096480502965747,8.096480502965747,65.55299653490448,18,2,0,Q5
R0003517,2026-02-18 18:00:00,M007,south,commercial,0,89.5695267237127,86.71472207149009,True,3,-2.8548046522226116,2.8548046522226116,2.8548046522226116,8.149909602351867,18,2,0,Q4
R0003518,2026-02-18 18:00:00,M008,east,industrial,0,48.73480322911058,47.84827614206026,True,3,-0.8865270870503252,0.8865270870503252,0.8865270870503252,0.785930276073935,18,2,0,Q1
R0003519,2026-02-18 18:00:00,M009,north,residential,0,75.58053368920582,70.94943854880745,True,3,-4.631095140398372,4.631095140398372,4.631095140398372,21.447042199421418,18,2,0,Q3
R0003520,2026-02-18 18:00:00,M010,south,commercial,0,73.01827220516448,70.42737583995144,True,3,-2.590896365213041,2.590896365213041,2.590896365213041,6.712743975274147,18,2,0,Q3
R0003521,2026-02-18 18:00:00,M011,east,industrial,0,91.659286836096,95.40955055314969,True,3,3.7502637170536843,-3.7502637170536843,3.7502637170536843,14.064477947449317,18,2,0,Q4
R0003522,2026-02-18 18:00:00,M012,north,residential,0,92.6911730658083,89.66425315977344,True,3,-3.0269199060348626,3.0269199060348626,3.0269199060348626,9.1622441175501,18,2,0,Q4
R0003523,2026-02-18 18:00:00,M013,south,commercial,0,97.86772022625571,93.24247860332966,True,3,-4.625241622926055,4.625241622926055,4.625241622926055,21.392860070447643,18,2,0,Q5
R0003524,2026-02-18 18:00:00,M014,east,industrial,0,63.00201573085615,66.88163191044401,True,3,3.879616179587863,-3.879616179587863,3.879616179587863,15.051421700919928,18,2,0,Q2
R0003525,2026-02-18 18:00:00,M015,north,residential,0,59.14951650047119,64.72693417481265,True,3,5.5774176743414685,-5.5774176743414685,5.5774176743414685,31.107587914056595,18,2,0,Q2
R0003526,2026-02-18 18:00:00,M016,south,commercial,0,77.05928382141848,72.20221063851302,True,3,-4.857073182905452,4.857073182905452,4.857073182905452,23.591159904099303,18,2,0,Q3
R0003527,2026-02-18 18:00:00,M017,east,industrial,0,37.62206461833208,40.01344461088514,True,3,2.3913799925530554,-2.3913799925530554,2.3913799925530554,5.718698268783052,18,2,0,Q1
R0003528,2026-02-19 00:00:00,M000,north,residential,0,99.8687134880692,91.60445229920158,True,3,-8.264261188867621,8.264261188867621,8.264261188867621,68.29801299782368,0,3,0,Q5
R0003529,2026-02-19 00:00:00,M001,south,commercial,0,57.67013483756483,54.39504283707304,True,3,-3.2750920004917887,3.2750920004917887,3.2750920004917887,10.726227611685307,0,3,0,Q2
R0003530,2026-02-19 00:00:00,M002,east,industrial,1,83.48466295228812,90.35567126781412,True,3,6.871008315525998,-6.871008315525998,6.871008315525998,47.21075527202741,0,3,0,Q3
R0003531,2026-02-19 00:00:00,M003,north,residential,0,94.982995650856,88.4827335243313,True,3,-6.500262126524703,6.500262126524703,6.500262126524703,42.25340771353145,0,3,0,Q4
R0003532,2026-02-19 00:00:00,M004,south,commercial,0,39.87220937153961,36.925285099609816,True,3,-2.9469242719297952,2.9469242719297952,2.9469242719297952,8.684362664488953,0,3,0,Q1
R0003533,2026-02-19 00:00:00,M005,east,industrial,0,99.46148125666669,100.80989765590787,True,3,1.348416399241188,-1.348416399241188,1.348416399241188,1.8182267857425707,0,3,0,Q5
R0003534,2026-02-19 00:00:00,M006,north,residential,0,85.75510142688248,88.76524470621312,True,3,3.0101432793306486,-3.0101432793306486,3.0101432793306486,9.060962562099471,0,3,0,Q3
R0003535,2026-02-19 00:00:00,M007,south,commercial,0,76.83499256447278,63.05899096743555,True,3,-13.776001597037236,13.776001597037236,13.776001597037236,189.7782200015725,0,3,0,Q3
R0003536,2026-02-19 00:00:00,M008,east,industrial,0,53.995666615142326,48.0645198262623,True,3,-5.931146788880028,5.931146788880028,5.931146788880028,35.178502231241865,0,3,0,Q1
R0003537,2026-02-19 00:00:00,M009,north,residential,0,71.88307681461686,73.36375754997789,True,3,1.4806807353610338,-1.4806807353610338,1.4806807353610338,2.192415440069292,0,3,0,Q3
R0003538,2026-02-19 00:00:00,M010,south,commercial,0,53.19559082550736,54.96478058484607,True,3,1.7691897593387083,-1.7691897593387083,1.7691897593387083,3.1300324045489565,0,3,0,Q1
R0003539,2026-02-19 00:00:00,M011,east,industrial,0,95.76022465765314,96.26083316272904,True,3,0.5006085050759026,-0.5006085050759026,0.5006085050759026,0.25060887535433,0,3,0,Q4
R0003540,2026-02-19 00:00:00,M012,north,residential,0,90.745198225442,88.86261964739268,True,3,-1.8825785780493192,1.8825785780493192,1.8825785780493192,3.5441021025301964,0,3,0,Q4
R0003541,2026-02-19 00:00:00,M013,south,commercial,0,82.11821831584581,81.46306622697995,True,3,-0.6551520888658615,0.6551520888658615,0.6551520888658615,0.4292242595453017,0,3,0,Q3
R0003542,2026-02-19 00:00:00,M014,east,industrial,0,64.07935692889589,68.54947179993779,True,3,4.4701148710419005,-4.4701148710419005,4.4701148710419005,19.98192696030995,0,3,0,Q2
R0003543,2026-02-19 00:00:00,M015,north,residential,0,59.89265628566644,63.58273015048617,True,3,3.6900738648197304,-3.6900738648197304,3.6900738648197304,13.616645127825622,0,3,0,Q2
R0003544,2026-02-19 00:00:00,M016,south,commercial,0,64.9318583134827,63.06186213750392,True,3,-1.869996175978784,1.869996175978784,1.869996175978784,3.496885698175275,0,3,0,Q2
R0003545,2026-02-19 00:00:00,M017,east,industrial,0,44.56127931937697,41.95074308900053,True,3,-2.6105362303764394,2.6105362303764394,2.6105362303764394,6.814899410108031,0,3,0,Q1
R0003546,2026-02-19 06:00:00,M000,north,residential,0,91.65070358002605,91.02909747103452,True,3,-0.6216061089915286,0.6216061089915286,0.6216061089915286,0.3863941547355881,6,3,0,Q4
R0003547,2026-02-19 06:00:00,M001,south,commercial,0,58.72963313177458,55.30705520562621,True,3,-3.4225779261483638,3.4225779261483638,3.4225779261483638,11.714039660558035,6,3,0,Q2
R0003548,2026-02-19 06:00:00,M002,east,industrial,0,88.89138337334812,89.38648244427799,True,3,0.49509907092986793,-0.49509907092986793,0.49509907092986793,0.2451230900356184,6,3,0,Q4
R0003549,2026-02-19 06:00:00,M003,north,residential,0,92.97618795927326,86.59826367324678,True,3,-6.377924286026484,6.377924286026484,6.377924286026484,40.67791819828644,6,3,0,Q4
R0003550,2026-02-19 06:00:00,M004,south,commercial,0,37.47477872424904,37.24586650099905,True,3,-0.22891222324999205,0.22891222324999205,0.22891222324999205,0.0524008059532542,6,3,0,Q1
R0003551,2026-02-19 06:00:00,M005,east,industrial,0,103.19328912309533,101.0273935259086,True,3,-2.165895597186733,2.165895597186733,2.165895597186733,4.691103737912874,6,3,0,Q5
R0003552,2026-02-19 06:00:00,M006,north,residential,0,85.98887125151906,88.4720916192854,True,3,2.483220367766336,-2.483220367766336,2.483220367766336,6.166383394889576,6,3,0,Q3
R0003553,2026-02-19 06:00:00,M007,south,commercial,0,76.1199824334006,75.00200145238514,True,3,-1.1179809810154495,1.1179809810154495,1.1179809810154495,1.2498814739122668,6,3,0,Q3
R0003554,2026-02-19 06:00:00,M008,east,industrial,0,51.40037920139085,49.2534048886307,True,3,-2.1469743127601504,2.1469743127601504,2.1469743127601504,4.60949869965192,6,3,0,Q1
R0003555,2026-02-19 06:00:00,M009,north,residential,0,74.03589358845247,70.7007361599878,True,3,-3.335157428464669,3.335157428464669,3.335157428464669,11.123275072643063,6,3,0,Q3
R0003556,2026-02-19 06:00:00,M010,south,commercial,0,57.20448405965963,54.12256614496573,True,3,-3.0819179146938964,3.0819179146938964,3.0819179146938964,9.498218032911176,6,3,0,Q2
R0003557,2026-02-19 06:00:00,M011,east,industrial,0,102.57119827923536,97.70539567305832,True,3,-4.865802606177041,4.865802606177041,4.865802606177041,23.67603500227929,6,3,0,Q5
R0003558,2026-02-19 06:00:00,M012,north,residential,0,85.76610831042572,88.49775636848842,True,3,2.731648058062703,-2.731648058062703,2.731648058062703,7.461901113117736,6,3,0,Q3
R0003559,2026-02-19 06:00:00,M013,south,commercial,0,82.34498428224357,83.6398325913019,True,3,1.2948483090583238,-1.2948483090583238,1.2948483090583238,1.6766321434712004,6,3,0,Q3
R0003560,2026-02-19 06:00:00,M014,east,industrial,0,67.64514686159234,67.68225809598461,True,3,0.037111234392270376,-0.037111234392270376,0.037111234392270376,0.0013772437181180316,6,3,0,Q2
R0003561,2026-02-19 06:00:00,M015,north,residential,0,61.91729539685708,65.59169569897362,True,3,3.6744003021165454,-3.6744003021165454,3.6744003021165454,13.50121758019416,6,3,0,Q2
R0003562,2026-02-19 06:00:00,M016,south,commercial,0,59.67299747801461,61.2732908256271,True,3,1.6002933476124923,-1.6002933476124923,1.6002933476124923,2.5609387984127974,6,3,0,Q2
R0003563,2026-02-19 06:00:00,M017,east,industrial,0,42.53218208694416,44.179335191051024,True,3,1.647153104106863,-1.647153104106863,1.647153104106863,2.713113348368874,6,3,0,Q1
R0003564,2026-02-19 12:00:00,M000,north,residential,0,91.28545383629248,89.2139110207308,True,3,-2.0715428155616706,2.0715428155616706,2.0715428155616706,4.291289636705174,12,3,0,Q4
R0003565,2026-02-19 12:00:00,M001,south,commercial,0,71.47195816026311,70.02912243614398,True,3,-1.442835724119135,1.442835724119135,1.442835724119135,2.0817749267943886,12,3,0,Q3
R0003566,2026-02-19 12:00:00,M002,east,industrial,0,91.08628033475745,88.66125980886926,True,3,-2.4250205258881863,2.4250205258881863,2.4250205258881863,5.880724550979015,12,3,0,Q4
R0003567,2026-02-19 12:00:00,M003,north,residential,0,86.10416422648551,86.09105204561584,True,3,-0.013112180869669032,0.013112180869669032,0.013112180869669032,0.00017192928715891454,12,3,0,Q3
R0003568,2026-02-19 12:00:00,M004,south,commercial,0,55.04488230088332,56.89879914996063,True,3,1.853916849077308,-1.853916849077308,1.853916849077308,3.437007683292734,12,3,0,Q1
R0003569,2026-02-19 12:00:00,M005,east,industrial,0,102.80071604021131,101.0924781578004,True,3,-1.7082378824109128,1.7082378824109128,1.7082378824109128,2.9180766629037196,12,3,0,Q5
R0003570,2026-02-19 12:00:00,M006,north,residential,0,88.91368781049734,86.50235597406449,True,3,-2.4113318364328507,2.4113318364328507,2.4113318364328507,5.814521225394624,12,3,0,Q4
R0003571,2026-02-19 12:00:00,M007,south,commercial,1,84.79703348034005,82.70486852466962,True,3,-2.0921649556704267,2.0921649556704267,2.0921649556704267,4.377154201735438,12,3,0,Q3
R0003572,2026-02-19 12:00:00,M008,east,industrial,0,46.18481832306675,48.93200564537402,True,3,2.747187322307269,-2.747187322307269,2.747187322307269,7.547038183845784,12,3,0,Q1
R0003573,2026-02-19 12:00:00,M009,north,residential,0,69.2934429603621,67.72476352547288,True,3,-1.5686794348892192,1.5686794348892192,1.5686794348892192,2.46075516944436,12,3,0,Q2
R0003574,2026-02-19 12:00:00,M010,south,commercial,0,71.7524715378817,70.01321438129618,True,3,-1.7392571565855235,1.7392571565855235,1.7392571565855235,3.02501545673396,12,3,0,Q3
R0003575,2026-02-19 12:00:00,M011,east,industrial,0,96.00241881751788,94.47788208638497,True,3,-1.5245367311329119,1.5245367311329119,1.5245367311329119,2.3242122445734243,12,3,0,Q5
R0003576,2026-02-19 12:00:00,M012,north,residential,0,76.68402344746266,83.61134587885252,True,3,6.927322431389854,-6.927322431389854,6.927322431389854,47.987796068437035,12,3,0,Q3
R0003577,2026-02-19 12:00:00,M013,south,commercial,0,104.26264265499478,91.96832606889556,True,3,-12.294316586099214,12.294316586099214,12.294316586099214,151.15022031923422,12,3,0,Q5
R0003578,2026-02-19 12:00:00,M014,east,industrial,0,66.28684864850403,69.52169032478243,True,3,3.2348416762783927,-3.2348416762783927,3.2348416762783927,10.464200670587601,12,3,0,Q2
R0003579,2026-02-19 12:00:00,M015,north,residential,0,52.76806943845341,55.32212092575972,True,3,2.5540514873063103,-2.5540514873063103,2.5540514873063103,6.5231789998115755,12,3,0,Q1
R0003580,2026-02-19 12:00:00,M016,south,commercial,0,79.25496831807803,74.39943891407346,True,3,-4.855529404004571,4.855529404004571,4.855529404004571,23.576165793152985,12,3,0,Q3
R0003581,2026-02-19 12:00:00,M017,east,industrial,0,45.59409939975721,42.59197208858742,True,3,-3.0021273111697937,3.0021273111697937,3.0021273111697937,9.012768392471575,12,3,0,Q1
R0003582,2026-02-19 18:00:00,M000,north,residential,0,92.98197439033578,94.13067019945262,True,3,1.1486958091168447,-1.1486958091168447,1.1486958091168447,1.3195020618826023,18,3,0,Q4
R0003583,2026-02-19 18:00:00,M001,south,commercial,0,75.97021771831689,71.22390853757958,True,3,-4.746309180737313,4.746309180737313,4.746309180737313,22.527450839151307,18,3,0,Q3
R0003584,2026-02-19 18:00:00,M002,east,industrial,0,95.24715395758668,89.9373144863642,True,3,-5.309839471222475,5.309839471222475,5.309839471222475,28.19439521015217,18,3,0,Q4
R0003585,2026-02-19 18:00:00,M003,north,residential,0,94.73494589143785,88.20797035510556,True,3,-6.526975536332287,6.526975536332287,6.526975536332287,42.60140965188015,18,3,0,Q4
R0003586,2026-02-19 18:00:00,M004,south,commercial,0,58.50256764084135,56.64041130575976,True,3,-1.8621563350815862,1.8621563350815862,1.8621563350815862,3.4676262162844846,18,3,0,Q2
R0003587,2026-02-19 18:00:00,M005,east,industrial,0,103.63855507478544,100.32209554201955,True,3,-3.31645953276589,3.31645953276589,3.31645953276589,10.998903832473745,18,3,0,Q5
R0003588,2026-02-19 18:00:00,M006,north,residential,0,91.58403240116564,90.81081416095826,True,3,-0.7732182402073846,0.7732182402073846,0.7732182402073846,0.5978664469894047,18,3,0,Q4
R0003589,2026-02-19 18:00:00,M007,south,commercial,0,94.49231939502415,76.03098812758091,True,3,-18.461331267443242,18.461331267443242,18.461331267443242,340.8207521662775,18,3,0,Q4
R0003590,2026-02-19 18:00:00,M008,east,industrial,0,48.43494955487165,47.75454338220501,True,3,-0.6804061726666433,0.6804061726666433,0.6804061726666433,0.46295255980287,18,3,0,Q1
R0003591,2026-02-19 18:00:00,M009,north,residential,0,70.83587609043265,71.19838366363196,True,3,0.36250757319930926,-0.36250757319930926,0.36250757319930926,0.13141174062685257,18,3,0,Q2
R0003592,2026-02-19 18:00:00,M010,south,commercial,0,70.35648957832055,70.83369697380233,True,3,0.47720739548178415,-0.47720739548178415,0.47720739548178415,0.22772689830250795,18,3,0,Q2
R0003593,2026-02-19 18:00:00,M011,east,industrial,0,91.87242699296192,94.29745268408368,True,3,2.4250256911217605,-2.4250256911217605,2.4250256911217605,5.880749602600572,18,3,0,Q4
R0003594,2026-02-19 18:00:00,M012,north,residential,0,91.93495946973113,90.6778067439047,True,3,-1.2571527258264297,1.2571527258264297,1.2571527258264297,1.5804329760528222,18,3,0,Q4
R0003595,2026-02-19 18:00:00,M013,south,commercial,0,99.15289571027334,94.25196279555188,True,3,-4.900932914721466,4.900932914721466,4.900932914721466,24.01914343460024,18,3,0,Q5
R0003596,2026-02-19 18:00:00,M014,east,industrial,1,53.52884362321066,67.1341596381959,True,3,13.605316014985235,-13.605316014985235,13.605316014985235,185.1046238676137,18,3,0,Q1
R0003597,2026-02-19 18:00:00,M015,north,residential,0,66.10542053563661,64.07339837274759,True,3,-2.032022162889021,2.032022162889021,2.032022162889021,4.129114070472175,18,3,0,Q2
R0003598,2026-02-19 18:00:00,M016,south,commercial,0,74.52796701013584,74.83349170033753,True,3,0.30552469020169326,-0.30552469020169326,0.30552469020169326,0.09334533632284064,18,3,0,Q3
R0003599,2026-02-19 18:00:00,M017,east,industrial,0,39.88986056056397,42.658520238859424,True,3,2.7686596782954567,-2.7686596782954567,2.7686596782954567,7.665476414219102,18,3,0,Q1
R0003600,2026-02-20 00:00:00,M000,north,residential,0,95.6910436200654,91.27440611469362,True,3,-4.4166375053717815,4.4166375053717815,4.4166375053717815,19.506686853856674,0,4,0,Q4
R0003601,2026-02-20 00:00:00,M001,south,commercial,0,56.3803309436029,54.61655031790209,True,3,-1.7637806257008108,1.7637806257008108,1.7637806257008108,3.1109220955975436,0,4,0,Q2
R0003602,2026-02-20 00:00:00,M002,east,industrial,0,88.07138296967553,89.69056765026939,True,3,1.619184680593861,-1.619184680593861,1.619184680593861,2.621759029869844,0,4,0,Q4
R0003603,2026-02-20 00:00:00,M003,north,residential,1,78.87769253820132,88.89760729083133,True,3,10.019914752630015,-10.019914752630015,10.019914752630015,100.39869164997262,0,4,0,Q3
R0003604,2026-02-20 00:00:00,M004,south,commercial,0,37.73190919690544,37.69863721573183,True,3,-0.03327198117361263,0.03327198117361263,0.03327198117361263,0.0011070247312172333,0,4,0,Q1
R0003605,2026-02-20 00:00:00,M005,east,industrial,0,100.8416068574974,99.86940724819058,True,3,-0.9721996093068128,0.9721996093068128,0.9721996093068128,0.9451720803363195,0,4,0,Q5
R0003606,2026-02-20 00:00:00,M006,north,residential,0,92.09928304334773,89.77494909836047,True,3,-2.3243339449872593,2.3243339449872593,2.3243339449872593,5.402528287820036,0,4,0,Q4
R0003607,2026-02-20 00:00:00,M007,south,commercial,0,78.7949125409277,63.26405105007009,True,3,-15.53086149085761,15.53086149085761,15.53086149085761,241.20765864820387,0,4,0,Q3
R0003608,2026-02-20 00:00:00,M008,east,industrial,0,49.77985973736011,47.60998603319415,True,3,-2.1698737041659655,2.1698737041659655,2.1698737041659655,4.708351892030928,0,4,0,Q1
R0003609,2026-02-20 00:00:00,M009,north,residential,0,75.14988491032798,72.5048188574486,True,3,-2.645066052879386,2.645066052879386,2.645066052879386,6.9963744240949355,0,4,0,Q3
R0003610,2026-02-20 00:00:00,M010,south,commercial,0,51.418391993235176,58.30454336741583,True,3,6.886151374180656,-6.886151374180656,6.886151374180656,47.41908074813014,0,4,0,Q1
R0003611,2026-02-20 00:00:00,M011,east,industrial,0,99.82237895277088,96.14015673437127,True,3,-3.682222218399602,3.682222218399602,3.682222218399602,13.558760465675686,0,4,0,Q5
R0003612,2026-02-20 00:00:00,M012,north,residential,0,90.1863342085043,89.46428584588826,True,3,-0.7220483626160501,0.7220483626160501,0.7220483626160501,0.521353837956519,0,4,0,Q4
R0003613,2026-02-20 00:00:00,M013,south,commercial,0,83.77051579433655,81.27471434958288,True,3,-2.495801444753667,2.495801444753667,2.495801444753667,6.229024851634491,0,4,0,Q3
R0003614,2026-02-20 00:00:00,M014,east,industrial,0,66.83952123478656,69.67690520272109,True,3,2.837383967934528,-2.837383967934528,2.837383967934528,8.050747781491888,0,4,0,Q2
R0003615,2026-02-20 00:00:00,M015,north,residential,0,65.3588233289003,63.900811963338974,True,3,-1.458011365561326,1.458011365561326,1.458011365561326,2.125797142106003,0,4,0,Q2
R0003616,2026-02-20 00:00:00,M016,south,commercial,0,54.86058529896206,61.58773010063626,True,3,6.7271448016742,-6.7271448016742,6.7271448016742,45.25447718269221,0,4,0,Q1
R0003617,2026-02-20 00:00:00,M017,east,industrial,0,41.46147672289364,41.6886998964092,True,3,0.22722317351555432,-0.22722317351555432,0.22722317351555432,0.051630370582479705,0,4,0,Q1
R0003618,2026-02-20 06:00:00,M000,north,residential,0,91.93538114268844,91.38737619701732,True,3,-0.5480049456711242,0.5480049456711242,0.5480049456711242,0.3003094204800118,6,4,0,Q4
R0003619,2026-02-20 06:00:00,M001,south,commercial,0,51.11491346168575,54.130486643213736,True,3,3.0155731815279836,-3.0155731815279836,3.0155731815279836,9.093681613150805,6,4,0,Q1
R0003620,2026-02-20 06:00:00,M002,east,industrial,0,91.23560051032064,89.87426495156404,True,3,-1.3613355587565934,1.3613355587565934,1.3613355587565934,1.8532345035351263,6,4,0,Q4
R0003621,2026-02-20 06:00:00,M003,north,residential,0,91.80919803214016,86.75517577813044,True,3,-5.054022254009723,5.054022254009723,5.054022254009723,25.543140944025524,6,4,0,Q4
R0003622,2026-02-20 06:00:00,M004,south,commercial,0,33.222829534290426,49.6717563998897,True,3,16.448926865599276,-16.448926865599276,16.448926865599276,270.5671950298336,6,4,0,Q1
R0003623,2026-02-20 06:00:00,M005,east,industrial,0,100.74616599152446,98.55300997805692,True,3,-2.1931560134675436,2.1931560134675436,2.1931560134675436,4.809933299408849,6,4,0,Q5
R0003624,2026-02-20 06:00:00,M006,north,residential,0,86.07970858434996,89.68357014362138,True,3,3.6038615592714223,-3.6038615592714223,3.6038615592714223,12.987818138394246,6,4,0,Q3
R0003625,2026-02-20 06:00:00,M007,south,commercial,1,70.43199709655985,66.66768688626081,True,3,-3.764310210299044,3.764310210299044,3.764310210299044,14.170031359361634,6,4,0,Q2
R0003626,2026-02-20 06:00:00,M008,east,industrial,0,50.59145787446705,49.11982776290594,True,3,-1.4716301115611046,1.4716301115611046,1.4716301115611046,2.165695185253349,6,4,0,Q1
R0003627,2026-02-20 06:00:00,M009,north,residential,0,74.3980556512812,71.97221117739264,True,3,-2.42584447388856,2.42584447388856,2.42584447388856,5.884721411495665,6,4,0,Q3
R0003628,2026-02-20 06:00:00,M010,south,commercial,0,54.3336410829159,55.89293769471346,True,3,1.5592966117975635,-1.5592966117975635,1.5592966117975635,2.4314059235633616,6,4,0,Q1
R0003629,2026-02-20 06:00:00,M011,east,industrial,0,99.94244678949528,77.53164381063988,True,3,-22.4108029788554,22.4108029788554,22.4108029788554,502.2440901570741,6,4,0,Q5
R0003630,2026-02-20 06:00:00,M012,north,residential,0,91.06317297173732,85.1823097280929,True,3,-5.880863243644413,5.880863243644413,5.880863243644413,34.584552490447884,6,4,0,Q4
R0003631,2026-02-20 06:00:00,M013,south,commercial,0,73.95985581141264,84.41706769536043,True,3,10.457211883947792,-10.457211883947792,10.457211883947792,109.35328038577893,6,4,0,Q3
R0003632,2026-02-20 06:00:00,M014,east,industrial,0,73.33787214616041,71.40669422411882,True,3,-1.9311779220415843,1.9311779220415843,1.9311779220415843,3.7294481665808514,6,4,0,Q3
R0003633,2026-02-20 06:00:00,M015,north,residential,0,65.39147099218746,63.41005999803398,True,3,-1.9814109941534852,1.9814109941534852,1.9814109941534852,3.9259895277523027,6,4,0,Q2
R0003634,2026-02-20 06:00:00,M016,south,commercial,0,59.32231324428461,57.08868876452352,True,3,-2.2336244797610902,2.2336244797610902,2.2336244797610902,4.989078316588001,6,4,0,Q2
R0003635,2026-02-20 06:00:00,M017,east,industrial,0,44.33739006744436,46.58703678615355,True,3,2.2496467187091866,-2.2496467187091866,2.2496467187091866,5.060910358999011,6,4,0,Q1
R0003636,2026-02-20 12:00:00,M000,north,residential,0,81.58615857431275,89.5251989187855,True,3,7.939040344472758,-7.939040344472758,7.939040344472758,63.02836159116613,12,4,0,Q3
R0003637,2026-02-20 12:00:00,M001,south,commercial,0,70.2173897014995,69.95567230081687,True,3,-0.2617174006826275,0.2617174006826275,0.2617174006826275,0.06849599782007099,12,4,0,Q2
R0003638,2026-02-20 12:00:00,M002,east,industrial,0,92.45601844393876,89.80399670268184,True,3,-2.6520217412569167,2.6520217412569167,2.6520217412569167,7.033219316099369,12,4,0,Q4
R0003639,2026-02-20 12:00:00,M003,north,residential,0,87.49510861360514,86.31871904982339,True,3,-1.176389563781754,1.176389563781754,1.176389563781754,1.3838924057746256,12,4,0,Q4
R0003640,2026-02-20 12:00:00,M004,south,commercial,0,63.08030377306885,57.14830580081723,True,3,-5.931997972251615,5.931997972251615,5.931997972251615,35.188599942797275,12,4,0,Q2
R0003641,2026-02-20 12:00:00,M005,east,industrial,0,103.6513854395274,101.95030052886392,True,3,-1.7010849106634822,1.7010849106634822,1.7010849106634822,2.8936898732869873,12,4,0,Q5
R0003642,2026-02-20 12:00:00,M006,north,residential,0,91.4328162843034,81.99521896210612,True,3,-9.437597322197277,9.437597322197277,9.437597322197277,89.06824321594522,12,4,0,Q4
R0003643,2026-02-20 12:00:00,M007,south,commercial,0,98.5826958118418,82.57415760212282,True,3,-16.008538209718978,16.008538209718978,16.008538209718978,256.2732956120325,12,4,0,Q5
R0003644,2026-02-20 12:00:00,M008,east,industrial,0,48.832306612804665,47.585021736559234,True,3,-1.2472848762454305,1.2472848762454305,1.2472848762454305,1.5557195625105789,12,4,0,Q1
R0003645,2026-02-20 12:00:00,M009,north,residential,0,73.17379746040854,68.48847201698737,True,3,-4.6853254434211635,4.6853254434211635,4.6853254434211635,21.952274510769723,12,4,0,Q3
R0003646,2026-02-20 12:00:00,M010,south,commercial,0,69.577568590013,70.15136409386689,True,3,0.5737955038538871,-0.5737955038538871,0.5737955038538871,0.3292412802429362,12,4,0,Q2
R0003647,2026-02-20 12:00:00,M011,east,industrial,0,94.96875790664072,81.06029617649789,True,3,-13.908461730142832,13.908461730142832,13.908461730142832,193.44530769884776,12,4,0,Q4
R0003648,2026-02-20 12:00:00,M012,north,residential,0,81.6855668931852,80.33271448345181,True,3,-1.3528524097333872,1.3528524097333872,1.3528524097333872,1.8302096425214325,12,4,0,Q3
R0003649,2026-02-20 12:00:00,M013,south,commercial,0,97.92873300457178,91.51931775424288,True,3,-6.409415250328905,6.409415250328905,6.409415250328905,41.080603851148744,12,4,0,Q5
R0003650,2026-02-20 12:00:00,M014,east,industrial,0,68.86513006134318,68.26778877003332,True,3,-0.5973412913098599,0.5973412913098599,0.5973412913098599,0.3568166183037309,12,4,0,Q2
R0003651,2026-02-20 12:00:00,M015,north,residential,0,58.89200047332988,54.75554790466969,True,3,-4.136452568660189,4.136452568660189,4.136452568660189,17.11023985277548,12,4,0,Q2
R0003652,2026-02-20 12:00:00,M016,south,commercial,0,77.90456600056517,72.79169240357216,True,3,-5.112873596993012,5.112873596993012,5.112873596993012,26.141476418828262,12,4,0,Q3
R0003653,2026-02-20 12:00:00,M017,east,industrial,0,44.60828849182643,51.835276495443686,True,3,7.226988003617258,-7.226988003617258,7.226988003617258,52.22935560442776,12,4,0,Q1
R0003654,2026-02-20 18:00:00,M000,north,residential,0,96.23661161211773,94.17331905657296,True,3,-2.0632925555447628,2.0632925555447628,2.0632925555447628,4.257176169766438,18,4,0,Q5
R0003655,2026-02-20 18:00:00,M001,south,commercial,0,66.04172008459854,69.82325844559547,True,3,3.781538360996933,-3.781538360996933,3.781538360996933,14.300032375691371,18,4,0,Q2
R0003656,2026-02-20 18:00:00,M002,east,industrial,0,86.20500277081739,90.00142248037511,True,3,3.796419709557725,-3.796419709557725,3.796419709557725,14.412802611118359,18,4,0,Q3
R0003657,2026-02-20 18:00:00,M003,north,residential,0,91.67322345454042,90.0076209042798,True,3,-1.6656025502606155,1.6656025502606155,1.6656025502606155,2.7742318554346665,18,4,0,Q4
R0003658,2026-02-20 18:00:00,M004,south,commercial,1,43.46012004076914,55.72546010841142,True,3,12.265340067642278,-12.265340067642278,12.265340067642278,150.43856697491108,18,4,0,Q1
R0003659,2026-02-20 18:00:00,M005,east,industrial,0,100.97897786244158,99.8606337622959,True,3,-1.118344100145677,1.118344100145677,1.118344100145677,1.2506935263306442,18,4,0,Q5
R0003660,2026-02-20 18:00:00,M006,north,residential,0,96.71817806912286,83.84343980852984,True,3,-12.87473826059302,12.87473826059302,12.87473826059302,165.75888527877777,18,4,0,Q5
R0003661,2026-02-20 18:00:00,M007,south,commercial,0,94.6905254959903,89.58873767567447,True,3,-5.101787820315835,5.101787820315835,5.101787820315835,26.028238963522995,18,4,0,Q4
R0003662,2026-02-20 18:00:00,M008,east,industrial,0,44.83268667848742,48.75491920292577,True,3,3.92223252443835,-3.92223252443835,3.92223252443835,15.38390797576203,18,4,0,Q1
R0003663,2026-02-20 18:00:00,M009,north,residential,0,73.0622499318774,71.26118979490703,True,3,-1.8010601369703778,1.8010601369703778,1.8010601369703778,3.243817616983756,18,4,0,Q3
R0003664,2026-02-20 18:00:00,M010,south,commercial,0,77.18934127282488,69.90825910433473,True,3,-7.281082168490144,7.281082168490144,7.281082168490144,53.01415754430514,18,4,0,Q3
R0003665,2026-02-20 18:00:00,M011,east,industrial,0,101.49060102756776,95.1765271883459,True,3,-6.314073839221862,6.314073839221862,6.314073839221862,39.86752844714591,18,4,0,Q5
R0003666,2026-02-20 18:00:00,M012,north,residential,0,92.24074668517652,85.93892913013198,True,3,-6.301817555044536,6.301817555044536,6.301817555044536,39.7129044970675,18,4,0,Q4
R0003667,2026-02-20 18:00:00,M013,south,commercial,0,96.20838847347878,93.81458651745108,True,3,-2.3938019560277013,2.3938019560277013,2.3938019560277013,5.730287804682049,18,4,0,Q5
R0003668,2026-02-20 18:00:00,M014,east,industrial,0,68.34027138938781,68.78789997880067,True,3,0.447628589412858,-0.447628589412858,0.447628589412858,0.200371354059745,18,4,0,Q2
R0003669,2026-02-20 18:00:00,M015,north,residential,0,65.79103103364393,64.71235411483218,True,3,-1.0786769188117518,1.0786769188117518,1.0786769188117518,1.1635438951772146,18,4,0,Q2
R0003670,2026-02-20 18:00:00,M016,south,commercial,0,77.30733649990727,72.65110675336774,True,3,-4.656229746539523,4.656229746539523,4.656229746539523,21.680475452559513,18,4,0,Q3
R0003671,2026-02-20 18:00:00,M017,east,industrial,0,40.90813490454424,41.70304479343854,True,3,0.7949098888943027,-0.7949098888943027,0.7949098888943027,0.6318817314619527,18,4,0,Q1
R0003672,2026-02-21 00:00:00,M000,north,residential,0,94.82713631702164,91.43900735768432,True,3,-3.3881289593373225,3.3881289593373225,3.3881289593373225,11.479417845100208,0,5,1,Q4
R0003673,2026-02-21 00:00:00,M001,south,commercial,0,44.22203935909957,52.04427424745288,True,3,7.822234888353314,-7.822234888353314,7.822234888353314,61.18735864857179,0,5,1,Q1
R0003674,2026-02-21 00:00:00,M002,east,industrial,0,88.46725305563871,89.8719672184971,True,3,1.4047141628583972,-1.4047141628583972,1.4047141628583972,1.9732218793349678,0,5,1,Q4
R0003675,2026-02-21 00:00:00,M003,north,residential,0,96.95605077072754,88.87636187010422,True,3,-8.079688900623324,8.079688900623324,8.079688900623324,65.28137273085575,0,5,1,Q5
R0003676,2026-02-21 00:00:00,M004,south,commercial,0,34.46194667699687,34.116855481953955,True,3,-0.34509119504291164,0.34509119504291164,0.34509119504291164,0.11908793289614487,0,5,1,Q1
R0003677,2026-02-21 00:00:00,M005,east,industrial,0,101.5983168078622,101.79104307173644,True,3,0.19272626387423486,-0.19272626387423486,0.19272626387423486,0.0371434127869212,0,5,1,Q5
R0003678,2026-02-21 00:00:00,M006,north,residential,0,95.42501333318036,84.64016505494179,True,3,-10.78484827823857,10.78484827823857,10.78484827823857,116.31295238462545,0,5,1,Q4
R0003679,2026-02-21 00:00:00,M007,south,commercial,0,71.46767735608186,74.48241450242489,True,3,3.0147371463430233,-3.0147371463430233,3.0147371463430233,9.088640061540476,0,5,1,Q3
R0003680,2026-02-21 00:00:00,M008,east,industrial,0,57.16306194248408,47.99924496349391,True,3,-9.16381697899017,9.16381697899017,9.16381697899017,83.97554162442852,0,5,1,Q2
R0003681,2026-02-21 00:00:00,M009,north,residential,0,79.4437258593036,74.45713607716458,True,3,-4.986589782139021,4.986589782139021,4.986589782139021,24.866077655333285,0,5,1,Q3
R0003682,2026-02-21 00:00:00,M010,south,commercial,0,49.70877077708248,58.89156437982988,True,3,9.182793602747402,-9.182793602747402,9.182793602747402,84.32369835065862,0,5,1,Q1
R0003683,2026-02-21 00:00:00,M011,east,industrial,0,98.679121379973,95.77404361734024,True,3,-2.9050777626327573,2.9050777626327573,2.9050777626327573,8.439476806943347,0,5,1,Q5
R0003684,2026-02-21 00:00:00,M012,north,residential,0,90.08486345750669,88.30787127805844,True,3,-1.7769921794482428,1.7769921794482428,1.7769921794482428,3.157701205820216,0,5,1,Q4
R0003685,2026-02-21 00:00:00,M013,south,commercial,0,77.2085397602496,78.58125734436062,True,3,1.3727175841110295,-1.3727175841110295,1.3727175841110295,1.8843535657276214,0,5,1,Q3
R0003686,2026-02-21 00:00:00,M014,east,industrial,0,72.77246937561618,69.20789635272966,True,3,-3.5645730228865204,3.5645730228865204,3.5645730228865204,12.706180835490347,0,5,1,Q3
R0003687,2026-02-21 00:00:00,M015,north,residential,0,63.23697368456752,64.73998958467702,True,3,1.5030159001094958,-1.5030159001094958,1.5030159001094958,2.259056795981958,0,5,1,Q2
R0003688,2026-02-21 00:00:00,M016,south,commercial,0,54.1294484966851,51.92374047799355,True,3,-2.2057080186915528,2.2057080186915528,2.2057080186915528,4.865147863720215,0,5,1,Q1
R0003689,2026-02-21 00:00:00,M017,east,industrial,0,47.22684031431934,43.69985823014007,True,3,-3.5269820841792665,3.5269820841792665,3.5269820841792665,12.439602622121523,0,5,1,Q1
R0003690,2026-02-21 06:00:00,M000,north,residential,1,80.59477079913529,87.8759412031306,True,3,7.281170403995304,-7.281170403995304,7.281170403995304,53.01544245201714,6,5,1,Q3
R0003691,2026-02-21 06:00:00,M001,south,commercial,0,43.10944992552541,52.33615383758265,True,3,9.22670391205724,-9.22670391205724,9.22670391205724,85.13206508077236,6,5,1,Q1
R0003692,2026-02-21 06:00:00,M002,east,industrial,0,95.34172833100668,90.00771046479035,True,3,-5.334017866216328,5.334017866216328,5.334017866216328,28.45174659711499,6,5,1,Q4
R0003693,2026-02-21 06:00:00,M003,north,residential,0,88.0193322385183,88.95448022200141,True,3,0.9351479834831053,-0.9351479834831053,0.9351479834831053,0.8745017510125183,6,5,1,Q4
R0003694,2026-02-21 06:00:00,M004,south,commercial,0,25.302282478407843,34.00100493644183,True,3,8.698722458033988,-8.698722458033988,8.698722458033988,75.66777240190486,6,5,1,Q1
R0003695,2026-02-21 06:00:00,M005,east,industrial,0,105.16737609890184,102.01213143746368,True,3,-3.155244661438161,3.155244661438161,3.155244661438161,9.955568873534014,6,5,1,Q5
R0003696,2026-02-21 06:00:00,M006,north,residential,0,93.88869312761943,90.49421197790905,True,3,-3.394481149710387,3.394481149710387,3.394481149710387,11.522502275739152,6,5,1,Q4
R0003697,2026-02-21 06:00:00,M007,south,commercial,0,71.34934710152129,72.00382633587604,True,3,0.6544792343547527,-0.6544792343547527,0.6544792343547527,0.42834306820158335,6,5,1,Q3
R0003698,2026-02-21 06:00:00,M008,east,industrial,0,56.38255045554887,49.34291463002791,True,3,-7.039635825520961,7.039635825520961,7.039635825520961,49.55647255595817,6,5,1,Q2
R0003699,2026-02-21 06:00:00,M009,north,residential,0,77.09356910107064,75.01611237697097,True,3,-2.077456724099676,2.077456724099676,2.077456724099676,4.3158264405069575,6,5,1,Q3
R0003700,2026-02-21 06:00:00,M010,south,commercial,0,45.67156667495581,53.973871629613775,True,3,8.302304954657963,-8.302304954657963,8.302304954657963,68.92826756013815,6,5,1,Q1
R0003701,2026-02-21 06:00:00,M011,east,industrial,0,96.62898701941734,97.50485101874372,True,3,0.8758639993263841,-0.8758639993263841,0.8758639993263841,0.7671377453160082,6,5,1,Q5
R0003702,2026-02-21 06:00:00,M012,north,residential,0,88.51968522197514,88.7845678361339,True,3,0.2648826141587648,-0.2648826141587648,0.2648826141587648,0.07016279928358106,6,5,1,Q4
R0003703,2026-02-21 06:00:00,M013,south,commercial,0,74.6164291720225,83.72689584248184,True,3,9.110466670459331,-9.110466670459331,9.110466670459331,83.00060295355034,6,5,1,Q3
R0003704,2026-02-21 06:00:00,M014,east,industrial,0,73.84056239774523,69.0222282511579,True,3,-4.818334146587333,4.818334146587333,4.818334146587333,23.216343948169477,6,5,1,Q3
R0003705,2026-02-21 06:00:00,M015,north,residential,0,66.09437140439573,64.95207901135122,True,3,-1.1422923930445137,1.1422923930445137,1.1422923930445137,1.3048319112073616,6,5,1,Q2
R0003706,2026-02-21 06:00:00,M016,south,commercial,0,52.36505435621347,52.522129498806045,True,3,0.15707514259257493,-0.15707514259257493,0.15707514259257493,0.02467260042047775,6,5,1,Q1
R0003707,2026-02-21 06:00:00,M017,east,industrial,0,50.78614884357654,46.56691521166335,True,3,-4.219233631913191,4.219233631913191,4.219233631913191,17.80193244066738,6,5,1,Q1
R0003708,2026-02-21 12:00:00,M000,north,residential,0,93.18754254552582,86.50371006242621,True,3,-6.683832483099607,6.683832483099607,6.683832483099607,44.67361666213746,12,5,1,Q4
R0003709,2026-02-21 12:00:00,M001,south,commercial,0,71.73655739004595,66.60765882019234,True,3,-5.128898569853604,5.128898569853604,5.128898569853604,26.305600539846342,12,5,1,Q3
R0003710,2026-02-21 12:00:00,M002,east,industrial,0,94.1190283512984,88.17087844051564,True,3,-5.94814991078276,5.94814991078276,5.94814991078276,35.38048736114496,12,5,1,Q4
R0003711,2026-02-21 12:00:00,M003,north,residential,0,88.49222156584393,86.21489220266523,True,3,-2.2773293631787084,2.2773293631787084,2.2773293631787084,5.186229028395942,12,5,1,Q4
R0003712,2026-02-21 12:00:00,M004,south,commercial,0,52.98878409109483,48.44719995442995,True,3,-4.541584136664881,4.541584136664881,4.541584136664881,20.62598647040609,12,5,1,Q1
R0003713,2026-02-21 12:00:00,M005,east,industrial,0,110.79406085546051,104.95404817456036,True,3,-5.840012680900159,5.840012680900159,5.840012680900159,34.10574811307466,12,5,1,Q5
R0003714,2026-02-21 12:00:00,M006,north,residential,0,88.13017090614625,87.176007008154,True,3,-0.9541638979922453,0.9541638979922453,0.9541638979922453,0.9104287442317559,12,5,1,Q4
R0003715,2026-02-21 12:00:00,M007,south,commercial,0,88.65043076098517,86.37566389752149,True,3,-2.2747668634636824,2.2747668634636824,2.2747668634636824,5.1745642831123995,12,5,1,Q4
R0003716,2026-02-21 12:00:00,M008,east,industrial,0,48.18869042978573,49.15999203980864,True,3,0.9713016100229126,-0.9713016100229126,0.9713016100229126,0.9434268176331022,12,5,1,Q1
R0003717,2026-02-21 12:00:00,M009,north,residential,0,71.43046559046437,66.25640395141669,True,3,-5.174061639047679,5.174061639047679,5.174061639047679,26.77091384466475,12,5,1,Q3
R0003718,2026-02-21 12:00:00,M010,south,commercial,0,69.65726471489592,66.74146397074406,True,3,-2.915800744151852,2.915800744151852,2.915800744151852,8.501893979596494,12,5,1,Q2
R0003719,2026-02-21 12:00:00,M011,east,industrial,0,106.17054555417712,99.47644647517916,True,3,-6.694099078997965,6.694099078997965,6.694099078997965,44.81096247944141,12,5,1,Q5
R0003720,2026-02-21 12:00:00,M012,north,residential,0,90.21281416676185,85.36484395081477,True,3,-4.847970215947072,4.847970215947072,4.847970215947072,23.502815214709898,12,5,1,Q4
R0003721,2026-02-21 12:00:00,M013,south,commercial,0,95.9593824499822,90.45623978011878,True,3,-5.503142669863422,5.503142669863422,5.503142669863422,30.284579244871512,12,5,1,Q5
R0003722,2026-02-21 12:00:00,M014,east,industrial,0,73.84194204662147,69.6413855916088,True,3,-4.2005564550126735,4.2005564550126735,4.2005564550126735,17.644674531748638,12,5,1,Q3
R0003723,2026-02-21 12:00:00,M015,north,residential,0,61.770894424839966,61.23571277617449,True,3,-0.5351816486654783,0.5351816486654783,0.5351816486654783,0.2864193970682995,12,5,1,Q2
R0003724,2026-02-21 12:00:00,M016,south,commercial,0,73.46350914766965,68.99946330687264,True,3,-4.464045840797013,4.464045840797013,4.464045840797013,19.92770526873711,12,5,1,Q3
R0003725,2026-02-21 12:00:00,M017,east,industrial,0,44.39459512783096,44.442276272109794,True,3,0.04768114427883319,-0.04768114427883319,0.04768114427883319,0.0022734915197389067,12,5,1,Q1
R0003726,2026-02-21 18:00:00,M000,north,residential,0,99.25664254013994,94.04337369527846,True,3,-5.213268844861474,5.213268844861474,5.213268844861474,27.17817204880329,18,5,1,Q5
R0003727,2026-02-21 18:00:00,M001,south,commercial,0,64.77540645106508,67.41941528774234,True,3,2.6440088366772585,-2.6440088366772585,2.6440088366772585,6.99078272842743,18,5,1,Q2
R0003728,2026-02-21 18:00:00,M002,east,industrial,0,91.10478609998776,90.2916474636954,True,3,-0.8131386362923649,0.8131386362923649,0.8131386362923649,0.661194441831407,18,5,1,Q4
R0003729,2026-02-21 18:00:00,M003,north,residential,0,91.7197347978324,92.50329902293971,True,3,0.7835642251073125,-0.7835642251073125,0.7835642251073125,0.6139728948680231,18,5,1,Q4
R0003730,2026-02-21 18:00:00,M004,south,commercial,0,50.63621456376377,48.94596218434237,True,3,-1.690252379421402,1.690252379421402,1.690252379421402,2.856953106139711,18,5,1,Q1
R0003731,2026-02-21 18:00:00,M005,east,industrial,0,103.89064743799617,102.21963227363906,True,3,-1.671015164357101,1.671015164357101,1.671015164357101,2.792291679511389,18,5,1,Q5
R0003732,2026-02-21 18:00:00,M006,north,residential,0,98.94495764264072,92.02757484484223,True,3,-6.917382797798481,6.917382797798481,6.917382797798481,47.85018477127834,18,5,1,Q5
R0003733,2026-02-21 18:00:00,M007,south,commercial,0,88.6912579729157,87.8538559980337,True,3,-0.837401974881999,0.837401974881999,0.837401974881999,0.701242067536272,18,5,1,Q4
R0003734,2026-02-21 18:00:00,M008,east,industrial,0,60.02265638700503,49.00935675477788,True,3,-11.013299632227145,11.013299632227145,11.013299632227145,121.29276878921458,18,5,1,Q2
R0003735,2026-02-21 18:00:00,M009,north,residential,0,75.11965785419255,75.33799398874217,True,3,0.21833613454961665,-0.21833613454961665,0.21833613454961665,0.047670667650068305,18,5,1,Q3
R0003736,2026-02-21 18:00:00,M010,south,commercial,0,66.51347027876939,68.73707099211579,True,3,2.2236007133464,-2.2236007133464,2.2236007133464,4.944400132394619,18,5,1,Q2
R0003737,2026-02-21 18:00:00,M011,east,industrial,0,105.1550809199176,96.40594589765632,True,3,-8.749135022261271,8.749135022261271,8.749135022261271,76.54736363775874,18,5,1,Q5
R0003738,2026-02-21 18:00:00,M012,north,residential,0,96.21940282553678,91.27505777441276,True,3,-4.944345051124017,4.944345051124017,4.944345051124017,24.44654798457456,18,5,1,Q5
R0003739,2026-02-21 18:00:00,M013,south,commercial,0,96.17889442759868,92.80254078994322,True,3,-3.3763536376554555,3.3763536376554555,3.3763536376554555,11.399763886509227,18,5,1,Q5
R0003740,2026-02-21 18:00:00,M014,east,industrial,0,71.83834969932694,70.49889869361674,True,3,-1.3394510057102025,1.3394510057102025,1.3394510057102025,1.794128996698073,18,5,1,Q3
R0003741,2026-02-21 18:00:00,M015,north,residential,0,67.0476215737463,66.70756902270057,True,3,-0.34005255104572996,0.34005255104572996,0.34005255104572996,0.11563573747270878,18,5,1,Q2
R0003742,2026-02-21 18:00:00,M016,south,commercial,0,74.14013594456847,68.72826101256331,True,3,-5.411874932005162,5.411874932005162,5.411874932005162,29.288390279665876,18,5,1,Q3
R0003743,2026-02-21 18:00:00,M017,east,industrial,0,47.70529122246589,42.82952164278986,True,3,-4.875769579676032,4.875769579676032,4.875769579676032,23.773128994094186,18,5,1,Q1
R0003744,2026-02-22 00:00:00,M000,north,residential,0,92.89938316189512,91.37452407336367,True,3,-1.5248590885314428,1.5248590885314428,1.5248590885314428,2.3251952398769427,0,6,1,Q4
R0003745,2026-02-22 00:00:00,M001,south,commercial,0,47.13977636530395,50.68995131249592,True,3,3.5501749471919695,-3.5501749471919695,3.5501749471919695,12.603742155669503,0,6,1,Q1
R0003746,2026-02-22 00:00:00,M002,east,industrial,0,87.50351831099441,89.67127925288588,True,3,2.1677609418914727,-2.1677609418914727,2.1677609418914727,4.699187501190205,0,6,1,Q4
R0003747,2026-02-22 00:00:00,M003,north,residential,0,97.7746057601003,89.60852119287705,True,3,-8.166084567223251,8.166084567223251,8.166084567223251,66.68493715904175,0,6,1,Q5
R0003748,2026-02-22 00:00:00,M004,south,commercial,0,31.36338563912529,31.426086560372838,True,3,0.06270092124754711,-0.06270092124754711,0.06270092124754711,0.0039314055252911055,0,6,1,Q1
R0003749,2026-02-22 00:00:00,M005,east,industrial,0,106.1056120083907,103.0580750959062,True,3,-3.047536912484489,3.047536912484489,3.047536912484489,9.287481232955491,0,6,1,Q5
R0003750,2026-02-22 00:00:00,M006,north,residential,0,92.69847667733174,89.56947079544899,True,3,-3.1290058818827475,3.1290058818827475,3.1290058818827475,9.790677808856831,0,6,1,Q4
R0003751,2026-02-22 00:00:00,M007,south,commercial,0,66.10605226472359,61.54871927159398,True,3,-4.557332993129606,4.557332993129606,4.557332993129606,20.76928401026765,0,6,1,Q2
R0003752,2026-02-22 00:00:00,M008,east,industrial,0,58.35437009472492,47.657819892240965,True,3,-10.696550202483955,10.696550202483955,10.696550202483955,114.41618623425954,0,6,1,Q2
R0003753,2026-02-22 00:00:00,M009,north,residential,0,77.04124751701961,79.3743211130191,True,3,2.333073595999494,-2.333073595999494,2.333073595999494,5.4432324043500095,0,6,1,Q3
R0003754,2026-02-22 00:00:00,M010,south,commercial,0,44.21867722471503,58.14920918523,True,3,13.93053196051497,-13.93053196051497,13.93053196051497,194.05972070292904,0,6,1,Q1
R0003755,2026-02-22 00:00:00,M011,east,industrial,0,101.49165828026868,94.65987405103398,True,3,-6.8317842292346995,6.8317842292346995,6.8317842292346995,46.673275754819954,0,6,1,Q5
R0003756,2026-02-22 00:00:00,M012,north,residential,0,95.52909933758896,88.27348579551789,True,3,-7.255613542071075,7.255613542071075,7.255613542071075,52.64392787188517,0,6,1,Q4
R0003757,2026-02-22 00:00:00,M013,south,commercial,0,71.96260162046384,79.18410555552549,True,3,7.221503935061648,-7.221503935061648,7.221503935061648,52.15011908411086,0,6,1,Q3
R0003758,2026-02-22 00:00:00,M014,east,industrial,0,69.7357126396753,71.95791954292069,True,3,2.222206903245393,-2.222206903245393,2.222206903245393,4.93820352083148,0,6,1,Q2
R0003759,2026-02-22 00:00:00,M015,north,residential,0,65.5944368831937,66.12856371971075,True,3,0.5341268365170606,-0.5341268365170606,0.5341268365170606,0.28529147748772277,0,6,1,Q2
R0003760,2026-02-22 00:00:00,M016,south,commercial,0,48.11874614801099,51.34840876609837,True,3,3.2296626180873815,-3.2296626180873815,3.2296626180873815,10.43072062667104,0,6,1,Q1
R0003761,2026-02-22 00:00:00,M017,east,industrial,0,43.42886180939566,43.07097894166521,True,3,-0.35788286773045286,0.35788286773045286,0.35788286773045286,0.1280801470149728,0,6,1,Q1
R0003762,2026-02-22 06:00:00,M000,north,residential,0,100.77958489943671,91.68412134242456,True,3,-9.095463557012152,9.095463557012152,9.095463557012152,82.72745731693615,6,6,1,Q5
R0003763,2026-02-22 06:00:00,M001,south,commercial,0,46.2257556857065,52.29092346840828,True,3,6.065167782701778,-6.065167782701778,6.065167782701778,36.7862602323236,6,6,1,Q1
R0003764,2026-02-22 06:00:00,M002,east,industrial,0,93.08310357434252,90.37714848121978,True,3,-2.705955093122739,2.705955093122739,2.705955093122739,7.3221929659968925,6,6,1,Q4
R0003765,2026-02-22 06:00:00,M003,north,residential,0,91.71945038620906,89.89038142301982,True,3,-1.8290689631892434,1.8290689631892434,1.8290689631892434,3.345493272102174,6,6,1,Q4
R0003766,2026-02-22 06:00:00,M004,south,commercial,0,35.001676972703095,32.412147058483136,True,3,-2.589529914219959,2.589529914219959,2.589529914219959,6.705665176640029,6,6,1,Q1
R0003767,2026-02-22 06:00:00,M005,east,industrial,0,100.94485632713432,104.06405973058531,True,3,3.119203403450996,-3.119203403450996,3.119203403450996,9.729429872100276,6,6,1,Q5
R0003768,2026-02-22 06:00:00,M006,north,residential,0,94.04246748776669,89.41546956662386,True,3,-4.626997921142831,4.626997921142831,4.626997921142831,21.409109762260076,6,6,1,Q4
R0003769,2026-02-22 06:00:00,M007,south,commercial,0,76.91224915142423,58.43427684620762,True,3,-18.477972305216618,18.477972305216618,18.477972305216618,341.43546051235234,6,6,1,Q3
R0003770,2026-02-22 06:00:00,M008,east,industrial,0,57.94777781883245,50.42138383194106,True,3,-7.526393986891392,7.526393986891392,7.526393986891392,56.646606445914905,6,6,1,Q2
R0003771,2026-02-22 06:00:00,M009,north,residential,0,78.3387097527032,78.61916334756039,True,3,0.28045359485719246,-0.28045359485719246,0.28045359485719246,0.07865421886832225,6,6,1,Q3
R0003772,2026-02-22 06:00:00,M010,south,commercial,0,51.16954633448712,53.36150412442025,True,3,2.1919577899331273,-2.1919577899331273,2.1919577899331273,4.80467895284852,6,6,1,Q1
R0003773,2026-02-22 06:00:00,M011,east,industrial,0,104.81751289851016,98.39491611344978,True,3,-6.422596785060378,6.422596785060378,6.422596785060378,41.2497494634679,6,6,1,Q5
R0003774,2026-02-22 06:00:00,M012,north,residential,0,90.26616883520968,86.23985474583661,True,3,-4.026314089373074,4.026314089373074,4.026314089373074,16.211205146284122,6,6,1,Q4
R0003775,2026-02-22 06:00:00,M013,south,commercial,0,74.47549991293585,82.16071242622593,True,3,7.685212513290082,-7.685212513290082,7.685212513290082,59.062491374430465,6,6,1,Q3
R0003776,2026-02-22 06:00:00,M014,east,industrial,0,76.47237299315654,70.60962972376406,True,3,-5.862743269392482,5.862743269392482,5.862743269392482,34.371758642806846,6,6,1,Q3
R0003777,2026-02-22 06:00:00,M015,north,residential,0,62.84530757114669,62.92767650530261,True,3,0.08236893415591595,-0.08236893415591595,0.08236893415591595,0.006784641313981618,6,6,1,Q2
R0003778,2026-02-22 06:00:00,M016,south,commercial,0,52.86127256149903,51.185878790565376,True,3,-1.6753937709336526,1.6753937709336526,1.6753937709336526,2.8069442876832844,6,6,1,Q1
R0003779,2026-02-22 06:00:00,M017,east,industrial,0,47.75862013109448,44.78950440417542,True,3,-2.969115726919064,2.969115726919064,2.969115726919064,8.815648199838122,6,6,1,Q1
R0003780,2026-02-22 12:00:00,M000,north,residential,0,95.13204089122472,90.05182691428601,True,3,-5.080213976938708,5.080213976938708,5.080213976938708,25.808574051483404,12,6,1,Q4
R0003781,2026-02-22 12:00:00,M001,south,commercial,0,68.14244685593326,67.32395202440475,True,3,-0.8184948315285112,0.8184948315285112,0.8184948315285112,0.6699337892388859,12,6,1,Q2
R0003782,2026-02-22 12:00:00,M002,east,industrial,0,98.03605037170249,91.67956300739348,True,3,-6.356487364309004,6.356487364309004,6.356487364309004,40.404931612620025,12,6,1,Q5
R0003783,2026-02-22 12:00:00,M003,north,residential,0,89.07187310709541,87.19202432234827,True,3,-1.8798487847471392,1.8798487847471392,1.8798487847471392,3.533831453515296,12,6,1,Q4
R0003784,2026-02-22 12:00:00,M004,south,commercial,0,56.505261670423074,49.00253758266087,True,3,-7.5027240877622035,7.5027240877622035,7.5027240877622035,56.29086873708719,12,6,1,Q2
R0003785,2026-02-22 12:00:00,M005,east,industrial,0,109.76919282525012,106.72431842147073,True,3,-3.0448744037793887,3.0448744037793887,3.0448744037793887,9.271260134790888,12,6,1,Q5
R0003786,2026-02-22 12:00:00,M006,north,residential,0,88.49817634025106,87.44058515091342,True,3,-1.0575911893376428,1.0575911893376428,1.0575911893376428,1.11849912376461,12,6,1,Q4
R0003787,2026-02-22 12:00:00,M007,south,commercial,0,87.06352409148197,72.49022943059903,True,3,-14.573294660882937,14.573294660882937,14.573294660882937,212.3809172729191,12,6,1,Q4
R0003788,2026-02-22 12:00:00,M008,east,industrial,0,53.05190321137013,49.943996751435606,True,3,-3.107906459934526,3.107906459934526,3.107906459934526,9.659082563702757,12,6,1,Q1
R0003789,2026-02-22 12:00:00,M009,north,residential,0,71.81036865950237,75.4915177131595,True,3,3.6811490536571227,-3.6811490536571227,3.6811490536571227,13.550858355240731,12,6,1,Q3
R0003790,2026-02-22 12:00:00,M010,south,commercial,0,64.29946931785562,67.30485833786973,True,3,3.005389020014107,-3.005389020014107,3.005389020014107,9.032363161621355,12,6,1,Q2
R0003791,2026-02-22 12:00:00,M011,east,industrial,0,103.90681733431008,98.40717579558356,True,3,-5.499641538726522,5.499641538726522,5.499641538726522,30.246057054486222,12,6,1,Q5
R0003792,2026-02-22 12:00:00,M012,north,residential,0,88.42372684404958,85.46003363080159,True,3,-2.9636932132479927,2.9636932132479927,2.9636932132479927,8.783477462252213,12,6,1,Q4
R0003793,2026-02-22 12:00:00,M013,south,commercial,0,102.18184177516537,90.74858386409224,True,3,-11.433257911073127,11.433257911073127,11.433257911073127,130.71938646111624,12,6,1,Q5
R0003794,2026-02-22 12:00:00,M014,east,industrial,0,71.55788904439514,70.77258418889157,True,3,-0.7853048555035684,0.7853048555035684,0.7853048555035684,0.6167037160774805,12,6,1,Q3
R0003795,2026-02-22 12:00:00,M015,north,residential,0,57.22565701643666,61.30626478422581,True,3,4.080607767789154,-4.080607767789154,4.080607767789154,16.65135975454118,12,6,1,Q2
R0003796,2026-02-22 12:00:00,M016,south,commercial,0,75.6688750307341,68.5609259384627,True,3,-7.107949092271397,7.107949092271397,7.107949092271397,50.52294029832178,12,6,1,Q3
R0003797,2026-02-22 12:00:00,M017,east,industrial,0,47.438018111107816,44.23913774948796,True,3,-3.1988803616198567,3.1988803616198567,3.1988803616198567,10.232835567957185,12,6,1,Q1
R0003798,2026-02-22 18:00:00,M000,north,residential,0,97.82038170373812,94.33925094021284,True,3,-3.481130763525286,3.481130763525286,3.481130763525286,12.118271392762141,18,6,1,Q5
R0003799,2026-02-22 18:00:00,M001,south,commercial,0,68.4174885425137,68.14324531563028,True,3,-0.2742432268834136,0.2742432268834136,0.2742432268834136,0.07520934749142748,18,6,1,Q2
R0003800,2026-02-22 18:00:00,M002,east,industrial,0,95.527396713371,90.44355255601502,True,3,-5.083844157355983,5.083844157355983,5.083844157355983,25.845471416282567,18,6,1,Q4
R0003801,2026-02-22 18:00:00,M003,north,residential,0,90.79664961970497,90.70452469034323,True,3,-0.09212492936173078,0.09212492936173078,0.09212492936173078,0.008487002609903887,18,6,1,Q4
R0003802,2026-02-22 18:00:00,M004,south,commercial,0,54.74577965500724,48.30970106206622,True,3,-6.436078592941023,6.436078592941023,6.436078592941023,41.42310765451369,18,6,1,Q1
R0003803,2026-02-22 18:00:00,M005,east,industrial,0,104.15948190087364,102.06339155134847,True,3,-2.09609034952517,2.09609034952517,2.09609034952517,4.3935947533725495,18,6,1,Q5
R0003804,2026-02-22 18:00:00,M006,north,residential,0,101.60943174262664,91.33858986529522,True,3,-10.27084187733142,10.27084187733142,10.27084187733142,105.49019286914482,18,6,1,Q5
R0003805,2026-02-22 18:00:00,M007,south,commercial,0,85.37673928430804,81.507390284308,True,3,-3.8693490000000423,3.8693490000000423,3.8693490000000423,14.971861683801327,18,6,1,Q3
R0003806,2026-02-22 18:00:00,M008,east,industrial,0,51.2345743610332,47.92245385920283,True,3,-3.312120501830364,3.312120501830364,3.312120501830364,10.970142218645023,18,6,1,Q1
R0003807,2026-02-22 18:00:00,M009,north,residential,0,77.79492315714005,81.09278226750061,True,3,3.2978591103605623,-3.2978591103605623,3.2978591103605623,10.87587471178816,18,6,1,Q3
R0003808,2026-02-22 18:00:00,M010,south,commercial,0,59.6659164992649,67.87963779917759,True,3,8.213721299912685,-8.213721299912685,8.213721299912685,67.46521759263932,18,6,1,Q2
R0003809,2026-02-22 18:00:00,M011,east,industrial,0,103.9612383408829,98.254218570665,True,3,-5.707019770217897,5.707019770217897,5.707019770217897,32.57007465765794,18,6,1,Q5
R0003810,2026-02-22 18:00:00,M012,north,residential,0,86.93950513239628,85.21059557786147,True,3,-1.728909554534809,1.728909554534809,1.728909554534809,2.9891282477617516,18,6,1,Q4
R0003811,2026-02-22 18:00:00,M013,south,commercial,0,91.80267681667937,87.38912565649767,True,3,-4.413551160181697,4.413551160181697,4.413551160181697,19.479433843541205,18,6,1,Q4
R0003812,2026-02-22 18:00:00,M014,east,industrial,0,73.45929518669197,69.7726020932799,True,3,-3.6866930934120745,3.6866930934120745,3.6866930934120745,13.591705965012292,18,6,1,Q3
R0003813,2026-02-22 18:00:00,M015,north,residential,0,66.99996095822819,66.171445157943,True,3,-0.8285158002851887,0.8285158002851887,0.8285158002851887,0.6864384313222066,18,6,1,Q2
R0003814,2026-02-22 18:00:00,M016,south,commercial,0,68.88268117108112,69.73344051922531,True,3,0.8507593481441944,-0.8507593481441944,0.8507593481441944,0.7237914684547346,18,6,1,Q2
R0003815,2026-02-22 18:00:00,M017,east,industrial,0,47.41940822579304,43.796750918784895,True,3,-3.622657307008147,3.622657307008147,3.622657307008147,13.12364596401952,18,6,1,Q1
R0003816,2026-02-23 00:00:00,M000,north,residential,0,91.95632225821332,91.06878251264602,True,3,-0.8875397455672953,0.8875397455672953,0.8875397455672953,0.7877267999616593,0,0,0,Q4
R0003817,2026-02-23 00:00:00,M001,south,commercial,0,52.698072354254215,57.20797207426505,True,3,4.509899720010836,-4.509899720010836,4.509899720010836,20.339195484553816,0,0,0,Q1
R0003818,2026-02-23 00:00:00,M002,east,industrial,0,92.70776955165496,89.30700410434311,True,3,-3.400765447311855,3.400765447311855,3.400765447311855,11.5652056276302,0,0,0,Q4
R0003819,2026-02-23 00:00:00,M003,north,residential,0,87.83743033916232,88.57796857601933,True,3,0.7405382368570059,-0.7405382368570059,0.7405382368570059,0.5483968802472831,0,0,0,Q4
R0003820,2026-02-23 00:00:00,M004,south,commercial,0,37.34368226590886,35.48956745688522,True,3,-1.854114809023642,1.854114809023642,1.854114809023642,3.4377417250407762,0,0,0,Q1
R0003821,2026-02-23 00:00:00,M005,east,industrial,0,102.320244292433,100.35011185720822,True,3,-1.9701324352247838,1.9701324352247838,1.9701324352247838,3.881421812324737,0,0,0,Q5
R0003822,2026-02-23 00:00:00,M006,north,residential,0,88.02339721189755,88.78778349108642,True,3,0.7643862791888694,-0.7643862791888694,0.7643862791888694,0.5842863838122041,0,0,0,Q4
R0003823,2026-02-23 00:00:00,M007,south,commercial,0,81.83394018013688,70.86678345261406,True,3,-10.96715672752282,10.96715672752282,10.96715672752282,120.27852668604905,0,0,0,Q3
R0003824,2026-02-23 00:00:00,M008,east,industrial,0,47.96657500150324,48.01614365627693,True,3,0.049568654773693765,-0.049568654773693765,0.049568654773693765,0.002457051536073634,0,0,0,Q1
R0003825,2026-02-23 00:00:00,M009,north,residential,0,76.59549582237159,78.46547480664661,True,3,1.869978984275022,-1.869978984275022,1.869978984275022,3.4968214016302435,0,0,0,Q3
R0003826,2026-02-23 00:00:00,M010,south,commercial,0,56.50926181099142,60.22430665063893,True,3,3.7150448396475113,-3.7150448396475113,3.7150448396475113,13.801558160591602,0,0,0,Q2
R0003827,2026-02-23 00:00:00,M011,east,industrial,0,96.52395445352592,96.12411754071832,True,3,-0.3998369128076007,0.3998369128076007,0.3998369128076007,0.1598695568435129,0,0,0,Q5
R0003828,2026-02-23 00:00:00,M012,north,residential,0,85.93308112461789,88.06660567372819,True,3,2.133524549110305,-2.133524549110305,2.133524549110305,4.551927001656331,0,0,0,Q3
R0003829,2026-02-23 00:00:00,M013,south,commercial,0,79.76838017570431,80.4456232411612,True,3,0.6772430654568922,-0.6772430654568922,0.6772430654568922,0.45865816970944834,0,0,0,Q3
R0003830,2026-02-23 00:00:00,M014,east,industrial,0,69.4514750282754,66.72509147010773,True,3,-2.7263835581676688,2.7263835581676688,2.7263835581676688,7.433167306246998,0,0,0,Q2
R0003831,2026-02-23 00:00:00,M015,north,residential,0,59.24060870631691,64.76450605564271,True,3,5.5238973493258,-5.5238973493258,5.5238973493258,30.5134419258886,0,0,0,Q2
R0003832,2026-02-23 00:00:00,M016,south,commercial,0,55.32571226237782,57.05406513206774,True,3,1.728352869689921,-1.728352869689921,1.728352869689921,2.9872036421653854,0,0,0,Q1
R0003833,2026-02-23 00:00:00,M017,east,industrial,0,46.71572861816617,40.81366444130239,True,3,-5.9020641768637745,5.9020641768637745,5.9020641768637745,34.834361547818666,0,0,0,Q1
R0003834,2026-02-23 06:00:00,M000,north,residential,0,91.49672126048291,90.14125944751082,True,3,-1.355461812972095,1.355461812972095,1.355461812972095,1.8372767264255987,6,0,0,Q4
R0003835,2026-02-23 06:00:00,M001,south,commercial,0,54.14459858786661,69.99883938237421,True,3,15.854240794507604,-15.854240794507604,15.854240794507604,251.35695117022908,6,0,0,Q1
R0003836,2026-02-23 06:00:00,M002,east,industrial,0,89.96205764834522,89.71279261783553,True,3,-0.24926503050969018,0.24926503050969018,0.24926503050969018,0.062133055434996774,6,0,0,Q4
R0003837,2026-02-23 06:00:00,M003,north,residential,0,89.94676382855434,88.45901697884786,True,3,-1.4877468497064825,1.4877468497064825,1.4877468497064825,2.2133906888115633,6,0,0,Q4
R0003838,2026-02-23 06:00:00,M004,south,commercial,0,42.33322195821432,35.756596329429115,True,3,-6.576625628785202,6.576625628785202,6.576625628785202,43.25200466119435,6,0,0,Q1
R0003839,2026-02-23 06:00:00,M005,east,industrial,0,101.48544690273124,101.74018492672016,True,3,0.25473802398892076,-0.25473802398892076,0.25473802398892076,0.06489146086577997,6,0,0,Q5
R0003840,2026-02-23 06:00:00,M006,north,residential,0,91.0594900203466,89.12707613171594,True,3,-1.9324138886306628,1.9324138886306628,1.9324138886306628,3.7342234369726794,6,0,0,Q4
R0003841,2026-02-23 06:00:00,M007,south,commercial,0,76.25132302463223,76.82379598280598,True,3,0.5724729581737478,-0.5724729581737478,0.5724729581737478,0.32772528784020155,6,0,0,Q3
R0003842,2026-02-23 06:00:00,M008,east,industrial,0,48.21563410976469,50.77365207834018,True,3,2.5580179685754842,-2.5580179685754842,2.5580179685754842,6.543455927555047,6,0,0,Q1
R0003843,2026-02-23 06:00:00,M009,north,residential,0,73.24964285682611,76.97718744813356,True,3,3.727544591307449,-3.727544591307449,3.727544591307449,13.894588680185418,6,0,0,Q3
R0003844,2026-02-23 06:00:00,M010,south,commercial,0,52.63297848559894,58.17533977378511,True,3,5.5423612881861715,-5.5423612881861715,5.5423612881861715,30.717768648784677,6,0,0,Q1
R0003845,2026-02-23 06:00:00,M011,east,industrial,0,103.84093833704856,96.43935621392848,True,3,-7.401582123120079,7.401582123120079,7.401582123120079,54.783417925290735,6,0,0,Q5
R0003846,2026-02-23 06:00:00,M012,north,residential,0,91.00189391799609,86.304741901428,True,3,-4.697152016568083,4.697152016568083,4.697152016568083,22.063237066749608,6,0,0,Q4
R0003847,2026-02-23 06:00:00,M013,south,commercial,0,79.87899170467657,82.73066037114663,True,3,2.8516686664700615,-2.8516686664700615,2.8516686664700615,8.132014183327138,6,0,0,Q3
R0003848,2026-02-23 06:00:00,M014,east,industrial,0,71.87721730233622,67.30310158147523,True,3,-4.574115720860988,4.574115720860988,4.574115720860988,20.922534627827634,6,0,0,Q3
R0003849,2026-02-23 06:00:00,M015,north,residential,0,58.144087070902415,64.85044557700249,True,3,6.706358506100074,-6.706358506100074,6.706358506100074,44.975244412340814,6,0,0,Q2
R0003850,2026-02-23 06:00:00,M016,south,commercial,0,62.039374510745645,56.72285791610461,True,3,-5.316516594641037,5.316516594641037,5.316516594641037,28.265348701093526,6,0,0,Q2
R0003851,2026-02-23 06:00:00,M017,east,industrial,0,49.70522147969961,42.9535854108949,True,3,-6.751636068804707,6.751636068804707,6.751636068804707,45.58458960558468,6,0,0,Q1
R0003852,2026-02-23 12:00:00,M000,north,residential,0,95.60584096345998,89.02258321237072,True,3,-6.583257751089263,6.583257751089263,6.583257751089263,43.339282617276865,12,0,0,Q4
R0003853,2026-02-23 12:00:00,M001,south,commercial,0,77.0701187780823,79.40796243857548,True,3,2.337843660493178,-2.337843660493178,2.337843660493178,5.465512980908141,12,0,0,Q3
R0003854,2026-02-23 12:00:00,M002,east,industrial,0,94.81219230283708,88.55316414999935,True,3,-6.259028152837729,6.259028152837729,6.259028152837729,39.175433418015274,12,0,0,Q4
R0003855,2026-02-23 12:00:00,M003,north,residential,0,88.69561973398393,86.64694062416916,True,3,-2.0486791098147705,2.0486791098147705,2.0486791098147705,4.197086094991441,12,0,0,Q4
R0003856,2026-02-23 12:00:00,M004,south,commercial,0,61.2922513232278,57.15790007465785,True,3,-4.134351248569949,4.134351248569949,4.134351248569949,17.092860246551897,12,0,0,Q2
R0003857,2026-02-23 12:00:00,M005,east,industrial,0,108.4537240600952,106.28011092181748,True,3,-2.173613138277716,2.173613138277716,2.173613138277716,4.724594074893501,12,0,0,Q5
R0003858,2026-02-23 12:00:00,M006,north,residential,0,87.75382246967426,87.50209076088366,True,3,-0.2517317087906008,0.2517317087906008,0.2517317087906008,0.06336885321063584,12,0,0,Q4
R0003859,2026-02-23 12:00:00,M007,south,commercial,0,99.86658944221432,91.98559857703012,True,3,-7.880990865184202,7.880990865184202,7.880990865184202,62.11001701711684,12,0,0,Q5
R0003860,2026-02-23 12:00:00,M008,east,industrial,0,47.84443032591112,61.46034195153883,True,3,13.61591162562771,-13.61591162562771,13.61591162562771,185.39304939690382,12,0,0,Q1
R0003861,2026-02-23 12:00:00,M009,north,residential,0,65.34134125359611,74.9166530162132,True,3,9.57531176261709,-9.57531176261709,9.57531176261709,91.68659535131322,12,0,0,Q2
R0003862,2026-02-23 12:00:00,M010,south,commercial,0,73.97291455309526,70.54429588443506,True,3,-3.4286186686602065,3.4286186686602065,3.4286186686602065,11.755425975085286,12,0,0,Q3
R0003863,2026-02-23 12:00:00,M011,east,industrial,0,102.85537487425238,99.55411753364956,True,3,-3.3012573406028167,3.3012573406028167,3.3012573406028167,10.898300028883982,12,0,0,Q5
R0003864,2026-02-23 12:00:00,M012,north,residential,0,83.51816198444756,85.47125187996558,True,3,1.9530898955180191,-1.9530898955180191,1.9530898955180191,3.8145601399745868,12,0,0,Q3
R0003865,2026-02-23 12:00:00,M013,south,commercial,0,105.35440675670738,92.85641602730736,True,3,-12.497990729400016,12.497990729400016,12.497990729400016,156.19977227216873,12,0,0,Q5
R0003866,2026-02-23 12:00:00,M014,east,industrial,0,74.61515323469035,68.15174235218925,True,3,-6.463410882501108,6.463410882501108,6.463410882501108,41.77568023603376,12,0,0,Q3
R0003867,2026-02-23 12:00:00,M015,north,residential,0,61.04615929839481,61.52133276561857,True,3,0.47517346722375464,-0.47517346722375464,0.47517346722375464,0.22578982395344463,12,0,0,Q2
R0003868,2026-02-23 12:00:00,M016,south,commercial,0,79.49148426581806,73.4481692460487,True,3,-6.043315019769352,6.043315019769352,6.043315019769352,36.52165642816985,12,0,0,Q3
R0003869,2026-02-23 12:00:00,M017,east,industrial,0,45.24588336714157,41.18988935562912,True,3,-4.055994011512453,4.055994011512453,4.055994011512453,16.451087421424884,12,0,0,Q1
R0003870,2026-02-23 18:00:00,M000,north,residential,0,102.74423783620789,94.3414905356211,True,3,-8.402747300586782,8.402747300586782,8.402747300586782,70.60616219751844,18,0,0,Q5
R0003871,2026-02-23 18:00:00,M001,south,commercial,0,75.03978317123205,80.57359230299205,True,3,5.533809131760009,-5.533809131760009,5.533809131760009,30.623043506750463,18,0,0,Q3
R0003872,2026-02-23 18:00:00,M002,east,industrial,0,94.9683084330639,90.0819096245439,True,3,-4.886398808519999,4.886398808519999,4.886398808519999,23.87689331590567,18,0,0,Q4
R0003873,2026-02-23 18:00:00,M003,north,residential,0,97.8679673810128,90.32675813806873,True,3,-7.541209242944078,7.541209242944078,7.541209242944078,56.86983684586519,18,0,0,Q5
R0003874,2026-02-23 18:00:00,M004,south,commercial,0,60.321804251332,56.68756550195157,True,3,-3.6342387493804296,3.6342387493804296,3.6342387493804296,13.207691287498228,18,0,0,Q2
R0003875,2026-02-23 18:00:00,M005,east,industrial,0,99.5451532038943,98.90429894241774,True,3,-0.6408542614765622,0.6408542614765622,0.6408542614765622,0.41069418445267,18,0,0,Q5
R0003876,2026-02-23 18:00:00,M006,north,residential,0,90.58824785631047,90.84803540010016,True,3,0.2597875437896846,-0.2597875437896846,0.2597875437896846,0.0674895679082773,18,0,0,Q4
R0003877,2026-02-23 18:00:00,M007,south,commercial,0,95.67702419856155,92.650683633903,True,3,-3.026340564658554,3.026340564658554,3.026340564658554,9.158737213297854,18,0,0,Q4
R0003878,2026-02-23 18:00:00,M008,east,industrial,0,51.35962493117984,49.32367412286602,True,3,-2.035950808313821,2.035950808313821,2.035950808313821,4.145095693873701,18,0,0,Q1
R0003879,2026-02-23 18:00:00,M009,north,residential,0,77.36188228992505,74.03907122561739,True,3,-3.3228110643076576,3.3228110643076576,3.3228110643076576,11.041073369085389,18,0,0,Q3
R0003880,2026-02-23 18:00:00,M010,south,commercial,0,79.3055658072082,69.97857160914411,True,3,-9.326994198064085,9.326994198064085,9.326994198064085,86.99282077072111,18,0,0,Q3
R0003881,2026-02-23 18:00:00,M011,east,industrial,0,99.79197073265128,96.70253990276235,True,3,-3.0894308298889257,3.0894308298889257,3.0894308298889257,9.544582852668176,18,0,0,Q5
R0003882,2026-02-23 18:00:00,M012,north,residential,0,92.4048719173567,88.69307281122006,True,3,-3.711799106136638,3.711799106136638,3.711799106136638,13.777452604316746,18,0,0,Q4
R0003883,2026-02-23 18:00:00,M013,south,commercial,0,98.93739066881184,95.35114146448063,True,3,-3.58624920433121,3.58624920433121,3.58624920433121,12.861183355566238,18,0,0,Q5
R0003884,2026-02-23 18:00:00,M014,east,industrial,0,71.216003730038,69.5805998035017,True,3,-1.6354039265362985,1.6354039265362985,1.6354039265362985,2.674546002930343,18,0,0,Q2
R0003885,2026-02-23 18:00:00,M015,north,residential,0,66.12189454866133,66.40045935805738,True,3,0.27856480939604467,-0.27856480939604467,0.27856480939604467,0.07759835303385469,18,0,0,Q2
R0003886,2026-02-23 18:00:00,M016,south,commercial,0,74.35310473103404,74.2232479596735,True,3,-0.12985677136053653,0.12985677136053653,0.12985677136053653,0.01686278106818266,18,0,0,Q3
R0003887,2026-02-23 18:00:00,M017,east,industrial,0,42.53126033641218,41.51476323199743,True,3,-1.0164971044147535,1.0164971044147535,1.0164971044147535,1.0332663632835783,18,0,0,Q1
R0003888,2026-02-24 00:00:00,M000,north,residential,0,90.55177440759392,91.32501276553025,True,3,0.7732383579363216,-0.7732383579363216,0.7732383579363216,0.597897558184059,0,1,0,Q4
R0003889,2026-02-24 00:00:00,M001,south,commercial,0,52.40642313697423,59.91127880679184,True,3,7.5048556698176085,-7.5048556698176085,7.5048556698176085,56.322858624793504,0,1,0,Q1
R0003890,2026-02-24 00:00:00,M002,east,industrial,0,90.03031018975969,89.65115458116507,True,3,-0.3791556085946155,0.3791556085946155,0.3791556085946155,0.14375897552875327,0,1,0,Q4
R0003891,2026-02-24 00:00:00,M003,north,residential,0,87.80246419337048,89.71316930250113,True,3,1.910705109130646,-1.910705109130646,1.910705109130646,3.650794014057954,0,1,0,Q4
R0003892,2026-02-24 00:00:00,M004,south,commercial,0,37.38022242243146,36.541926211510855,True,3,-0.8382962109206034,0.8382962109206034,0.8382962109206034,0.7027405372438407,0,1,0,Q1
R0003893,2026-02-24 00:00:00,M005,east,industrial,0,99.74386094241903,98.8412355624219,True,3,-0.9026253799971329,0.9026253799971329,0.9026253799971329,0.8147325766149686,0,1,0,Q5
R0003894,2026-02-24 00:00:00,M006,north,residential,0,88.24899179352629,89.66971026054063,True,3,1.4207184670143391,-1.4207184670143391,1.4207184670143391,2.018440962515574,0,1,0,Q4
R0003895,2026-02-24 00:00:00,M007,south,commercial,0,74.06819888168755,78.65147962648821,True,3,4.5832807448006605,-4.5832807448006605,4.5832807448006605,21.006462385660498,0,1,0,Q3
R0003896,2026-02-24 00:00:00,M008,east,industrial,0,46.59431681929895,59.36573606213296,True,3,12.771419242834007,-12.771419242834007,12.771419242834007,163.10914947623075,0,1,0,Q1
R0003897,2026-02-24 00:00:00,M009,north,residential,0,72.52125572476778,71.88640349528892,True,3,-0.6348522294788665,0.6348522294788665,0.6348522294788665,0.4030373532742874,0,1,0,Q3
R0003898,2026-02-24 00:00:00,M010,south,commercial,0,55.51800168620478,55.56489166399399,True,3,0.04688997778921333,-0.04688997778921333,0.04688997778921333,0.0021986700170729197,0,1,0,Q1
R0003899,2026-02-24 00:00:00,M011,east,industrial,0,96.55476706306771,96.40818462227008,True,3,-0.14658244079762994,0.14658244079762994,0.14658244079762994,0.021486411950190687,0,1,0,Q5
R0003900,2026-02-24 00:00:00,M012,north,residential,0,90.68204931641704,88.68261136043019,True,3,-1.9994379559868491,1.9994379559868491,1.9994379559868491,3.9977521398408693,0,1,0,Q4
R0003901,2026-02-24 00:00:00,M013,south,commercial,0,86.19125898832301,81.4965236105392,True,3,-4.694735377783815,4.694735377783815,4.694735377783815,22.040540267414936,0,1,0,Q3
R0003902,2026-02-24 00:00:00,M014,east,industrial,0,69.21735989279087,66.83098683434918,True,3,-2.3863730584416913,2.3863730584416913,2.3863730584416913,5.694776374056352,0,1,0,Q2
R0003903,2026-02-24 00:00:00,M015,north,residential,0,64.03272944230262,64.53189148729436,True,3,0.4991620449917349,-0.4991620449917349,0.4991620449917349,0.24916274716033077,0,1,0,Q2
R0003904,2026-02-24 00:00:00,M016,south,commercial,0,60.31100770345852,63.87996344482115,True,3,3.568955741362629,-3.568955741362629,3.568955741362629,12.737445083805273,0,1,0,Q2
R0003905,2026-02-24 00:00:00,M017,east,industrial,0,43.97586839439396,41.61403407396696,True,3,-2.3618343204270005,2.3618343204270005,2.3618343204270005,5.5782613571468715,0,1,0,Q1
R0003906,2026-02-24 06:00:00,M000,north,residential,0,95.86658456432032,91.5525698931152,True,3,-4.314014671205115,4.314014671205115,4.314014671205115,18.610722583372976,6,1,0,Q4
R0003907,2026-02-24 06:00:00,M001,south,commercial,0,55.33991710884198,56.1589585598426,True,3,0.8190414510006221,-0.8190414510006221,0.8190414510006221,0.6708288984572044,6,1,0,Q1
R0003908,2026-02-24 06:00:00,M002,east,industrial,0,89.766588688765,90.06485609342634,True,3,0.2982674046613454,-0.2982674046613454,0.2982674046613454,0.08896344468341476,6,1,0,Q4
R0003909,2026-02-24 06:00:00,M003,north,residential,0,93.27865811908924,89.10496461507098,True,3,-4.17369350401826,4.17369350401826,4.17369350401826,17.419717465484222,6,1,0,Q4
R0003910,2026-02-24 06:00:00,M004,south,commercial,0,38.32623902592471,34.80717971582971,True,3,-3.5190593100949954,3.5190593100949954,3.5190593100949954,12.383778427966265,6,1,0,Q1
R0003911,2026-02-24 06:00:00,M005,east,industrial,0,106.48005044960912,102.53401900816374,True,3,-3.9460314414453848,3.9460314414453848,3.9460314414453848,15.571164136875542,6,1,0,Q5
R0003912,2026-02-24 06:00:00,M006,north,residential,0,93.20579834934654,88.22141426301113,True,3,-4.98438408633541,4.98438408633541,4.98438408633541,24.84408472011368,6,1,0,Q4
R0003913,2026-02-24 06:00:00,M007,south,commercial,0,75.28898417292469,76.53951049647775,True,3,1.2505263235530606,-1.2505263235530606,1.2505263235530606,1.563816085899134,6,1,0,Q3
R0003914,2026-02-24 06:00:00,M008,east,industrial,0,53.64977363699096,48.76654176293742,True,3,-4.883231874053536,4.883231874053536,4.883231874053536,23.845953535772406,6,1,0,Q1
R0003915,2026-02-24 06:00:00,M009,north,residential,0,67.1328250313775,72.97313823693588,True,3,5.840313205558388,-5.840313205558388,5.840313205558388,34.109258339019696,6,1,0,Q2
R0003916,2026-02-24 06:00:00,M010,south,commercial,0,59.30681247257104,57.19594071397724,True,3,-2.1108717585938024,2.1108717585938024,2.1108717585938024,4.455779581228892,6,1,0,Q2
R0003917,2026-02-24 06:00:00,M011,east,industrial,0,95.66742326772746,97.07972842019012,True,3,1.4123051524626646,-1.4123051524626646,1.4123051524626646,1.9946058436725904,6,1,0,Q4
R0003918,2026-02-24 06:00:00,M012,north,residential,0,90.3139441757892,85.08431493711383,True,3,-5.229629238675372,5.229629238675372,5.229629238675372,27.34902197400835,6,1,0,Q4
R0003919,2026-02-24 06:00:00,M013,south,commercial,0,83.7916016951778,83.65714303199822,True,3,-0.13445866317958632,0.13445866317958632,0.13445866317958632,0.018079132104041443,6,1,0,Q3
R0003920,2026-02-24 06:00:00,M014,east,industrial,0,72.5907596504184,68.41365456483364,True,3,-4.1771050855847704,4.1771050855847704,4.1771050855847704,17.448206896018153,6,1,0,Q3
R0003921,2026-02-24 06:00:00,M015,north,residential,0,62.26890543795143,61.4892421649316,True,3,-0.7796632730198283,0.7796632730198283,0.7796632730198283,0.6078748192959913,6,1,0,Q2
R0003922,2026-02-24 06:00:00,M016,south,commercial,0,53.24572810509016,58.363048676896696,True,3,5.1173205718065375,-5.1173205718065375,5.1173205718065375,26.18696983463439,6,1,0,Q1
R0003923,2026-02-24 06:00:00,M017,east,industrial,0,44.02279492390462,43.69125998561866,True,3,-0.33153493828596226,0.33153493828596226,0.33153493828596226,0.1099154153042768,6,1,0,Q1
R0003924,2026-02-24 12:00:00,M000,north,residential,1,79.74968225316344,86.83883487888438,True,3,7.089152625720942,-7.089152625720942,7.089152625720942,50.25608495076613,12,1,0,Q3
R0003925,2026-02-24 12:00:00,M001,south,commercial,0,70.51403489638007,69.88820651477171,True,3,-0.6258283816083576,0.6258283816083576,0.6258283816083576,0.3916611632265361,12,1,0,Q2
R0003926,2026-02-24 12:00:00,M002,east,industrial,0,95.50810135427425,88.10222263422762,True,3,-7.40587872004663,7.40587872004663,7.40587872004663,54.84703961603951,12,1,0,Q4
R0003927,2026-02-24 12:00:00,M003,north,residential,0,83.11050952187517,83.47231084284378,True,3,0.36180132096860973,-0.36180132096860973,0.36180132096860973,0.13090019585463095,12,1,0,Q3
R0003928,2026-02-24 12:00:00,M004,south,commercial,0,63.035149525309365,58.45380575953649,True,3,-4.581343765772871,4.581343765772871,4.581343765772871,20.988710700185955,12,1,0,Q2
R0003929,2026-02-24 12:00:00,M005,east,industrial,0,104.64154027795549,101.01524581593507,True,3,-3.626294462020411,3.626294462020411,3.626294462020411,13.150011525279902,12,1,0,Q5
R0003930,2026-02-24 12:00:00,M006,north,residential,0,93.39369856445674,87.07263751319734,True,3,-6.321061051259406,6.321061051259406,6.321061051259406,39.955812813748665,12,1,0,Q4
R0003931,2026-02-24 12:00:00,M007,south,commercial,0,95.84497673966013,88.62537685170469,True,3,-7.2195998879554395,7.2195998879554395,7.2195998879554395,52.1226225421662,12,1,0,Q4
R0003932,2026-02-24 12:00:00,M008,east,industrial,0,52.55986605385924,47.773491906299945,True,3,-4.786374147559293,4.786374147559293,4.786374147559293,22.90937748042395,12,1,0,Q1
R0003933,2026-02-24 12:00:00,M009,north,residential,0,67.81596819231247,70.19276547261308,True,3,2.3767972803006074,-2.3767972803006074,2.3767972803006074,5.6491653116443645,12,1,0,Q2
R0003934,2026-02-24 12:00:00,M010,south,commercial,0,69.62748618272946,70.4730788580485,True,3,0.8455926753190397,-0.8455926753190397,0.8455926753190397,0.7150269725532109,12,1,0,Q2
R0003935,2026-02-24 12:00:00,M011,east,industrial,0,100.32283005322256,99.90836656329688,True,3,-0.41446348992568005,0.41446348992568005,0.41446348992568005,0.1717799844813743,12,1,0,Q5
R0003936,2026-02-24 12:00:00,M012,north,residential,0,87.98360303518149,85.61074171986233,True,3,-2.372861315319156,2.372861315319156,2.372861315319156,5.630470821738155,12,1,0,Q4
R0003937,2026-02-24 12:00:00,M013,south,commercial,0,103.70214642793908,93.18386049583974,True,3,-10.518285932099346,10.518285932099346,10.518285932099346,110.63433894939901,12,1,0,Q5
R0003938,2026-02-24 12:00:00,M014,east,industrial,0,69.77939636139307,68.85259679125387,True,3,-0.9267995701391953,0.9267995701391953,0.9267995701391953,0.8589574432101973,12,1,0,Q2
R0003939,2026-02-24 12:00:00,M015,north,residential,0,53.5777621788124,55.56761319782445,True,3,1.9898510190120504,-1.9898510190120504,1.9898510190120504,3.9595070778632953,12,1,0,Q1
R0003940,2026-02-24 12:00:00,M016,south,commercial,0,81.88459244853837,71.6474110841031,True,3,-10.237181364435273,10.237181364435273,10.237181364435273,104.79988228834083,12,1,0,Q3
R0003941,2026-02-24 12:00:00,M017,east,industrial,0,46.1899186994423,41.44619908495233,True,3,-4.743719614489969,4.743719614489969,4.743719614489969,22.502875780896858,12,1,0,Q1
R0003942,2026-02-24 18:00:00,M000,north,residential,0,101.700913586918,89.42807040282239,True,3,-12.27284318409562,12.27284318409562,12.27284318409562,150.62267982140233,18,1,0,Q5
R0003943,2026-02-24 18:00:00,M001,south,commercial,0,73.42505585936401,70.77571109940479,True,3,-2.64934475995922,2.64934475995922,2.64934475995922,7.019027657123377,18,1,0,Q3
R0003944,2026-02-24 18:00:00,M002,east,industrial,0,86.36968313621045,91.41061027180432,True,3,5.040927135593861,-5.040927135593861,5.040927135593861,25.410946386366533,18,1,0,Q3
R0003945,2026-02-24 18:00:00,M003,north,residential,0,94.194175837084,91.79457827147873,True,3,-2.3995975656052764,2.3995975656052764,2.3995975656052764,5.758068476858768,18,1,0,Q4
R0003946,2026-02-24 18:00:00,M004,south,commercial,0,60.47882216298402,57.35326463795221,True,3,-3.125557525031809,3.125557525031809,3.125557525031809,9.769109842282967,18,1,0,Q2
R0003947,2026-02-24 18:00:00,M005,east,industrial,0,108.55941404777508,99.2505831077324,True,3,-9.308830940042682,9.308830940042682,9.308830940042682,86.65433347029592,18,1,0,Q5
R0003948,2026-02-24 18:00:00,M006,north,residential,0,95.89286292791036,90.76431539144932,True,3,-5.128547536461042,5.128547536461042,5.128547536461042,26.301999833740624,18,1,0,Q4
R0003949,2026-02-24 18:00:00,M007,south,commercial,0,97.28952150564024,91.36943158171997,True,3,-5.920089923920273,5.920089923920273,5.920089923920273,35.04746470730234,18,1,0,Q5
R0003950,2026-02-24 18:00:00,M008,east,industrial,0,51.60738374321462,48.19753163820055,True,3,-3.4098521050140675,3.4098521050140675,3.4098521050140675,11.627091378068867,18,1,0,Q1
R0003951,2026-02-24 18:00:00,M009,north,residential,0,74.0925285135924,71.9226943548225,True,3,-2.169834158769902,2.169834158769902,2.169834158769902,4.708180276564688,18,1,0,Q3
R0003952,2026-02-24 18:00:00,M010,south,commercial,0,71.15015359856957,70.37827857722988,True,3,-0.7718750213396959,0.7718750213396959,0.7718750213396959,0.595791048568156,18,1,0,Q2
R0003953,2026-02-24 18:00:00,M011,east,industrial,0,98.8384773420524,97.274734546104,True,3,-1.5637427959484,1.5637427959484,1.5637427959484,2.4452915318805193,18,1,0,Q5
R0003954,2026-02-24 18:00:00,M012,north,residential,0,88.87795700431388,90.3578246287334,True,3,1.4798676244195121,-1.4798676244195121,1.4798676244195121,2.19000818580505,18,1,0,Q4
R0003955,2026-02-24 18:00:00,M013,south,commercial,0,102.70932698985833,96.20110698315908,True,3,-6.508220006699247,6.508220006699247,6.508220006699247,42.356927655600344,18,1,0,Q5
R0003956,2026-02-24 18:00:00,M014,east,industrial,0,73.72399031121961,67.17327548544235,True,3,-6.550714825777263,6.550714825777263,6.550714825777263,42.91186472865803,18,1,0,Q3
R0003957,2026-02-24 18:00:00,M015,north,residential,0,68.43559291255738,64.4433398175721,True,3,-3.992253094985287,3.992253094985287,3.992253094985287,15.938084774419604,18,1,0,Q2
R0003958,2026-02-24 18:00:00,M016,south,commercial,0,80.10791690459745,73.09544705223,True,3,-7.012469852367445,7.012469852367445,7.012469852367445,49.1747334303623,18,1,0,Q3
R0003959,2026-02-24 18:00:00,M017,east,industrial,0,47.97919930079964,42.83723344343056,True,3,-5.14196585736908,5.14196585736908,5.14196585736908,26.439812878349333,18,1,0,Q1
R0003960,2026-02-25 00:00:00,M000,north,residential,0,90.91598846654024,90.540060381722,True,3,-0.37592808481824136,0.37592808481824136,0.37592808481824136,0.14132192495511087,0,2,0,Q4
R0003961,2026-02-25 00:00:00,M001,south,commercial,0,60.04174614538709,57.07342023122633,True,3,-2.968325914160758,2.968325914160758,2.968325914160758,8.8109587326783,0,2,0,Q2
R0003962,2026-02-25 00:00:00,M002,east,industrial,0,89.28143804795191,89.54073522265689,True,3,0.25929717470498304,-0.25929717470498304,0.25929717470498304,0.0672350248099865,0,2,0,Q4
R0003963,2026-02-25 00:00:00,M003,north,residential,0,96.80649652167922,88.40926823537185,True,3,-8.397228286307367,8.397228286307367,8.397228286307367,70.51344289236056,0,2,0,Q5
R0003964,2026-02-25 00:00:00,M004,south,commercial,0,42.55144117298114,39.52242029807472,True,3,-3.029020874906422,3.029020874906422,3.029020874906422,9.174967460618866,0,2,0,Q1
R0003965,2026-02-25 00:00:00,M005,east,industrial,0,95.22252547933718,99.951255908433,True,3,4.728730429095819,-4.728730429095819,4.728730429095819,22.36089147105673,0,2,0,Q4
R0003966,2026-02-25 00:00:00,M006,north,residential,0,94.91003953707968,89.10285787043065,True,3,-5.807181666649029,5.807181666649029,5.807181666649029,33.723358909464594,0,2,0,Q4
R0003967,2026-02-25 00:00:00,M007,south,commercial,0,76.44922643784261,77.46108432477435,True,3,1.011857886931736,-1.011857886931736,1.011857886931736,1.023856383345958,0,2,0,Q3
R0003968,2026-02-25 00:00:00,M008,east,industrial,0,46.74656315600023,46.73065772293606,True,3,-0.015905433064169472,0.015905433064169472,0.015905433064169472,0.0002529828009587755,0,2,0,Q1
R0003969,2026-02-25 00:00:00,M009,north,residential,0,76.08149036557266,72.0021836297745,True,3,-4.079306735798156,4.079306735798156,4.079306735798156,16.640743444728205,0,2,0,Q3
R0003970,2026-02-25 00:00:00,M010,south,commercial,0,51.30715283403864,54.833453082246905,True,3,3.5263002482082655,-3.5263002482082655,3.5263002482082655,12.434793440513674,0,2,0,Q1
R0003971,2026-02-25 00:00:00,M011,east,industrial,0,97.81205937944046,94.87523337496864,True,3,-2.9368260044718113,2.9368260044718113,2.9368260044718113,8.624946980541864,0,2,0,Q5
R0003972,2026-02-25 00:00:00,M012,north,residential,0,84.86234068191041,88.60322461887627,True,3,3.740883936965858,-3.740883936965858,3.740883936965858,13.994212629849176,0,2,0,Q3
R0003973,2026-02-25 00:00:00,M013,south,commercial,0,80.3666847601742,81.32304337731449,True,3,0.956358617140296,-0.956358617140296,0.956358617140296,0.9146218045784993,0,2,0,Q3
R0003974,2026-02-25 00:00:00,M014,east,industrial,0,70.85575780910392,69.22170795498208,True,3,-1.634049854121841,1.634049854121841,1.634049854121841,2.6701189257556095,0,2,0,Q2
R0003975,2026-02-25 00:00:00,M015,north,residential,0,63.51121832074633,64.21868720829556,True,3,0.7074688875492328,-0.7074688875492328,0.7074688875492328,0.500512226850149,0,2,0,Q2
R0003976,2026-02-25 00:00:00,M016,south,commercial,0,57.59603842861895,55.75658926741336,True,3,-1.8394491612055859,1.8394491612055859,1.8394491612055859,3.3835732166599333,0,2,0,Q2
R0003977,2026-02-25 00:00:00,M017,east,industrial,0,43.96211492283163,42.51582979689602,True,3,-1.44628512593561,1.44628512593561,1.44628512593561,2.0917406655025834,0,2,0,Q1
R0003978,2026-02-25 06:00:00,M000,north,residential,0,91.21007470022124,90.49730000262848,True,3,-0.7127746975927636,0.7127746975927636,0.7127746975927636,0.5080477695284555,6,2,0,Q4
R0003979,2026-02-25 06:00:00,M001,south,commercial,0,52.58421106614702,57.79782651444482,True,3,5.213615448297801,-5.213615448297801,5.213615448297801,27.181786042729485,6,2,0,Q1
R0003980,2026-02-25 06:00:00,M002,east,industrial,0,90.32659809776388,89.62301067793949,True,3,-0.7035874198243874,0.7035874198243874,0.7035874198243874,0.4950352573351388,6,2,0,Q4
R0003981,2026-02-25 06:00:00,M003,north,residential,0,93.70788373953184,89.07877278455402,True,3,-4.629110954977818,4.629110954977818,4.629110954977818,21.42866823349565,6,2,0,Q4
R0003982,2026-02-25 06:00:00,M004,south,commercial,0,42.96909736769544,45.95247257393024,True,3,2.983375206234797,-2.983375206234797,2.983375206234797,8.900527621176517,6,2,0,Q1
R0003983,2026-02-25 06:00:00,M005,east,industrial,0,105.13226802905652,103.05458135250043,True,3,-2.077686676556084,2.077686676556084,2.077686676556084,4.316781925938665,6,2,0,Q5
R0003984,2026-02-25 06:00:00,M006,north,residential,0,91.13676796785376,88.61936894344193,True,3,-2.51739902441183,2.51739902441183,2.51739902441183,6.337297848109634,6,2,0,Q4
R0003985,2026-02-25 06:00:00,M007,south,commercial,0,75.40837162654613,78.20810103878175,True,3,2.799729412235621,-2.799729412235621,2.799729412235621,7.838484781737215,6,2,0,Q3
R0003986,2026-02-25 06:00:00,M008,east,industrial,0,55.06325670571476,50.25192726368224,True,3,-4.811329442032516,4.811329442032516,4.811329442032516,23.148890999768923,6,2,0,Q1
R0003987,2026-02-25 06:00:00,M009,north,residential,0,72.7669447634483,69.13344503034092,True,3,-3.633499733107371,3.633499733107371,3.633499733107371,13.202320310491336,6,2,0,Q3
R0003988,2026-02-25 06:00:00,M010,south,commercial,0,55.79621310707957,62.04872161418054,True,3,6.25250850710097,-6.25250850710097,6.25250850710097,39.09386263137,6,2,0,Q1
R0003989,2026-02-25 06:00:00,M011,east,industrial,0,97.66744558647385,96.96659503471014,True,3,-0.7008505517637076,0.7008505517637076,0.7008505517637076,0.4911914959074934,6,2,0,Q5
R0003990,2026-02-25 06:00:00,M012,north,residential,0,89.46965959571513,88.73445257301195,True,3,-0.7352070227031788,0.7352070227031788,0.7352070227031788,0.5405293662320725,6,2,0,Q4
R0003991,2026-02-25 06:00:00,M013,south,commercial,0,78.79135893691915,82.83056095954906,True,3,4.039202022629908,-4.039202022629908,4.039202022629908,16.31515297961754,6,2,0,Q3
R0003992,2026-02-25 06:00:00,M014,east,industrial,0,72.87195563446112,69.47357780891116,True,3,-3.3983778255499573,3.3983778255499573,3.3983778255499573,11.548971845189655,6,2,0,Q3
R0003993,2026-02-25 06:00:00,M015,north,residential,0,66.63361320253142,65.16249889987313,True,3,-1.4711143026582931,1.4711143026582931,1.4711143026582931,2.164177291485796,6,2,0,Q2
R0003994,2026-02-25 06:00:00,M016,south,commercial,0,61.83421457781919,58.569562281056015,True,3,-3.264652296763174,3.264652296763174,3.264652296763174,10.657954618761067,6,2,0,Q2
R0003995,2026-02-25 06:00:00,M017,east,industrial,0,45.67431795886119,43.54313146440552,True,3,-2.131186494455669,2.131186494455669,2.131186494455669,4.541955874150243,6,2,0,Q1
R0003996,2026-02-25 12:00:00,M000,north,residential,0,91.52767932041156,87.88168930974918,True,3,-3.6459900106623877,3.6459900106623877,3.6459900106623877,13.293243157849918,12,2,0,Q4
R0003997,2026-02-25 12:00:00,M001,south,commercial,0,83.51640050422921,71.07710175387051,True,3,-12.439298750358702,12.439298750358702,12.439298750358702,154.73615340067556,12,2,0,Q3
R0003998,2026-02-25 12:00:00,M002,east,industrial,0,92.88812653329477,90.85778475203936,True,3,-2.0303417812554017,2.0303417812554017,2.0303417812554017,4.122287748711357,12,2,0,Q4
R0003999,2026-02-25 12:00:00,M003,north,residential,0,88.54963938152804,84.8066491802439,True,3,-3.742990201284144,3.742990201284144,3.742990201284144,14.009975646909115,12,2,0,Q4
R0004000,2026-02-25 12:00:00,M004,south,commercial,0,63.58614809882633,62.6449406706275,True,3,-0.9412074281988296,0.9412074281988296,0.9412074281988296,0.885871422896655,12,2,0,Q2
R0004001,2026-02-25 12:00:00,M005,east,industrial,0,107.49292474138336,105.88669597166492,True,3,-1.6062287697184416,1.6062287697184416,1.6062287697184416,2.5799708606712186,12,2,0,Q5
R0004002,2026-02-25 12:00:00,M006,north,residential,0,90.45948176645712,85.88549179321213,True,3,-4.573989973244991,4.573989973244991,4.573989973244991,20.921384275345716,12,2,0,Q4
R0004003,2026-02-25 12:00:00,M007,south,commercial,0,95.92489909369957,93.10573340406908,True,3,-2.8191656896304806,2.8191656896304806,2.8191656896304806,7.947695185589703,12,2,0,Q4
R0004004,2026-02-25 12:00:00,M008,east,industrial,0,54.04435350949085,49.422518474994654,True,3,-4.621835034496193,4.621835034496193,4.621835034496193,21.361359086096428,12,2,0,Q1
R0004005,2026-02-25 12:00:00,M009,north,residential,0,69.2178314720347,68.2579759193723,True,3,-0.959855552662404,0.959855552662404,0.959855552662404,0.921322681976849,12,2,0,Q2
R0004006,2026-02-25 12:00:00,M010,south,commercial,0,81.35442323740033,73.32477034016512,True,3,-8.02965289723521,8.02965289723521,8.02965289723521,64.47532565007779,12,2,0,Q3
R0004007,2026-02-25 12:00:00,M011,east,industrial,0,106.05526779696162,100.35117589657726,True,3,-5.7040919003843555,5.7040919003843555,5.7040919003843555,32.53666440803041,12,2,0,Q5
R0004008,2026-02-25 12:00:00,M012,north,residential,0,86.53194076784423,86.2507706673684,True,3,-0.28117010047583335,0.28117010047583335,0.28117010047583335,0.07905662540159022,12,2,0,Q3
R0004009,2026-02-25 12:00:00,M013,south,commercial,0,104.3870815521337,92.79906377065798,True,3,-11.588017781475713,11.588017781475713,11.588017781475713,134.28215610379732,12,2,0,Q5
R0004010,2026-02-25 12:00:00,M014,east,industrial,0,76.20315530787182,69.3272849300421,True,3,-6.875870377829727,6.875870377829727,6.875870377829727,47.27759345271632,12,2,0,Q3
R0004011,2026-02-25 12:00:00,M015,north,residential,0,55.83973903620274,54.58196720350498,True,3,-1.257771832697756,1.257771832697756,1.257771832697756,1.581989983127872,12,2,0,Q1
R0004012,2026-02-25 12:00:00,M016,south,commercial,0,78.62275697853899,72.56288502887635,True,3,-6.059871949662636,6.059871949662636,6.059871949662636,36.72204804630803,12,2,0,Q3
R0004013,2026-02-25 12:00:00,M017,east,industrial,0,40.09801696892126,41.40909066384502,True,3,1.3110736949237634,-1.3110736949237634,1.3110736949237634,1.7189142335210492,12,2,0,Q1
R0004014,2026-02-25 18:00:00,M000,north,residential,0,99.82344588506696,93.29181791329584,True,3,-6.531627971771115,6.531627971771115,6.531627971771115,42.66216396162285,18,2,0,Q5
R0004015,2026-02-25 18:00:00,M001,south,commercial,0,74.86955980854678,75.64654285691319,True,3,0.7769830483664038,-0.7769830483664038,0.7769830483664038,0.6037026574487493,18,2,0,Q3
R0004016,2026-02-25 18:00:00,M002,east,industrial,0,88.93631917707032,90.146916485483,True,3,1.2105973084126873,-1.2105973084126873,1.2105973084126873,1.465545843136043,18,2,0,Q4
R0004017,2026-02-25 18:00:00,M003,north,residential,0,97.57293114659808,91.68775420913292,True,3,-5.885176937465161,5.885176937465161,5.885176937465161,34.63530758527181,18,2,0,Q5
R0004018,2026-02-25 18:00:00,M004,south,commercial,0,58.15922137223862,55.82771112874946,True,3,-2.3315102434891557,2.3315102434891557,2.3315102434891557,5.435940015494862,18,2,0,Q2
R0004019,2026-02-25 18:00:00,M005,east,industrial,0,104.52650208137192,102.79709476372616,True,3,-1.7294073176457516,1.7294073176457516,1.7294073176457516,2.9908496703266736,18,2,0,Q5
R0004020,2026-02-25 18:00:00,M006,north,residential,0,94.69707470350228,91.9993795819788,True,3,-2.6976951215234806,2.6976951215234806,2.6976951215234806,7.2775589686915865,18,2,0,Q4
R0004021,2026-02-25 18:00:00,M007,south,commercial,0,100.46481521287043,90.1750871117375,True,3,-10.289728101132937,10.289728101132937,10.289728101132937,105.87850439524483,18,2,0,Q5
R0004022,2026-02-25 18:00:00,M008,east,industrial,0,45.04221237897239,47.11772640755717,True,3,2.0755140285847844,-2.0755140285847844,2.0755140285847844,4.3077584828522415,18,2,0,Q1
R0004023,2026-02-25 18:00:00,M009,north,residential,0,76.61370314089112,72.2081632025822,True,3,-4.4055399383089195,4.4055399383089195,4.4055399383089195,19.40878214803496,18,2,0,Q3
R0004024,2026-02-25 18:00:00,M010,south,commercial,0,75.19738315999732,76.43499828969739,True,3,1.2376151297000746,-1.2376151297000746,1.2376151297000746,1.5316912092625325,18,2,0,Q3
R0004025,2026-02-25 18:00:00,M011,east,industrial,0,99.89573982425648,95.61016785469502,True,3,-4.28557196956146,4.28557196956146,4.28557196956146,18.36612710629089,18,2,0,Q5
R0004026,2026-02-25 18:00:00,M012,north,residential,0,95.3870088493222,91.93309801815217,True,3,-3.4539108311700346,3.4539108311700346,3.4539108311700346,11.92950002967368,18,2,0,Q4
R0004027,2026-02-25 18:00:00,M013,south,commercial,0,105.29039256197952,96.36945414388876,True,3,-8.920938418090756,8.920938418090756,8.920938418090756,79.5831422593676,18,2,0,Q5
R0004028,2026-02-25 18:00:00,M014,east,industrial,0,66.68719249705497,68.41916738165872,True,3,1.7319748846037584,-1.7319748846037584,1.7319748846037584,2.999737000898202,18,2,0,Q2
R0004029,2026-02-25 18:00:00,M015,north,residential,0,69.94870650718657,62.599785797669256,True,3,-7.348920709517316,7.348920709517316,7.348920709517316,54.00663559477249,18,2,0,Q2
R0004030,2026-02-25 18:00:00,M016,south,commercial,0,79.34166476554601,73.00430575525225,True,3,-6.337359010293767,6.337359010293767,6.337359010293767,40.162119225351596,18,2,0,Q3
R0004031,2026-02-25 18:00:00,M017,east,industrial,0,42.20304581152266,42.19712557429828,True,3,-0.0059202372243731816,0.0059202372243731816,0.0059202372243731816,3.504920879285387e-05,18,2,0,Q1
R0004032,2026-02-26 00:00:00,M000,north,residential,0,96.87821725706986,91.40261900404948,True,3,-5.4755982530203795,5.4755982530203795,5.4755982530203795,29.982176228479833,0,3,0,Q5
R0004033,2026-02-26 00:00:00,M001,south,commercial,0,52.328948616216486,54.8239381315634,True,3,2.4949895153469157,-2.4949895153469157,2.4949895153469157,6.224972681691037,0,3,0,Q1
R0004034,2026-02-26 00:00:00,M002,east,industrial,0,89.52105001449479,89.35548264321564,True,3,-0.16556737127915255,0.16556737127915255,0.16556737127915255,0.02741255443228875,0,3,0,Q4
R0004035,2026-02-26 00:00:00,M003,north,residential,0,89.1423227648434,89.90680553997544,True,3,0.7644827751320378,-0.7644827751320378,0.7644827751320378,0.5844339134735819,0,3,0,Q4
R0004036,2026-02-26 00:00:00,M004,south,commercial,0,47.522809867082096,33.49245024403698,True,3,-14.030359623045115,14.030359623045115,14.030359623045115,196.85099115197465,0,3,0,Q1
R0004037,2026-02-26 00:00:00,M005,east,industrial,0,106.8221458619856,100.92028389369696,True,3,-5.901861968288642,5.901861968288642,5.901861968288642,34.83197469273189,0,3,0,Q5
R0004038,2026-02-26 00:00:00,M006,north,residential,0,90.29578828759016,87.93724576925658,True,3,-2.3585425183335786,2.3585425183335786,2.3585425183335786,5.5627228107872995,0,3,0,Q4
R0004039,2026-02-26 00:00:00,M007,south,commercial,0,78.7658211891599,79.40488656864316,True,3,0.6390653794832701,-0.6390653794832701,0.6390653794832701,0.4084045592540961,0,3,0,Q3
R0004040,2026-02-26 00:00:00,M008,east,industrial,0,48.403597086565895,47.52678355034026,True,3,-0.8768135362256331,0.8768135362256331,0.8768135362256331,0.7688019773084995,0,3,0,Q1
R0004041,2026-02-26 00:00:00,M009,north,residential,0,73.73866809140627,71.59606225494821,True,3,-2.14260583645806,2.14260583645806,2.14260583645806,4.5907597704241425,0,3,0,Q3
R0004042,2026-02-26 00:00:00,M010,south,commercial,0,54.73148050636793,62.66620446675112,True,3,7.934723960383188,-7.934723960383188,7.934723960383188,62.95984432747906,0,3,0,Q1
R0004043,2026-02-26 00:00:00,M011,east,industrial,0,96.99959412298892,94.3849236284966,True,3,-2.61467049449233,2.61467049449233,2.61467049449233,6.836501794768766,0,3,0,Q5
R0004044,2026-02-26 00:00:00,M012,north,residential,0,83.9225443089488,87.71158794193458,True,3,3.7890436329857806,-3.7890436329857806,3.7890436329857806,14.356851652670082,0,3,0,Q3
R0004045,2026-02-26 00:00:00,M013,south,commercial,0,79.67234109728568,84.08981996791896,True,3,4.417478870633275,-4.417478870633275,4.417478870633275,19.514119572491435,0,3,0,Q3
R0004046,2026-02-26 00:00:00,M014,east,industrial,0,67.57117116369109,68.13982859044371,True,3,0.5686574267526225,-0.5686574267526225,0.5686574267526225,0.3233712690009143,0,3,0,Q2
R0004047,2026-02-26 00:00:00,M015,north,residential,0,63.39853829615037,63.90668146342403,True,3,0.5081431672736585,-0.5081431672736585,0.5081431672736585,0.2582094784469053,0,3,0,Q2
R0004048,2026-02-26 00:00:00,M016,south,commercial,0,58.027591487484685,58.25817076159816,True,3,0.2305792741134738,-0.2305792741134738,0.2305792741134738,0.05316680165069648,0,3,0,Q2
R0004049,2026-02-26 00:00:00,M017,east,industrial,0,42.57233591204887,43.0270400113216,True,3,0.4547040992727318,-0.4547040992727318,0.4547040992727318,0.20675581789542635,0,3,0,Q1
R0004050,2026-02-26 06:00:00,M000,north,residential,0,96.64360585421444,90.5471864526991,True,3,-6.096419401515348,6.096419401515348,6.096419401515348,37.166329519172756,6,3,0,Q5
R0004051,2026-02-26 06:00:00,M001,south,commercial,0,56.705133866207454,57.73990943663564,True,3,1.034775570428188,-1.034775570428188,1.034775570428188,1.0707604811549818,6,3,0,Q2
R0004052,2026-02-26 06:00:00,M002,east,industrial,0,95.35214138651386,89.61810516935479,True,3,-5.734036217159073,5.734036217159073,5.734036217159073,32.87917133969193,6,3,0,Q4
R0004053,2026-02-26 06:00:00,M003,north,residential,0,93.72008177523117,88.9174047116883,True,3,-4.802677063542859,4.802677063542859,4.802677063542859,23.06570697668066,6,3,0,Q4
R0004054,2026-02-26 06:00:00,M004,south,commercial,0,40.46591139319848,35.923640996768846,True,3,-4.542270396429636,4.542270396429636,4.542270396429636,20.632220354281042,6,3,0,Q1
R0004055,2026-02-26 06:00:00,M005,east,industrial,0,105.54193990794316,102.05520121992532,True,3,-3.4867386880178373,3.4867386880178373,3.4867386880178373,12.15734667852035,6,3,0,Q5
R0004056,2026-02-26 06:00:00,M006,north,residential,0,87.15440632225705,89.80955695049684,True,3,2.655150628239795,-2.655150628239795,2.655150628239795,7.049824858642179,6,3,0,Q4
R0004057,2026-02-26 06:00:00,M007,south,commercial,0,83.95371917882326,73.32236253861225,True,3,-10.63135664021101,10.63135664021101,10.63135664021101,113.02574401135873,6,3,0,Q3
R0004058,2026-02-26 06:00:00,M008,east,industrial,0,51.19347982131786,48.38775980621468,True,3,-2.8057200151031765,2.8057200151031765,2.8057200151031765,7.872064803150569,6,3,0,Q1
R0004059,2026-02-26 06:00:00,M009,north,residential,0,81.15249699861418,71.82426833377946,True,3,-9.328228664834725,9.328228664834725,9.328228664834725,87.01585002344424,6,3,0,Q3
R0004060,2026-02-26 06:00:00,M010,south,commercial,0,51.91419616809042,65.08315851029032,True,3,13.168962342199897,-13.168962342199897,13.168962342199897,173.421569170279,6,3,0,Q1
R0004061,2026-02-26 06:00:00,M011,east,industrial,0,95.79545805427485,97.43633021756187,True,3,1.6408721632870282,-1.6408721632870282,1.6408721632870282,2.692461456250252,6,3,0,Q4
R0004062,2026-02-26 06:00:00,M012,north,residential,0,91.24700041854544,88.63332568638616,True,3,-2.613674732159282,2.613674732159282,2.613674732159282,6.831295605527895,6,3,0,Q4
R0004063,2026-02-26 06:00:00,M013,south,commercial,0,83.07629575438652,84.69357068714446,True,3,1.6172749327579368,-1.6172749327579368,1.6172749327579368,2.615578208127189,6,3,0,Q3
R0004064,2026-02-26 06:00:00,M014,east,industrial,0,70.62027780035734,67.58630555524424,True,3,-3.0339722451131053,3.0339722451131053,3.0339722451131053,9.204987584116656,6,3,0,Q2
R0004065,2026-02-26 06:00:00,M015,north,residential,0,63.27476426481367,62.330589203762585,True,3,-0.9441750610510837,0.9441750610510837,0.9441750610510837,0.8914665459108176,6,3,0,Q2
R0004066,2026-02-26 06:00:00,M016,south,commercial,0,57.03400110006838,64.0628547517376,True,3,7.028853651669223,-7.028853651669223,7.028853651669223,49.404783656583774,6,3,0,Q2
R0004067,2026-02-26 06:00:00,M017,east,industrial,0,41.488259172806366,43.517235811130405,True,3,2.028976638324039,-2.028976638324039,2.028976638324039,4.1167461988647185,6,3,0,Q1
R0004068,2026-02-26 12:00:00,M000,north,residential,0,91.46452994590622,88.92770951424389,True,3,-2.536820431662335,2.536820431662335,2.536820431662335,6.435457902499475,12,3,0,Q4
R0004069,2026-02-26 12:00:00,M001,south,commercial,0,72.53557827926033,70.20299238346155,True,3,-2.332585895798786,2.332585895798786,2.332585895798786,5.440956961279426,12,3,0,Q3
R0004070,2026-02-26 12:00:00,M002,east,industrial,0,92.26775581460711,90.39323922889466,True,3,-1.8745165857124562,1.8745165857124562,1.8745165857124562,3.513812430111084,12,3,0,Q4
R0004071,2026-02-26 12:00:00,M003,north,residential,0,85.39016594369724,83.58965577832065,True,3,-1.8005101653765934,1.8005101653765934,1.8005101653765934,3.2418368556244475,12,3,0,Q3
R0004072,2026-02-26 12:00:00,M004,south,commercial,0,64.51686519371555,57.24142965046031,True,3,-7.2754355432552344,7.2754355432552344,7.2754355432552344,52.93196234406159,12,3,0,Q2
R0004073,2026-02-26 12:00:00,M005,east,industrial,0,112.49963210633548,106.14622760539918,True,3,-6.353404500936307,6.353404500936307,6.353404500936307,40.365748752517725,12,3,0,Q5
R0004074,2026-02-26 12:00:00,M006,north,residential,0,91.5879129908412,86.83983298626451,True,3,-4.748080004576693,4.748080004576693,4.748080004576693,22.544263729861004,12,3,0,Q4
R0004075,2026-02-26 12:00:00,M007,south,commercial,0,100.59280001513297,92.22624176406076,True,3,-8.366558251072206,8.366558251072206,8.366558251072206,69.99929696858442,12,3,0,Q5
R0004076,2026-02-26 12:00:00,M008,east,industrial,0,55.08838684254988,49.56287831767077,True,3,-5.525508524879108,5.525508524879108,5.525508524879108,30.53124445851169,12,3,0,Q1
R0004077,2026-02-26 12:00:00,M009,north,residential,0,69.1924213070619,64.67320064792791,True,3,-4.5192206591339925,4.5192206591339925,4.5192206591339925,20.42335536594348,12,3,0,Q2
R0004078,2026-02-26 12:00:00,M010,south,commercial,0,80.98914534960538,70.37644573029982,True,3,-10.612699619305559,10.612699619305559,10.612699619305559,112.62939320960835,12,3,0,Q3
R0004079,2026-02-26 12:00:00,M011,east,industrial,0,98.30518718776634,100.0036462834189,True,3,1.6984590956525665,-1.6984590956525665,1.6984590956525665,2.884763299604934,12,3,0,Q5
R0004080,2026-02-26 12:00:00,M012,north,residential,0,83.59090689656195,85.79922020545399,True,3,2.208313308892045,-2.208313308892045,2.208313308892045,4.8766476702297314,12,3,0,Q3
R0004081,2026-02-26 12:00:00,M013,south,commercial,0,101.95340507106508,92.86800705093243,True,3,-9.085398020132644,9.085398020132644,9.085398020132644,82.54445718423015,12,3,0,Q5
R0004082,2026-02-26 12:00:00,M014,east,industrial,0,74.3870907125031,68.21187116672348,True,3,-6.175219545779612,6.175219545779612,6.175219545779612,38.13333643857856,12,3,0,Q3
R0004083,2026-02-26 12:00:00,M015,north,residential,0,55.745803586858926,54.0629769286996,True,3,-1.6828266581593283,1.6828266581593283,1.6828266581593283,2.8319055614116926,12,3,0,Q1
R0004084,2026-02-26 12:00:00,M016,south,commercial,0,81.20499595956684,70.82361956171307,True,3,-10.38137639785377,10.38137639785377,10.38137639785377,107.77297591391533,12,3,0,Q3
R0004085,2026-02-26 12:00:00,M017,east,industrial,0,47.31751877009249,41.991189011030194,True,3,-5.326329759062297,5.326329759062297,5.326329759062297,28.369788702272626,12,3,0,Q1
R0004086,2026-02-26 18:00:00,M000,north,residential,0,100.53162251189195,93.92460615733012,True,3,-6.607016354561836,6.607016354561836,6.607016354561836,43.65266510944757,18,3,0,Q5
R0004087,2026-02-26 18:00:00,M001,south,commercial,0,80.1298297564328,70.1659184793618,True,3,-9.963911277070991,9.963911277070991,9.963911277070991,99.27952793734248,18,3,0,Q3
R0004088,2026-02-26 18:00:00,M002,east,industrial,0,96.62798246265218,90.51654173107258,True,3,-6.111440731579606,6.111440731579606,6.111440731579606,37.349707815610266,18,3,0,Q5
R0004089,2026-02-26 18:00:00,M003,north,residential,0,93.3241769975922,91.8781715046194,True,3,-1.4460054929728017,1.4460054929728017,1.4460054929728017,2.090931885707515,18,3,0,Q4
R0004090,2026-02-26 18:00:00,M004,south,commercial,0,63.750318380397815,56.856522488068855,True,3,-6.89379589232896,6.89379589232896,6.89379589232896,47.52442180509164,18,3,0,Q2
R0004091,2026-02-26 18:00:00,M005,east,industrial,0,99.5339613991326,100.12724294801868,True,3,0.5932815488860825,-0.5932815488860825,0.5932815488860825,0.35198299624866913,18,3,0,Q5
R0004092,2026-02-26 18:00:00,M006,north,residential,0,93.1490697236721,91.59557171927456,True,3,-1.5534980043975395,1.5534980043975395,1.5534980043975395,2.413356049667138,18,3,0,Q4
R0004093,2026-02-26 18:00:00,M007,south,commercial,0,102.40297169976812,92.2628893821221,True,3,-10.14008231764602,10.14008231764602,10.14008231764602,102.82126940863746,18,3,0,Q5
R0004094,2026-02-26 18:00:00,M008,east,industrial,0,47.163265297447246,48.38651156263896,True,3,1.2232462651917118,-1.2232462651917118,1.2232462651917118,1.4963314253054716,18,3,0,Q1
R0004095,2026-02-26 18:00:00,M009,north,residential,0,77.21721335676307,72.00052481810222,True,3,-5.216688538660847,5.216688538660847,5.216688538660847,27.213839309395443,18,3,0,Q3
R0004096,2026-02-26 18:00:00,M010,south,commercial,0,74.56963177671821,71.9654849339209,True,3,-2.604146842797306,2.604146842797306,2.604146842797306,6.7815807788511755,18,3,0,Q3
R0004097,2026-02-26 18:00:00,M011,east,industrial,0,103.6070017651447,97.99519097168762,True,3,-5.611810793457082,5.611810793457082,5.611810793457082,31.4924203815614,18,3,0,Q5
R0004098,2026-02-26 18:00:00,M012,north,residential,0,88.32867058243068,90.69595419985804,True,3,2.3672836174273613,-2.3672836174273613,2.3672836174273613,5.604031725339973,18,3,0,Q4
R0004099,2026-02-26 18:00:00,M013,south,commercial,0,103.52158700506064,94.88438037660464,True,3,-8.637206628456,8.637206628456,8.637206628456,74.60133834264425,18,3,0,Q5
R0004100,2026-02-26 18:00:00,M014,east,industrial,0,67.65038672686175,69.15981429047676,True,3,1.5094275636150059,-1.5094275636150059,1.5094275636150059,2.2783715698007327,18,3,0,Q2
R0004101,2026-02-26 18:00:00,M015,north,residential,0,63.47000122813221,62.59117012176254,True,3,-0.8788311063696739,0.8788311063696739,0.8788311063696739,0.7723441135229451,18,3,0,Q2
R0004102,2026-02-26 18:00:00,M016,south,commercial,0,78.48760074049812,73.47569904341975,True,3,-5.011901697078372,5.011901697078372,5.011901697078372,25.119158621177064,18,3,0,Q3
R0004103,2026-02-26 18:00:00,M017,east,industrial,0,46.51360443777718,42.89357054244685,True,3,-3.62003389533033,3.62003389533033,3.62003389533033,13.104645403340484,18,3,0,Q1
R0004104,2026-02-27 00:00:00,M000,north,residential,0,96.45656812784894,90.63097948276764,True,3,-5.825588645081297,5.825588645081297,5.825588645081297,33.937483061700135,0,4,0,Q5
R0004105,2026-02-27 00:00:00,M001,south,commercial,0,53.4111932495225,56.153778493673535,True,3,2.742585244151037,-2.742585244151037,2.742585244151037,7.521773821435004,0,4,0,Q1
R0004106,2026-02-27 00:00:00,M002,east,industrial,0,86.47212016459795,88.63362855052479,True,3,2.1615083859268367,-2.1615083859268367,2.1615083859268367,4.672118502432038,0,4,0,Q3
R0004107,2026-02-27 00:00:00,M003,north,residential,0,88.04119363402413,86.78431594998888,True,3,-1.2568776840352456,1.2568776840352456,1.2568776840352456,1.5797415126258025,0,4,0,Q4
R0004108,2026-02-27 00:00:00,M004,south,commercial,0,40.346757116448615,34.85163216919488,True,3,-5.495124947253736,5.495124947253736,5.495124947253736,30.19639818593037,0,4,0,Q1
R0004109,2026-02-27 00:00:00,M005,east,industrial,0,97.35136275008315,99.48966797174874,True,3,2.13830522166559,-2.13830522166559,2.13830522166559,4.572349221002327,0,4,0,Q5
R0004110,2026-02-27 00:00:00,M006,north,residential,0,90.18284213356397,88.50879027016246,True,3,-1.6740518634015018,1.6740518634015018,1.6740518634015018,2.8024496413580406,0,4,0,Q4
R0004111,2026-02-27 00:00:00,M007,south,commercial,0,84.86067711739453,76.52214018631419,True,3,-8.338536931080341,8.338536931080341,8.338536931080341,69.53119815099076,0,4,0,Q3
R0004112,2026-02-27 00:00:00,M008,east,industrial,0,49.5197086768285,47.97475257735448,True,3,-1.544956099474021,1.544956099474021,1.544956099474021,2.386889349301981,0,4,0,Q1
R0004113,2026-02-27 00:00:00,M009,north,residential,0,76.60264906000866,72.7448572040813,True,3,-3.85779185592736,3.85779185592736,3.85779185592736,14.882558003659463,0,4,0,Q3
R0004114,2026-02-27 00:00:00,M010,south,commercial,0,51.172860234216,55.01277613570383,True,3,3.839915901487828,-3.839915901487828,3.839915901487828,14.744954130499078,0,4,0,Q1
R0004115,2026-02-27 00:00:00,M011,east,industrial,0,93.39049681212782,94.83561830628344,True,3,1.4451214941556145,-1.4451214941556145,1.4451214941556145,2.0883761328705557,0,4,0,Q4
R0004116,2026-02-27 00:00:00,M012,north,residential,0,91.09615772529088,88.72412421848334,True,3,-2.37203350680754,2.37203350680754,2.37203350680754,5.6265429574176755,0,4,0,Q4
R0004117,2026-02-27 00:00:00,M013,south,commercial,0,79.22760724393108,76.32033696326245,True,3,-2.9072702806686266,2.9072702806686266,2.9072702806686266,8.452220484859035,0,4,0,Q3
R0004118,2026-02-27 00:00:00,M014,east,industrial,0,70.70211203941348,69.40332534995645,True,3,-1.2987866894570317,1.2987866894570317,1.2987866894570317,1.686846864710756,0,4,0,Q2
R0004119,2026-02-27 00:00:00,M015,north,residential,0,62.7887209406713,63.82117827636171,True,3,1.0324573356904096,-1.0324573356904096,1.0324573356904096,1.0659681500209393,0,4,0,Q2
R0004120,2026-02-27 00:00:00,M016,south,commercial,0,68.50764333252499,56.26052689856552,True,3,-12.24711643395947,12.24711643395947,12.24711643395947,149.99186094696012,0,4,0,Q2
R0004121,2026-02-27 00:00:00,M017,east,industrial,0,41.23000293583361,42.83699999181498,True,3,1.6069970559813669,-1.6069970559813669,1.6069970559813669,2.5824395379327805,0,4,0,Q1
R0004122,2026-02-27 06:00:00,M000,north,residential,0,96.14489861275928,90.8641921054354,True,3,-5.280706507323885,5.280706507323885,5.280706507323885,27.88586121649282,6,4,0,Q5
R0004123,2026-02-27 06:00:00,M001,south,commercial,0,52.575474164050256,54.701857754594194,True,3,2.126383590543938,-2.126383590543938,2.126383590543938,4.52150717413453,6,4,0,Q1
R0004124,2026-02-27 06:00:00,M002,east,industrial,0,94.3869031082425,90.0307870190456,True,3,-4.356116089196902,4.356116089196902,4.356116089196902,18.975747382560115,6,4,0,Q4
R0004125,2026-02-27 06:00:00,M003,north,residential,0,92.50136237726716,86.42420432513367,True,3,-6.077158052133484,6.077158052133484,6.077158052133484,36.93184999061084,6,4,0,Q4
R0004126,2026-02-27 06:00:00,M004,south,commercial,0,38.24871892693289,34.79001939643557,True,3,-3.45869953049732,3.45869953049732,3.45869953049732,11.962602442262382,6,4,0,Q1
R0004127,2026-02-27 06:00:00,M005,east,industrial,0,103.25264317497589,102.39459552169956,True,3,-0.8580476532763299,0.8580476532763299,0.8580476532763299,0.7362457752930169,6,4,0,Q5
R0004128,2026-02-27 06:00:00,M006,north,residential,0,94.65275058513672,87.51918181962479,True,3,-7.133568765511924,7.133568765511924,7.133568765511924,50.88780333228732,6,4,0,Q4
R0004129,2026-02-27 06:00:00,M007,south,commercial,0,82.77091317689266,72.64155099618031,True,3,-10.129362180712349,10.129362180712349,10.129362180712349,102.60397818804563,6,4,0,Q3
R0004130,2026-02-27 06:00:00,M008,east,industrial,0,47.23222656079318,46.96199773788471,True,3,-0.2702288229084715,0.2702288229084715,0.2702288229084715,0.07302361673049805,6,4,0,Q1
R0004131,2026-02-27 06:00:00,M009,north,residential,0,73.9906282949704,72.03762506064368,True,3,-1.9530032343267294,1.9530032343267294,1.9530032343267294,3.814221633290666,6,4,0,Q3
R0004132,2026-02-27 06:00:00,M010,south,commercial,0,60.3098885785216,55.47297957319903,True,3,-4.836909005322575,4.836909005322575,4.836909005322575,23.39568872577062,6,4,0,Q2
R0004133,2026-02-27 06:00:00,M011,east,industrial,0,98.97555248043024,98.40135649177866,True,3,-0.5741959886515815,0.5741959886515815,0.5741959886515815,0.3297010333835671,6,4,0,Q5
R0004134,2026-02-27 06:00:00,M012,north,residential,0,89.04594143893014,88.5201881056832,True,3,-0.5257533332469393,0.5257533332469393,0.5257533332469393,0.2764165674202672,6,4,0,Q4
R0004135,2026-02-27 06:00:00,M013,south,commercial,0,86.67460391103909,81.43062059502337,True,3,-5.243983316015715,5.243983316015715,5.243983316015715,27.499361018651175,6,4,0,Q3
R0004136,2026-02-27 06:00:00,M014,east,industrial,0,67.32328173365522,67.70205615578983,True,3,0.37877442213461165,-0.37877442213461165,0.37877442213461165,0.143470062863409,6,4,0,Q2
R0004137,2026-02-27 06:00:00,M015,north,residential,0,61.4742498129302,62.39011797182754,True,3,0.9158681588973394,-0.9158681588973394,0.9158681588973394,0.8388144844820021,6,4,0,Q2
R0004138,2026-02-27 06:00:00,M016,south,commercial,0,59.12893539806411,61.60340772016059,True,3,2.4744723220964815,-2.4744723220964815,2.4744723220964815,6.123013272821553,6,4,0,Q2
R0004139,2026-02-27 06:00:00,M017,east,industrial,0,48.47091982133002,43.68283195250741,True,3,-4.788087868822615,4.788087868822615,4.788087868822615,22.92578543956629,6,4,0,Q1
R0004140,2026-02-27 12:00:00,M000,north,residential,0,96.37061373886804,88.5599836854599,True,3,-7.810630053408147,7.810630053408147,7.810630053408147,61.005941831202556,12,4,0,Q5
R0004141,2026-02-27 12:00:00,M001,south,commercial,0,77.26384111817676,70.83155740273865,True,3,-6.432283715438103,6.432283715438103,6.432283715438103,41.37427379589021,12,4,0,Q3
R0004142,2026-02-27 12:00:00,M002,east,industrial,0,95.479910928014,90.4273070840926,True,3,-5.052603843921389,5.052603843921389,5.052603843921389,25.528805603609197,12,4,0,Q4
R0004143,2026-02-27 12:00:00,M003,north,residential,0,88.87118515271334,85.632548538085,True,3,-3.2386366146283336,3.2386366146283336,3.2386366146283336,10.488767121611273,12,4,0,Q4
R0004144,2026-02-27 12:00:00,M004,south,commercial,0,59.17283448672964,56.57554860772691,True,3,-2.597285879002733,2.597285879002733,2.597285879002733,6.745893937267,12,4,0,Q2
R0004145,2026-02-27 12:00:00,M005,east,industrial,0,109.53816082724325,106.79350252287216,True,3,-2.744658304371086,2.744658304371086,2.744658304371086,7.533149207753165,12,4,0,Q5
R0004146,2026-02-27 12:00:00,M006,north,residential,1,78.9904684063702,83.6681532521738,True,3,4.677684845803597,-4.677684845803597,4.677684845803597,21.88073551666062,12,4,0,Q3
R0004147,2026-02-27 12:00:00,M007,south,commercial,0,101.1190032727469,90.59662415385728,True,3,-10.522379118889617,10.522379118889617,10.522379118889617,110.72046232164423,12,4,0,Q5
R0004148,2026-02-27 12:00:00,M008,east,industrial,0,52.99956479013948,50.22289815054989,True,3,-2.7766666395895925,2.7766666395895925,2.7766666395895925,7.70987762740976,12,4,0,Q1
R0004149,2026-02-27 12:00:00,M009,north,residential,0,68.45055432334392,68.4198110758354,True,3,-0.030743247508524973,0.030743247508524973,0.030743247508524973,0.000945147267370427,12,4,0,Q2
R0004150,2026-02-27 12:00:00,M010,south,commercial,0,78.37080904583617,71.29947188136504,True,3,-7.071337164471132,7.071337164471132,7.071337164471132,50.003809293630624,12,4,0,Q3
R0004151,2026-02-27 12:00:00,M011,east,industrial,0,105.91519221495592,99.83361464673013,True,3,-6.081577568225796,6.081577568225796,6.081577568225796,36.98558571834719,12,4,0,Q5
R0004152,2026-02-27 12:00:00,M012,north,residential,0,84.59632269760353,86.2979461126332,True,3,1.7016234150296725,-1.7016234150296725,1.7016234150296725,2.895522246577245,12,4,0,Q3
R0004153,2026-02-27 12:00:00,M013,south,commercial,0,101.94952750040495,89.1329515055801,True,3,-12.81657599482486,12.81657599482486,12.81657599482486,164.26462023112083,12,4,0,Q5
R0004154,2026-02-27 12:00:00,M014,east,industrial,0,75.41475605741306,66.55828826837764,True,3,-8.85646778903542,8.85646778903542,8.85646778903542,78.43702169822195,12,4,0,Q3
R0004155,2026-02-27 12:00:00,M015,north,residential,0,53.79730740049006,54.87412839749288,True,3,1.0768209970028195,-1.0768209970028195,1.0768209970028195,1.1595434595861462,12,4,0,Q1
R0004156,2026-02-27 12:00:00,M016,south,commercial,0,75.40898283885109,72.11108643145658,True,3,-3.2978964073945036,3.2978964073945036,3.2978964073945036,10.876120713905573,12,4,0,Q3
R0004157,2026-02-27 12:00:00,M017,east,industrial,0,45.23398726965505,41.743660748419614,True,3,-3.4903265212354384,3.4903265212354384,3.4903265212354384,12.182379224839478,12,4,0,Q1
R0004158,2026-02-27 18:00:00,M000,north,residential,0,99.26740525866552,95.09112074994184,True,3,-4.176284508723683,4.176284508723683,4.176284508723683,17.441352297805413,18,4,0,Q5
R0004159,2026-02-27 18:00:00,M001,south,commercial,0,71.49607372228819,68.96102722619081,True,3,-2.5350464960973795,2.5350464960973795,2.5350464960973795,6.426460737375601,18,4,0,Q3
R0004160,2026-02-27 18:00:00,M002,east,industrial,0,92.4404581281193,90.3567869182054,True,3,-2.083671209913902,2.083671209913902,2.083671209913902,4.3416857110240645,18,4,0,Q4
R0004161,2026-02-27 18:00:00,M003,north,residential,0,95.35289081742066,92.12961891835364,True,3,-3.223271899067015,3.223271899067015,3.223271899067015,10.389481735315082,18,4,0,Q4
R0004162,2026-02-27 18:00:00,M004,south,commercial,0,60.55809078266481,56.53054239343217,True,3,-4.027548389232642,4.027548389232642,4.027548389232642,16.221146027610448,18,4,0,Q2
R0004163,2026-02-27 18:00:00,M005,east,industrial,0,110.0154407788106,103.03523081960192,True,3,-6.980209959208679,6.980209959208679,6.980209959208679,48.72333107463603,18,4,0,Q5
R0004164,2026-02-27 18:00:00,M006,north,residential,0,98.76236309090034,92.57719934662497,True,3,-6.185163744275371,6.185163744275371,6.185163744275371,38.25625054349853,18,4,0,Q5
R0004165,2026-02-27 18:00:00,M007,south,commercial,0,99.43281465044674,91.6428340223588,True,3,-7.789980628087946,7.789980628087946,7.789980628087946,60.68379818598547,18,4,0,Q5
R0004166,2026-02-27 18:00:00,M008,east,industrial,0,46.676597893837446,48.63905471325388,True,3,1.9624568194164311,-1.9624568194164311,1.9624568194164311,3.851236768074055,18,4,0,Q1
R0004167,2026-02-27 18:00:00,M009,north,residential,0,72.12037118932518,71.47698647461624,True,3,-0.6433847147089438,0.6433847147089438,0.6433847147089438,0.41394389112110896,18,4,0,Q3
R0004168,2026-02-27 18:00:00,M010,south,commercial,0,76.05125330950409,72.15459119209878,True,3,-3.896662117405313,3.896662117405313,3.896662117405313,15.183975657221659,18,4,0,Q3
R0004169,2026-02-27 18:00:00,M011,east,industrial,0,102.81447565217113,94.52289004565915,True,3,-8.291585606511973,8.291585606511973,8.291585606511973,68.75039187011652,18,4,0,Q5
R0004170,2026-02-27 18:00:00,M012,north,residential,0,88.94981791441535,89.83264393863479,True,3,0.8828260242194403,-0.8828260242194403,0.8828260242194403,0.7793817890391038,18,4,0,Q4
R0004171,2026-02-27 18:00:00,M013,south,commercial,0,102.9553333609252,92.5303204276276,True,3,-10.425012933297594,10.425012933297594,10.425012933297594,108.68089465942211,18,4,0,Q5
R0004172,2026-02-27 18:00:00,M014,east,industrial,0,65.02248159875897,67.5568182526363,True,3,2.5343366538773324,-2.5343366538773324,2.5343366538773324,6.422862275186154,18,4,0,Q2
R0004173,2026-02-27 18:00:00,M015,north,residential,0,64.81716824843696,65.33216763128634,True,3,0.514999382849382,-0.514999382849382,0.514999382849382,0.26522436433524427,18,4,0,Q2
R0004174,2026-02-27 18:00:00,M016,south,commercial,0,78.89539350651972,72.5961778210676,True,3,-6.2992156854521255,6.2992156854521255,6.2992156854521255,39.68011825184609,18,4,0,Q3
R0004175,2026-02-27 18:00:00,M017,east,industrial,0,42.01674796987459,41.93090808395922,True,3,-0.08583988591536951,0.08583988591536951,0.08583988591536951,0.007368486013963652,18,4,0,Q1
R0004176,2026-02-28 00:00:00,M000,north,residential,0,93.27283845043756,87.72673938537007,True,3,-5.546099065067494,5.546099065067494,5.546099065067494,30.759214839542537,0,5,1,Q4
R0004177,2026-02-28 00:00:00,M001,south,commercial,0,43.207547960808526,51.96817101209344,True,3,8.760623051284917,-8.760623051284917,8.760623051284917,76.74851624670464,0,5,1,Q1
R0004178,2026-02-28 00:00:00,M002,east,industrial,0,86.68967104644105,89.95585954226652,True,3,3.2661884958254745,-3.2661884958254745,3.2661884958254745,10.667987290262676,0,5,1,Q3
R0004179,2026-02-28 00:00:00,M003,north,residential,0,95.43051564728226,89.72136564332756,True,3,-5.709150003954704,5.709150003954704,5.709150003954704,32.594393767656,0,5,1,Q4
R0004180,2026-02-28 00:00:00,M004,south,commercial,0,33.68219379549429,32.97045485178212,True,3,-0.7117389437121702,0.7117389437121702,0.7117389437121702,0.5065723239965157,0,5,1,Q1
R0004181,2026-02-28 00:00:00,M005,east,industrial,0,105.0730108608214,103.6638704751693,True,3,-1.409140385652094,1.409140385652094,1.409140385652094,1.9856766264757324,0,5,1,Q5
R0004182,2026-02-28 00:00:00,M006,north,residential,0,90.83869172874954,90.09118705387152,True,3,-0.7475046748780159,0.7475046748780159,0.7475046748780159,0.5587632389644882,0,5,1,Q4
R0004183,2026-02-28 00:00:00,M007,south,commercial,0,73.11598003310013,77.19389168675276,True,3,4.0779116536526345,-4.0779116536526345,4.0779116536526345,16.629363454995964,0,5,1,Q3
R0004184,2026-02-28 00:00:00,M008,east,industrial,0,52.3568537425737,47.81043153572177,True,3,-4.546422206851929,4.546422206851929,4.546422206851929,20.669954882956365,0,5,1,Q1
R0004185,2026-02-28 00:00:00,M009,north,residential,0,77.2047155538747,74.19699438118867,True,3,-3.0077211726860327,3.0077211726860327,3.0077211726860327,9.046386652623843,0,5,1,Q3
R0004186,2026-02-28 00:00:00,M010,south,commercial,0,46.75229151120977,51.11656147654494,True,3,4.364269965335168,-4.364269965335168,4.364269965335168,19.046852330326633,0,5,1,Q1
R0004187,2026-02-28 00:00:00,M011,east,industrial,0,97.22248807607522,95.25737012100878,True,3,-1.9651179550664466,1.9651179550664466,1.9651179550664466,3.8616885773245326,0,5,1,Q5
R0004188,2026-02-28 00:00:00,M012,north,residential,0,91.2182370785502,88.57220728845722,True,3,-2.6460297900929817,2.6460297900929817,2.6460297900929817,7.001473650059508,0,5,1,Q4
R0004189,2026-02-28 00:00:00,M013,south,commercial,0,76.90278527828053,81.15842437330224,True,3,4.2556390950217065,-4.2556390950217065,4.2556390950217065,18.110464107077167,0,5,1,Q3
R0004190,2026-02-28 00:00:00,M014,east,industrial,0,73.16149566046427,67.31390138859398,True,3,-5.8475942718702925,5.8475942718702925,5.8475942718702925,34.194358768410254,0,5,1,Q3
R0004191,2026-02-28 00:00:00,M015,north,residential,0,64.16779262959976,64.74190848966354,True,3,0.5741158600637846,-0.5741158600637846,0.5741158600637846,0.32960902077677906,0,5,1,Q2
R0004192,2026-02-28 00:00:00,M016,south,commercial,0,52.98239293306053,53.13867776659831,True,3,0.15628483353778222,-0.15628483353778222,0.15628483353778222,0.0244249491939323,0,5,1,Q1
R0004193,2026-02-28 00:00:00,M017,east,industrial,0,42.35786071253288,43.92072093874639,True,3,1.562860226213509,-1.562860226213509,1.562860226213509,2.4425320866801403,0,5,1,Q1
R0004194,2026-02-28 06:00:00,M000,north,residential,0,98.27410604288757,91.48574940503129,True,3,-6.788356637856282,6.788356637856282,6.788356637856282,46.08178584272744,6,5,1,Q5
R0004195,2026-02-28 06:00:00,M001,south,commercial,0,46.43404974325095,51.29848323442146,True,3,4.864433491170509,-4.864433491170509,4.864433491170509,23.662713190021304,6,5,1,Q1
R0004196,2026-02-28 06:00:00,M002,east,industrial,0,96.43779988670327,90.14710397559004,True,3,-6.290695911113232,6.290695911113232,6.290695911113232,39.57285504609674,6,5,1,Q5
R0004197,2026-02-28 06:00:00,M003,north,residential,0,101.977436193052,89.30847881389266,True,3,-12.668957379159338,12.668957379159338,12.668957379159338,160.50248107495582,6,5,1,Q5
R0004198,2026-02-28 06:00:00,M004,south,commercial,0,30.9691064402764,32.115646918067654,True,3,1.1465404777912553,-1.1465404777912553,1.1465404777912553,1.3145550672138,6,5,1,Q1
R0004199,2026-02-28 06:00:00,M005,east,industrial,0,113.0337310133424,104.73230341344662,True,3,-8.301427599895788,8.301427599895788,8.301427599895788,68.91370019631155,6,5,1,Q5
R0004200,2026-02-28 06:00:00,M006,north,residential,0,94.96062431573664,89.92244721869794,True,3,-5.038177097038698,5.038177097038698,5.038177097038698,25.383228461125285,6,5,1,Q4
R0004201,2026-02-28 06:00:00,M007,south,commercial,0,69.17246711820557,72.81511518971605,True,3,3.6426480715104788,-3.6426480715104788,3.6426480715104788,13.26888497287901,6,5,1,Q2
R0004202,2026-02-28 06:00:00,M008,east,industrial,0,50.24362604026939,49.37912609293383,True,3,-0.8644999473355597,0.8644999473355597,0.8644999473355597,0.7473601589431854,6,5,1,Q1
R0004203,2026-02-28 06:00:00,M009,north,residential,0,84.38663097483784,70.30845698839848,True,3,-14.078173986439367,14.078173986439367,14.078173986439367,198.1949827924581,6,5,1,Q3
R0004204,2026-02-28 06:00:00,M010,south,commercial,0,49.79638008853581,50.89556995739817,True,3,1.0991898688623607,-1.0991898688623607,1.0991898688623607,1.2082183678096536,6,5,1,Q1
R0004205,2026-02-28 06:00:00,M011,east,industrial,0,99.96292142329082,97.56718555733347,True,3,-2.3957358659573487,2.3957358659573487,2.3957358659573487,5.739550339434407,6,5,1,Q5
R0004206,2026-02-28 06:00:00,M012,north,residential,0,91.13857097825164,88.08216616583364,True,3,-3.0564048124179948,3.0564048124179948,3.0564048124179948,9.341610377371877,6,5,1,Q4
R0004207,2026-02-28 06:00:00,M013,south,commercial,0,76.27243488686642,77.69469316901699,True,3,1.4222582821505654,-1.4222582821505654,1.4222582821505654,2.0228186211458774,6,5,1,Q3
R0004208,2026-02-28 06:00:00,M014,east,industrial,0,72.26738253129284,67.06738193401027,True,3,-5.200000597282568,5.200000597282568,5.200000597282568,27.04000621173906,6,5,1,Q3
R0004209,2026-02-28 06:00:00,M015,north,residential,0,67.26529476462912,65.3432404900635,True,3,-1.9220542745656246,1.9220542745656246,1.9220542745656246,3.6942926343759894,6,5,1,Q2
R0004210,2026-02-28 06:00:00,M016,south,commercial,0,56.67291454225551,51.286716766371214,True,3,-5.386197775884298,5.386197775884298,5.386197775884298,29.011126480940963,6,5,1,Q2
R0004211,2026-02-28 06:00:00,M017,east,industrial,0,44.39050884724736,44.67658146583776,True,3,0.2860726185903957,-0.2860726185903957,0.2860726185903957,0.081837543107166,6,5,1,Q1
R0004212,2026-02-28 12:00:00,M000,north,residential,0,94.99364906927993,87.97124117934257,True,3,-7.022407889937355,7.022407889937355,7.022407889937355,49.31421257265442,12,5,1,Q4
R0004213,2026-02-28 12:00:00,M001,south,commercial,0,68.75319575403334,66.63235024543917,True,3,-2.120845508594172,2.120845508594172,2.120845508594172,4.497985671324073,12,5,1,Q2
R0004214,2026-02-28 12:00:00,M002,east,industrial,0,97.4746803661413,91.69329264824388,True,3,-5.781387717897417,5.781387717897417,5.781387717897417,33.4244439446551,12,5,1,Q5
R0004215,2026-02-28 12:00:00,M003,north,residential,0,91.81805227745946,87.74655676153435,True,3,-4.071495515925108,4.071495515925108,4.071495515925108,16.577075736198257,12,5,1,Q4
R0004216,2026-02-28 12:00:00,M004,south,commercial,0,49.022131937531526,50.21485025222821,True,3,1.192718314696684,-1.192718314696684,1.192718314696684,1.422576978212898,12,5,1,Q1
R0004217,2026-02-28 12:00:00,M005,east,industrial,0,101.63383031532658,104.06697393454208,True,3,2.4331436192154996,-2.4331436192154996,2.4331436192154996,5.9201878717291,12,5,1,Q5
R0004218,2026-02-28 12:00:00,M006,north,residential,0,92.44185977372038,86.74009703725098,True,3,-5.701762736469405,5.701762736469405,5.701762736469405,32.510098302991075,12,5,1,Q4
R0004219,2026-02-28 12:00:00,M007,south,commercial,0,90.56886457590488,83.26091092390679,True,3,-7.3079536519980905,7.3079536519980905,7.3079536519980905,53.40618657975223,12,5,1,Q4
R0004220,2026-02-28 12:00:00,M008,east,industrial,0,51.37751929974153,50.650378585486,True,3,-0.7271407142555262,0.7271407142555262,0.7271407142555262,0.5287336183280368,12,5,1,Q1
R0004221,2026-02-28 12:00:00,M009,north,residential,0,66.01935007748224,63.4924743271057,True,3,-2.526875750376547,2.526875750376547,2.526875750376547,6.385101057841038,12,5,1,Q2
R0004222,2026-02-28 12:00:00,M010,south,commercial,0,72.55020552212144,66.72945668671186,True,3,-5.820748835409589,5.820748835409589,5.820748835409589,33.88111700492208,12,5,1,Q3
R0004223,2026-02-28 12:00:00,M011,east,industrial,0,105.46697273370258,99.50484053651418,True,3,-5.962132197188396,5.962132197188396,5.962132197188396,35.54702033675053,12,5,1,Q5
R0004224,2026-02-28 12:00:00,M012,north,residential,0,87.82892588169176,85.0688306682618,True,3,-2.7600952134299632,2.7600952134299632,2.7600952134299632,7.618125587198994,12,5,1,Q4
R0004225,2026-02-28 12:00:00,M013,south,commercial,0,101.3361916391812,91.43859491878447,True,3,-9.89759672039672,9.89759672039672,9.89759672039672,97.96242083960792,12,5,1,Q5
R0004226,2026-02-28 12:00:00,M014,east,industrial,0,77.19479031035344,67.43147344830383,True,3,-9.763316862049606,9.763316862049606,9.763316862049606,95.32235614878218,12,5,1,Q3
R0004227,2026-02-28 12:00:00,M015,north,residential,0,64.00128077566681,60.99908688595315,True,3,-3.0021938897136664,3.0021938897136664,3.0021938897136664,9.013168151434074,12,5,1,Q2
R0004228,2026-02-28 12:00:00,M016,south,commercial,0,70.06146239020762,68.7363854878687,True,3,-1.325076902338921,1.325076902338921,1.325076902338921,1.7558287971121105,12,5,1,Q2
R0004229,2026-02-28 12:00:00,M017,east,industrial,0,44.37737137440797,42.47332081311616,True,3,-1.904050561291811,1.904050561291811,1.904050561291811,3.625408539955661,12,5,1,Q1
R0004230,2026-02-28 18:00:00,M000,north,residential,0,101.90347905843709,94.7521978050018,True,3,-7.151281253435286,7.151281253435286,7.151281253435286,51.140823565734955,18,5,1,Q5
R0004231,2026-02-28 18:00:00,M001,south,commercial,0,70.1914251290749,67.25838326726412,True,3,-2.9330418618107785,2.9330418618107785,2.9330418618107785,8.602734563134439,18,5,1,Q2
R0004232,2026-02-28 18:00:00,M002,east,industrial,0,96.9949801796084,90.51438592367468,True,3,-6.480594255933724,6.480594255933724,6.480594255933724,41.99810191004118,18,5,1,Q5
R0004233,2026-02-28 18:00:00,M003,north,residential,0,91.08428664965048,91.7150407470436,True,3,0.6307540973931225,-0.6307540973931225,0.6307540973931225,0.39785073137821264,18,5,1,Q4
R0004234,2026-02-28 18:00:00,M004,south,commercial,0,54.91021048152516,51.54696123680018,True,3,-3.363249244724983,3.363249244724983,3.363249244724983,11.311445482143169,18,5,1,Q1
R0004235,2026-02-28 18:00:00,M005,east,industrial,0,109.29807058047956,103.98262280945968,True,3,-5.315447771019876,5.315447771019876,5.315447771019876,28.25398500644017,18,5,1,Q5
R0004236,2026-02-28 18:00:00,M006,north,residential,0,100.12592755843129,90.60027605428076,True,3,-9.525651504150531,9.525651504150531,9.525651504150531,90.73803657852527,18,5,1,Q5
R0004237,2026-02-28 18:00:00,M007,south,commercial,0,87.48550729507673,89.54925837177161,True,3,2.063751076694885,-2.063751076694885,2.063751076694885,4.259068506559297,18,5,1,Q4
R0004238,2026-02-28 18:00:00,M008,east,industrial,0,52.65568431783298,48.582339246572026,True,3,-4.0733450712609525,4.0733450712609525,4.0733450712609525,16.592140069565893,18,5,1,Q1
R0004239,2026-02-28 18:00:00,M009,north,residential,0,76.78242539098403,73.13728033891171,True,3,-3.6451450520723228,3.6451450520723228,3.6451450520723228,13.287082450647336,18,5,1,Q3
R0004240,2026-02-28 18:00:00,M010,south,commercial,0,65.43334477986257,64.08494786831696,True,3,-1.3483969115456063,1.3483969115456063,1.3483969115456063,1.8181742310657296,18,5,1,Q2
R0004241,2026-02-28 18:00:00,M011,east,industrial,0,98.67023144226528,96.52256692075524,True,3,-2.1476645215100376,2.1476645215100376,2.1476645215100376,4.612462896952938,18,5,1,Q5
R0004242,2026-02-28 18:00:00,M012,north,residential,0,92.42412382709328,91.30676569579214,True,3,-1.1173581313011454,1.1173581313011454,1.1173581313011454,1.2484891935847875,18,5,1,Q4
R0004243,2026-02-28 18:00:00,M013,south,commercial,0,93.25789959068884,89.98399824974717,True,3,-3.273901340941663,3.273901340941663,3.273901340941663,10.718429990219619,18,5,1,Q4
R0004244,2026-02-28 18:00:00,M014,east,industrial,0,70.32889048339645,67.96351576946739,True,3,-2.3653747139290573,2.3653747139290573,2.3653747139290573,5.59499753729497,18,5,1,Q2
R0004245,2026-02-28 18:00:00,M015,north,residential,0,65.65812747288862,65.22258322608222,True,3,-0.43554424680640125,0.43554424680640125,0.43554424680640125,0.18969879092615535,18,5,1,Q2
R0004246,2026-02-28 18:00:00,M016,south,commercial,0,67.77134293554364,70.30112905109635,True,3,2.52978611555271,-2.52978611555271,2.52978611555271,6.3998177904432705,18,5,1,Q2
R0004247,2026-02-28 18:00:00,M017,east,industrial,0,51.42580218749702,44.887025259722336,True,3,-6.538776927774684,6.538776927774684,6.538776927774684,42.75560371119854,18,5,1,Q1
R0004248,2026-03-01 00:00:00,M000,north,residential,0,94.74048992277405,90.72875021393376,True,3,-4.011739708840281,4.011739708840281,4.011739708840281,16.094055491485904,0,6,1,Q4
R0004249,2026-03-01 00:00:00,M001,south,commercial,0,47.52213456419548,51.699881525796606,True,3,4.177746961601123,-4.177746961601123,4.177746961601123,17.453569675167415,0,6,1,Q1
R0004250,2026-03-01 00:00:00,M002,east,industrial,0,86.39672684500668,88.9094783520504,True,3,2.512751507043717,-2.512751507043717,2.512751507043717,6.313920136150471,0,6,1,Q3
R0004251,2026-03-01 00:00:00,M003,north,residential,0,96.85489360985504,89.27450136047307,True,3,-7.580392249381973,7.580392249381973,7.580392249381973,57.46234665449028,0,6,1,Q5
R0004252,2026-03-01 00:00:00,M004,south,commercial,0,30.95653263255367,34.99037345517408,True,3,4.033840822620409,-4.033840822620409,4.033840822620409,16.271871782238897,0,6,1,Q1
R0004253,2026-03-01 00:00:00,M005,east,industrial,0,103.72835706942114,103.5880159112592,True,3,-0.14034115816193093,0.14034115816193093,0.14034115816193093,0.019695640674232115,0,6,1,Q5
R0004254,2026-03-01 00:00:00,M006,north,residential,0,92.09016842170185,90.22537370750216,True,3,-1.8647947141996895,1.8647947141996895,1.8647947141996895,3.4774593261071014,0,6,1,Q4
R0004255,2026-03-01 00:00:00,M007,south,commercial,0,73.71434612913272,66.32903139007259,True,3,-7.385314739060135,7.385314739060135,7.385314739060135,54.54287379497887,0,6,1,Q3
R0004256,2026-03-01 00:00:00,M008,east,industrial,0,42.28336866559403,47.76641622890987,True,3,5.483047563315836,-5.483047563315836,5.483047563315836,30.063810581583724,0,6,1,Q1
R0004257,2026-03-01 00:00:00,M009,north,residential,0,74.63705849274905,70.88928922529777,True,3,-3.7477692674512753,3.7477692674512753,3.7477692674512753,14.045774482052268,0,6,1,Q3
R0004258,2026-03-01 00:00:00,M010,south,commercial,0,46.80358645926584,48.65284774124461,True,3,1.8492612819787695,-1.8492612819787695,1.8492612819787695,3.419767289025762,0,6,1,Q1
R0004259,2026-03-01 00:00:00,M011,east,industrial,0,98.42286242189232,94.26968419783164,True,3,-4.153178224060682,4.153178224060682,4.153178224060682,17.248889360811837,0,6,1,Q5
R0004260,2026-03-01 00:00:00,M012,north,residential,0,96.93578762065832,88.49249234341782,True,3,-8.443295277240495,8.443295277240495,8.443295277240495,71.28923513867164,0,6,1,Q5
R0004261,2026-03-01 00:00:00,M013,south,commercial,0,70.90779593232033,79.43984716430835,True,3,8.53205123198802,-8.53205123198802,8.53205123198802,72.7958982252683,0,6,1,Q2
R0004262,2026-03-01 00:00:00,M014,east,industrial,0,72.89129764235477,68.46188199286344,True,3,-4.429415649491332,4.429415649491332,4.429415649491332,19.61972299595872,0,6,1,Q3
R0004263,2026-03-01 00:00:00,M015,north,residential,0,70.1984959491817,65.29685345301874,True,3,-4.901642496162964,4.901642496162964,4.901642496162964,24.026099160190693,0,6,1,Q2
R0004264,2026-03-01 00:00:00,M016,south,commercial,0,53.74753905177387,53.02331233668124,True,3,-0.7242267150926267,0.7242267150926267,0.7242267150926267,0.5245043348538567,0,6,1,Q1
R0004265,2026-03-01 00:00:00,M017,east,industrial,0,44.73061304660044,44.40476973178205,True,3,-0.32584331481839257,0.32584331481839257,0.32584331481839257,0.10617386581183809,0,6,1,Q1
R0004266,2026-03-01 06:00:00,M000,north,residential,0,92.26857313429625,91.4395036085481,True,3,-0.8290695257481531,0.8290695257481531,0.8290695257481531,0.6873562785242674,6,6,1,Q4
R0004267,2026-03-01 06:00:00,M001,south,commercial,0,49.35033146936347,56.35458481631039,True,3,7.004253346946925,-7.004253346946925,7.004253346946925,49.0595649482172,6,6,1,Q1
R0004268,2026-03-01 06:00:00,M002,east,industrial,0,98.26497883898551,89.79801188088689,True,3,-8.466966958098624,8.466966958098624,8.466966958098624,71.68952946953387,6,6,1,Q5
R0004269,2026-03-01 06:00:00,M003,north,residential,0,95.42739313192848,90.83017143307852,True,3,-4.597221698849964,4.597221698849964,4.597221698849964,21.13444734837695,6,6,1,Q4
R0004270,2026-03-01 06:00:00,M004,south,commercial,0,33.88840248456879,30.90267668410132,True,3,-2.985725800467474,2.985725800467474,2.985725800467474,8.91455855557714,6,6,1,Q1
R0004271,2026-03-01 06:00:00,M005,east,industrial,0,112.55476309357334,103.14142774298344,True,3,-9.413335350589904,9.413335350589904,9.413335350589904,88.61088242266554,6,6,1,Q5
R0004272,2026-03-01 06:00:00,M006,north,residential,0,97.690053205818,89.22142005799418,True,3,-8.468633147823823,8.468633147823823,8.468633147823823,71.71774739242043,6,6,1,Q5
R0004273,2026-03-01 06:00:00,M007,south,commercial,0,67.85209921300962,64.06157060640696,True,3,-3.7905286066026633,3.7905286066026633,3.7905286066026633,14.368107117473128,6,6,1,Q2
R0004274,2026-03-01 06:00:00,M008,east,industrial,0,53.781759685889135,49.88039532423784,True,3,-3.9013643616512965,3.9013643616512965,3.9013643616512965,15.220643882362829,6,6,1,Q1
R0004275,2026-03-01 06:00:00,M009,north,residential,0,80.98443511074693,70.35458558797406,True,3,-10.629849522772872,10.629849522772872,10.629849522772872,112.99370087679466,6,6,1,Q3
R0004276,2026-03-01 06:00:00,M010,south,commercial,0,47.79611429347986,51.9689752137466,True,3,4.172860920266743,-4.172860920266743,4.172860920266743,17.412768259889408,6,6,1,Q1
R0004277,2026-03-01 06:00:00,M011,east,industrial,0,104.7808472858056,97.07222429760957,True,3,-7.708622988196041,7.708622988196041,7.708622988196041,59.42286837414446,6,6,1,Q5
R0004278,2026-03-01 06:00:00,M012,north,residential,0,92.59141654777656,88.54875474060536,True,3,-4.0426618071712,4.0426618071712,4.0426618071712,16.34311448716071,6,6,1,Q4
R0004279,2026-03-01 06:00:00,M013,south,commercial,0,75.57372035796287,79.01820011301719,True,3,3.444479755054317,-3.444479755054317,3.444479755054317,11.864440782979049,6,6,1,Q3
R0004280,2026-03-01 06:00:00,M014,east,industrial,0,71.84895849604956,67.26698429121053,True,3,-4.581974204839028,4.581974204839028,4.581974204839028,20.994487613810243,6,6,1,Q3
R0004281,2026-03-01 06:00:00,M015,north,residential,0,65.44199204568571,65.54805407343719,True,3,0.10606202775147722,-0.10606202775147722,0.10606202775147722,0.011249153730755123,6,6,1,Q2
R0004282,2026-03-01 06:00:00,M016,south,commercial,0,52.78071079803191,52.40893735759139,True,3,-0.37177344044052063,0.37177344044052063,0.37177344044052063,0.13821549101698133,6,6,1,Q1
R0004283,2026-03-01 06:00:00,M017,east,industrial,0,42.96590819439066,44.057903787883184,True,3,1.091995593492527,-1.091995593492527,1.091995593492527,1.1924543762070963,6,6,1,Q1
R0004284,2026-03-01 12:00:00,M000,north,residential,0,92.60621645324318,90.15960752860586,True,3,-2.4466089246373173,2.4466089246373173,2.4466089246373173,5.98589523011497,12,6,1,Q4
R0004285,2026-03-01 12:00:00,M001,south,commercial,0,64.71192889428757,61.93617007011522,True,3,-2.7757588241723496,2.7757588241723496,2.7757588241723496,7.704837049970665,12,6,1,Q2
R0004286,2026-03-01 12:00:00,M002,east,industrial,0,94.02918026497944,90.3224956267532,True,3,-3.7066846382262497,3.7066846382262497,3.7066846382262497,13.739511007262463,12,6,1,Q4
R0004287,2026-03-01 12:00:00,M003,north,residential,0,87.306805774746,87.49006956037225,True,3,0.18326378562625223,-0.18326378562625223,0.18326378562625223,0.033585615122064934,12,6,1,Q4
R0004288,2026-03-01 12:00:00,M004,south,commercial,0,57.14433024343458,49.60132983461386,True,3,-7.543000408820724,7.543000408820724,7.543000408820724,56.89685516746961,12,6,1,Q2
R0004289,2026-03-01 12:00:00,M005,east,industrial,0,111.5352325991369,102.84928710855856,True,3,-8.685945490578348,8.685945490578348,8.685945490578348,75.44564906529834,12,6,1,Q5
R0004290,2026-03-01 12:00:00,M006,north,residential,0,92.05884106149163,87.36067172035779,True,3,-4.698169341133848,4.698169341133848,4.698169341133848,22.07279515797006,12,6,1,Q4
R0004291,2026-03-01 12:00:00,M007,south,commercial,0,86.56871879014075,82.91112360200987,True,3,-3.657595188130884,3.657595188130884,3.657595188130884,13.378002560238196,12,6,1,Q3
R0004292,2026-03-01 12:00:00,M008,east,industrial,0,53.70996567219985,48.11932287658757,True,3,-5.590642795612283,5.590642795612283,5.590642795612283,31.25528686813152,12,6,1,Q1
R0004293,2026-03-01 12:00:00,M009,north,residential,0,66.34271986644939,66.23138271023252,True,3,-0.11133715621686235,0.11133715621686235,0.11133715621686235,0.012395962354458012,12,6,1,Q2
R0004294,2026-03-01 12:00:00,M010,south,commercial,0,66.48335063997465,66.09846734084789,True,3,-0.3848832991267557,0.3848832991267557,0.3848832991267557,0.14813515394669569,12,6,1,Q2
R0004295,2026-03-01 12:00:00,M011,east,industrial,0,106.49055482670536,99.304857135586,True,3,-7.185697691119358,7.185697691119358,7.185697691119358,51.63425130815808,12,6,1,Q5
R0004296,2026-03-01 12:00:00,M012,north,residential,0,90.4730695247092,87.145721913469,True,3,-3.3273476112401994,3.3273476112401994,3.3273476112401994,11.071242126025862,12,6,1,Q4
R0004297,2026-03-01 12:00:00,M013,south,commercial,0,95.9323658920539,86.932733422868,True,3,-8.999632469185897,8.999632469185897,8.999632469185897,80.99338458042506,12,6,1,Q4
R0004298,2026-03-01 12:00:00,M014,east,industrial,0,76.88457367686043,67.75614114893284,True,3,-9.128432527927586,9.128432527927586,9.128432527927586,83.32828041692642,12,6,1,Q3
R0004299,2026-03-01 12:00:00,M015,north,residential,0,60.35145473296964,57.25059236868971,True,3,-3.1008623642799336,3.1008623642799336,3.1008623642799336,9.615347402207739,12,6,1,Q2
R0004300,2026-03-01 12:00:00,M016,south,commercial,0,71.10724334338612,69.26506694332642,True,3,-1.8421764000596994,1.8421764000596994,1.8421764000596994,3.3936138889369136,12,6,1,Q2
R0004301,2026-03-01 12:00:00,M017,east,industrial,0,49.99539973440457,43.61323859276771,True,3,-6.382161141636864,6.382161141636864,6.382161141636864,40.731980837819556,12,6,1,Q1
R0004302,2026-03-01 18:00:00,M000,north,residential,0,103.8251887804046,95.73830475644696,True,3,-8.086884023957637,8.086884023957637,8.086884023957637,65.39769321694126,18,6,1,Q5
R0004303,2026-03-01 18:00:00,M001,south,commercial,0,65.36511010152422,66.89162295712944,True,3,1.526512855605219,-1.526512855605219,1.526512855605219,2.330241498328,18,6,1,Q2
R0004304,2026-03-01 18:00:00,M002,east,industrial,0,94.54258606426124,90.54482860095558,True,3,-3.9977574633056605,3.9977574633056605,3.9977574633056605,15.98206473541611,18,6,1,Q4
R0004305,2026-03-01 18:00:00,M003,north,residential,0,96.40561637814947,86.57455649350314,True,3,-9.831059884646336,9.831059884646336,9.831059884646336,96.64973845550244,18,6,1,Q5
R0004306,2026-03-01 18:00:00,M004,south,commercial,0,47.56696812931325,48.69535076208422,True,3,1.1283826327709647,-1.1283826327709647,1.1283826327709647,1.273247365939134,18,6,1,Q1
R0004307,2026-03-01 18:00:00,M005,east,industrial,0,107.32392009703088,102.89573707838888,True,3,-4.428183018642002,4.428183018642002,4.428183018642002,19.608804846589397,18,6,1,Q5
R0004308,2026-03-01 18:00:00,M006,north,residential,0,93.65180606048575,91.88646291350214,True,3,-1.7653431469836107,1.7653431469836107,1.7653431469836107,3.1164364266019984,18,6,1,Q4
R0004309,2026-03-01 18:00:00,M007,south,commercial,0,89.92056728900737,83.25463752085368,True,3,-6.665929768153688,6.665929768153688,6.665929768153688,44.434619673957485,18,6,1,Q4
R0004310,2026-03-01 18:00:00,M008,east,industrial,0,45.67787721115474,48.05413662066005,True,3,2.376259409505316,-2.376259409505316,2.376259409505316,5.646608781262553,18,6,1,Q1
R0004311,2026-03-01 18:00:00,M009,north,residential,0,76.77235942334232,75.34125388292819,True,3,-1.431105540414137,1.431105540414137,1.431105540414137,2.0480630678040392,18,6,1,Q3
R0004312,2026-03-01 18:00:00,M010,south,commercial,0,65.11396487720364,66.40616174757136,True,3,1.292196870367718,-1.292196870367718,1.292196870367718,1.6697727517881251,18,6,1,Q2
R0004313,2026-03-01 18:00:00,M011,east,industrial,0,104.05217923935936,96.33857658223955,True,3,-7.713602657119807,7.713602657119807,7.713602657119807,59.49966595192575,18,6,1,Q5
R0004314,2026-03-01 18:00:00,M012,north,residential,0,92.89038931035856,92.10895119813202,True,3,-0.7814381122265388,0.7814381122265388,0.7814381122265388,0.6106455232401766,18,6,1,Q4
R0004315,2026-03-01 18:00:00,M013,south,commercial,0,92.34770421765808,91.94134761362028,True,3,-0.4063566040377964,0.4063566040377964,0.4063566040377964,0.16512568964513044,18,6,1,Q4
R0004316,2026-03-01 18:00:00,M014,east,industrial,0,70.52546077894398,67.30012963655011,True,3,-3.2253311423938698,3.2253311423938698,3.2253311423938698,10.402760978095746,18,6,1,Q2
R0004317,2026-03-01 18:00:00,M015,north,residential,0,66.7335414729618,62.650487857519245,True,3,-4.083053615442559,4.083053615442559,4.083053615442559,16.67132682657855,18,6,1,Q2
R0004318,2026-03-01 18:00:00,M016,south,commercial,0,72.88118493636824,68.02248015584486,True,3,-4.858704780523382,4.858704780523382,4.858704780523382,23.60701214428077,18,6,1,Q3
R0004319,2026-03-01 18:00:00,M017,east,industrial,0,43.3263265718504,44.14521583138061,True,3,0.8188892595302093,-0.8188892595302093,0.8188892595302093,0.6705796193739345,18,6,1,Q1
